
AT90CAN_SHB.elf:     file format elf32-avr

Sections:
Idx Name          Size      VMA       LMA       File off  Algn
  0 .data         00000018  00800100  00001338  000013cc  2**0
                  CONTENTS, ALLOC, LOAD, DATA
  1 .text         00001338  00000000  00000000  00000094  2**1
                  CONTENTS, ALLOC, LOAD, READONLY, CODE
  2 .bss          00000054  00800118  00800118  000013e4  2**0
                  ALLOC
  3 .comment      00000030  00000000  00000000  000013e4  2**0
                  CONTENTS, READONLY
  4 .note.gnu.avr.deviceinfo 0000003c  00000000  00000000  00001414  2**2
                  CONTENTS, READONLY
  5 .debug_aranges 00000160  00000000  00000000  00001450  2**0
                  CONTENTS, READONLY, DEBUGGING
  6 .debug_info   000015aa  00000000  00000000  000015b0  2**0
                  CONTENTS, READONLY, DEBUGGING
  7 .debug_abbrev 00000e9a  00000000  00000000  00002b5a  2**0
                  CONTENTS, READONLY, DEBUGGING
  8 .debug_line   000019eb  00000000  00000000  000039f4  2**0
                  CONTENTS, READONLY, DEBUGGING
  9 .debug_frame  000003f8  00000000  00000000  000053e0  2**2
                  CONTENTS, READONLY, DEBUGGING
 10 .debug_str    000090dc  00000000  00000000  000057d8  2**0
                  CONTENTS, READONLY, DEBUGGING
 11 .debug_loc    00000737  00000000  00000000  0000e8b4  2**0
                  CONTENTS, READONLY, DEBUGGING
 12 .debug_ranges 000000f0  00000000  00000000  0000efeb  2**0
                  CONTENTS, READONLY, DEBUGGING
 13 .debug_macro  00003ba7  00000000  00000000  0000f0db  2**0
                  CONTENTS, READONLY, DEBUGGING

Disassembly of section .text:

00000000 <__vectors>:
       0:	76 c0       	rjmp	.+236    	; 0xee <__ctors_end>
       2:	00 00       	nop
       4:	90 c0       	rjmp	.+288    	; 0x126 <__bad_interrupt>
       6:	00 00       	nop
       8:	8e c0       	rjmp	.+284    	; 0x126 <__bad_interrupt>
       a:	00 00       	nop
       c:	8c c0       	rjmp	.+280    	; 0x126 <__bad_interrupt>
       e:	00 00       	nop
      10:	8a c0       	rjmp	.+276    	; 0x126 <__bad_interrupt>
      12:	00 00       	nop
      14:	88 c0       	rjmp	.+272    	; 0x126 <__bad_interrupt>
      16:	00 00       	nop
      18:	86 c0       	rjmp	.+268    	; 0x126 <__bad_interrupt>
      1a:	00 00       	nop
      1c:	84 c0       	rjmp	.+264    	; 0x126 <__bad_interrupt>
      1e:	00 00       	nop
      20:	82 c0       	rjmp	.+260    	; 0x126 <__bad_interrupt>
      22:	00 00       	nop
      24:	80 c0       	rjmp	.+256    	; 0x126 <__bad_interrupt>
      26:	00 00       	nop
      28:	7e c0       	rjmp	.+252    	; 0x126 <__bad_interrupt>
      2a:	00 00       	nop
      2c:	7c c0       	rjmp	.+248    	; 0x126 <__bad_interrupt>
      2e:	00 00       	nop
      30:	7a c0       	rjmp	.+244    	; 0x126 <__bad_interrupt>
      32:	00 00       	nop
      34:	78 c0       	rjmp	.+240    	; 0x126 <__bad_interrupt>
      36:	00 00       	nop
      38:	76 c0       	rjmp	.+236    	; 0x126 <__bad_interrupt>
      3a:	00 00       	nop
      3c:	74 c0       	rjmp	.+232    	; 0x126 <__bad_interrupt>
      3e:	00 00       	nop
      40:	7f c5       	rjmp	.+2814   	; 0xb40 <__vector_16>
      42:	00 00       	nop
      44:	70 c0       	rjmp	.+224    	; 0x126 <__bad_interrupt>
      46:	00 00       	nop
      48:	6e c0       	rjmp	.+220    	; 0x126 <__bad_interrupt>
      4a:	00 00       	nop
      4c:	6c c0       	rjmp	.+216    	; 0x126 <__bad_interrupt>
      4e:	00 00       	nop
      50:	6a c0       	rjmp	.+212    	; 0x126 <__bad_interrupt>
      52:	00 00       	nop
      54:	68 c0       	rjmp	.+208    	; 0x126 <__bad_interrupt>
      56:	00 00       	nop
      58:	66 c0       	rjmp	.+204    	; 0x126 <__bad_interrupt>
      5a:	00 00       	nop
      5c:	64 c0       	rjmp	.+200    	; 0x126 <__bad_interrupt>
      5e:	00 00       	nop
      60:	62 c0       	rjmp	.+196    	; 0x126 <__bad_interrupt>
      62:	00 00       	nop
      64:	8e c0       	rjmp	.+284    	; 0x182 <__vector_25>
      66:	00 00       	nop
      68:	5e c0       	rjmp	.+188    	; 0x126 <__bad_interrupt>
      6a:	00 00       	nop
      6c:	5c c0       	rjmp	.+184    	; 0x126 <__bad_interrupt>
      6e:	00 00       	nop
      70:	5a c0       	rjmp	.+180    	; 0x126 <__bad_interrupt>
      72:	00 00       	nop
      74:	58 c0       	rjmp	.+176    	; 0x126 <__bad_interrupt>
      76:	00 00       	nop
      78:	56 c0       	rjmp	.+172    	; 0x126 <__bad_interrupt>
      7a:	00 00       	nop
      7c:	54 c0       	rjmp	.+168    	; 0x126 <__bad_interrupt>
      7e:	00 00       	nop
      80:	52 c0       	rjmp	.+164    	; 0x126 <__bad_interrupt>
      82:	00 00       	nop
      84:	50 c0       	rjmp	.+160    	; 0x126 <__bad_interrupt>
      86:	00 00       	nop
      88:	4e c0       	rjmp	.+156    	; 0x126 <__bad_interrupt>
      8a:	00 00       	nop
      8c:	4c c0       	rjmp	.+152    	; 0x126 <__bad_interrupt>
      8e:	00 00       	nop
      90:	4a c0       	rjmp	.+148    	; 0x126 <__bad_interrupt>
      92:	00 00       	nop
      94:	08 00       	.word	0x0008	; ????
      96:	00 00       	nop
      98:	be 92       	st	-X, r11
      9a:	24 49       	sbci	r18, 0x94	; 148
      9c:	12 3e       	cpi	r17, 0xE2	; 226
      9e:	ab aa       	std	Y+51, r10	; 0x33
      a0:	aa 2a       	or	r10, r26
      a2:	be cd       	rjmp	.-1156   	; 0xfffffc20 <__eeprom_end+0xff7efc20>
      a4:	cc cc       	rjmp	.-1640   	; 0xfffffa3e <__eeprom_end+0xff7efa3e>
      a6:	4c 3e       	cpi	r20, 0xEC	; 236
      a8:	00 00       	nop
      aa:	00 80       	ld	r0, Z
      ac:	be ab       	std	Y+54, r27	; 0x36
      ae:	aa aa       	std	Y+50, r10	; 0x32
      b0:	aa 3e       	cpi	r26, 0xEA	; 234
      b2:	00 00       	nop
      b4:	00 00       	nop
      b6:	bf 00       	.word	0x00bf	; ????
      b8:	00 00       	nop
      ba:	80 3f       	cpi	r24, 0xF0	; 240
      bc:	00 00       	nop
      be:	00 00       	nop
      c0:	00 08       	sbc	r0, r0
      c2:	41 78       	andi	r20, 0x81	; 129
      c4:	d3 bb       	out	0x13, r29	; 19
      c6:	43 87       	std	Z+11, r20	; 0x0b
      c8:	d1 13       	cpse	r29, r17
      ca:	3d 19       	sub	r19, r13
      cc:	0e 3c       	cpi	r16, 0xCE	; 206
      ce:	c3 bd       	out	0x23, r28	; 35
      d0:	42 82       	std	Z+2, r4	; 0x02
      d2:	ad 2b       	or	r26, r29
      d4:	3e 68       	ori	r19, 0x8E	; 142
      d6:	ec 82       	std	Y+4, r14	; 0x04
      d8:	76 be       	out	0x36, r7	; 54
      da:	d9 8f       	std	Y+25, r29	; 0x19
      dc:	e1 a9       	ldd	r30, Z+49	; 0x31
      de:	3e 4c       	sbci	r19, 0xCE	; 206
      e0:	80 ef       	ldi	r24, 0xF0	; 240
      e2:	ff be       	out	0x3f, r15	; 63
      e4:	01 c4       	rjmp	.+2050   	; 0x8e8 <__EEPROM_REGION_LENGTH__+0xe8>
      e6:	ff 7f       	andi	r31, 0xFF	; 255
      e8:	3f 00       	.word	0x003f	; ????
      ea:	00 00       	nop
	...

000000ee <__ctors_end>:
      ee:	11 24       	eor	r1, r1
      f0:	1f be       	out	0x3f, r1	; 63
      f2:	cf ef       	ldi	r28, 0xFF	; 255
      f4:	d0 e1       	ldi	r29, 0x10	; 16
      f6:	de bf       	out	0x3e, r29	; 62
      f8:	cd bf       	out	0x3d, r28	; 61

000000fa <__do_copy_data>:
      fa:	11 e0       	ldi	r17, 0x01	; 1
      fc:	a0 e0       	ldi	r26, 0x00	; 0
      fe:	b1 e0       	ldi	r27, 0x01	; 1
     100:	e8 e3       	ldi	r30, 0x38	; 56
     102:	f3 e1       	ldi	r31, 0x13	; 19
     104:	02 c0       	rjmp	.+4      	; 0x10a <__do_copy_data+0x10>
     106:	05 90       	lpm	r0, Z+
     108:	0d 92       	st	X+, r0
     10a:	a8 31       	cpi	r26, 0x18	; 24
     10c:	b1 07       	cpc	r27, r17
     10e:	d9 f7       	brne	.-10     	; 0x106 <__do_copy_data+0xc>

00000110 <__do_clear_bss>:
     110:	21 e0       	ldi	r18, 0x01	; 1
     112:	a8 e1       	ldi	r26, 0x18	; 24
     114:	b1 e0       	ldi	r27, 0x01	; 1
     116:	01 c0       	rjmp	.+2      	; 0x11a <.do_clear_bss_start>

00000118 <.do_clear_bss_loop>:
     118:	1d 92       	st	X+, r1

0000011a <.do_clear_bss_start>:
     11a:	ac 36       	cpi	r26, 0x6C	; 108
     11c:	b2 07       	cpc	r27, r18
     11e:	e1 f7       	brne	.-8      	; 0x118 <.do_clear_bss_loop>
     120:	10 d2       	rcall	.+1056   	; 0x542 <main>
     122:	0c 94 9a 09 	jmp	0x1334	; 0x1334 <_exit>

00000126 <__bad_interrupt>:
     126:	6c cf       	rjmp	.-296    	; 0x0 <__vectors>

00000128 <adc_config>:
uint8_t adc_next = 0;



void adc_config()
{
     128:	cf 93       	push	r28
     12a:	df 93       	push	r29
     12c:	cd b7       	in	r28, 0x3d	; 61
     12e:	de b7       	in	r29, 0x3e	; 62
	//AREF = AVCC, PF0
	ADMUX = (1<<REFS0) | (1<<MUX0);
     130:	8c e7       	ldi	r24, 0x7C	; 124
     132:	90 e0       	ldi	r25, 0x00	; 0
     134:	21 e4       	ldi	r18, 0x41	; 65
     136:	fc 01       	movw	r30, r24
     138:	20 83       	st	Z, r18
	//ADC Enable, /16, Interrupt Enable
	ADCSRA = (1<<ADEN) | (1<<ADPS2) | (0<<ADPS1) | (0<<ADPS0) | (1<<ADIE);
     13a:	8a e7       	ldi	r24, 0x7A	; 122
     13c:	90 e0       	ldi	r25, 0x00	; 0
     13e:	2c e8       	ldi	r18, 0x8C	; 140
     140:	fc 01       	movw	r30, r24
     142:	20 83       	st	Z, r18
	//Start Conversion
	ADCSRA |= (1<<ADSC);
     144:	8a e7       	ldi	r24, 0x7A	; 122
     146:	90 e0       	ldi	r25, 0x00	; 0
     148:	2a e7       	ldi	r18, 0x7A	; 122
     14a:	30 e0       	ldi	r19, 0x00	; 0
     14c:	f9 01       	movw	r30, r18
     14e:	20 81       	ld	r18, Z
     150:	20 64       	ori	r18, 0x40	; 64
     152:	fc 01       	movw	r30, r24
     154:	20 83       	st	Z, r18
}
     156:	00 00       	nop
     158:	df 91       	pop	r29
     15a:	cf 91       	pop	r28
     15c:	08 95       	ret

0000015e <adc_start_conversion>:

void adc_start_conversion()
{
     15e:	cf 93       	push	r28
     160:	df 93       	push	r29
     162:	cd b7       	in	r28, 0x3d	; 61
     164:	de b7       	in	r29, 0x3e	; 62
	//start next conversion with same config
	ADCSRA = (1<<ADEN) | (1<<ADPS2) | (0<<ADPS1) | (1<<ADPS0) | (1<<ADIE) | (1<<ADSC); //prescaler to 16
     166:	8a e7       	ldi	r24, 0x7A	; 122
     168:	90 e0       	ldi	r25, 0x00	; 0
     16a:	2d ec       	ldi	r18, 0xCD	; 205
     16c:	fc 01       	movw	r30, r24
     16e:	20 83       	st	Z, r18
	//!!! Currently we have to Start the conversion manually with ADSC=1. Normally SMCR should auto trigger the conversion but as of now it does not work. neither do we know if the uC goes into Noise reduction mode
	SMCR = (1<<SM0)|(0<<SM1)|(0<<SM2); //enable ADC noise reduction mode and starts the conversion
     170:	83 e5       	ldi	r24, 0x53	; 83
     172:	90 e0       	ldi	r25, 0x00	; 0
     174:	22 e0       	ldi	r18, 0x02	; 2
     176:	fc 01       	movw	r30, r24
     178:	20 83       	st	Z, r18
}
     17a:	00 00       	nop
     17c:	df 91       	pop	r29
     17e:	cf 91       	pop	r28
     180:	08 95       	ret

00000182 <__vector_25>:


ISR(ADC_vect){
     182:	1f 92       	push	r1
     184:	0f 92       	push	r0
     186:	00 90 5f 00 	lds	r0, 0x005F	; 0x80005f <__TEXT_REGION_LENGTH__+0x7f005f>
     18a:	0f 92       	push	r0
     18c:	11 24       	eor	r1, r1
     18e:	2f 93       	push	r18
     190:	3f 93       	push	r19
     192:	8f 93       	push	r24
     194:	9f 93       	push	r25
     196:	ef 93       	push	r30
     198:	ff 93       	push	r31
     19a:	cf 93       	push	r28
     19c:	df 93       	push	r29
     19e:	cd b7       	in	r28, 0x3d	; 61
     1a0:	de b7       	in	r29, 0x3e	; 62
	
	// store ADC result
	adc_values[adc_next] = ADC;
     1a2:	80 91 18 01 	lds	r24, 0x0118	; 0x800118 <__data_end>
     1a6:	88 2f       	mov	r24, r24
     1a8:	90 e0       	ldi	r25, 0x00	; 0
     1aa:	28 e7       	ldi	r18, 0x78	; 120
     1ac:	30 e0       	ldi	r19, 0x00	; 0
     1ae:	f9 01       	movw	r30, r18
     1b0:	20 81       	ld	r18, Z
     1b2:	31 81       	ldd	r19, Z+1	; 0x01
     1b4:	88 0f       	add	r24, r24
     1b6:	99 1f       	adc	r25, r25
     1b8:	89 5c       	subi	r24, 0xC9	; 201
     1ba:	9e 4f       	sbci	r25, 0xFE	; 254
     1bc:	fc 01       	movw	r30, r24
     1be:	31 83       	std	Z+1, r19	; 0x01
     1c0:	20 83       	st	Z, r18
	adc_next++;
     1c2:	80 91 18 01 	lds	r24, 0x0118	; 0x800118 <__data_end>
     1c6:	8f 5f       	subi	r24, 0xFF	; 255
     1c8:	80 93 18 01 	sts	0x0118, r24	; 0x800118 <__data_end>
	
	// reset index var
	if(adc_next == ADCVALUES){
     1cc:	80 91 18 01 	lds	r24, 0x0118	; 0x800118 <__data_end>
     1d0:	87 30       	cpi	r24, 0x07	; 7
     1d2:	11 f4       	brne	.+4      	; 0x1d8 <__vector_25+0x56>
		adc_next = 0;
     1d4:	10 92 18 01 	sts	0x0118, r1	; 0x800118 <__data_end>
	}
	// select other ADC Input
	ADMUX = (1<<REFS0) | adc_next;
     1d8:	8c e7       	ldi	r24, 0x7C	; 124
     1da:	90 e0       	ldi	r25, 0x00	; 0
     1dc:	20 91 18 01 	lds	r18, 0x0118	; 0x800118 <__data_end>
     1e0:	20 64       	ori	r18, 0x40	; 64
     1e2:	fc 01       	movw	r30, r24
     1e4:	20 83       	st	Z, r18
	
}
     1e6:	00 00       	nop
     1e8:	df 91       	pop	r29
     1ea:	cf 91       	pop	r28
     1ec:	ff 91       	pop	r31
     1ee:	ef 91       	pop	r30
     1f0:	9f 91       	pop	r25
     1f2:	8f 91       	pop	r24
     1f4:	3f 91       	pop	r19
     1f6:	2f 91       	pop	r18
     1f8:	0f 90       	pop	r0
     1fa:	00 92 5f 00 	sts	0x005F, r0	; 0x80005f <__TEXT_REGION_LENGTH__+0x7f005f>
     1fe:	0f 90       	pop	r0
     200:	1f 90       	pop	r1
     202:	18 95       	reti

00000204 <adc_get>:

// getter for each adc var
uint16_t adc_get(uint8_t adc)
{
     204:	cf 93       	push	r28
     206:	df 93       	push	r29
     208:	1f 92       	push	r1
     20a:	cd b7       	in	r28, 0x3d	; 61
     20c:	de b7       	in	r29, 0x3e	; 62
     20e:	89 83       	std	Y+1, r24	; 0x01
	return adc_values[adc];
     210:	89 81       	ldd	r24, Y+1	; 0x01
     212:	88 2f       	mov	r24, r24
     214:	90 e0       	ldi	r25, 0x00	; 0
     216:	88 0f       	add	r24, r24
     218:	99 1f       	adc	r25, r25
     21a:	89 5c       	subi	r24, 0xC9	; 201
     21c:	9e 4f       	sbci	r25, 0xFE	; 254
     21e:	fc 01       	movw	r30, r24
     220:	80 81       	ld	r24, Z
     222:	91 81       	ldd	r25, Z+1	; 0x01
     224:	0f 90       	pop	r0
     226:	df 91       	pop	r29
     228:	cf 91       	pop	r28
     22a:	08 95       	ret

0000022c <CAN_Init_Messages>:

struct CAN_MOB can_SensorHubB0_mob;
struct CAN_MOB can_SensorHubB1_mob;
struct CAN_MOB can_SensorHubB2_mob;

void CAN_Init_Messages(void){
     22c:	cf 93       	push	r28
     22e:	df 93       	push	r29
     230:	cd b7       	in	r28, 0x3d	; 61
     232:	de b7       	in	r29, 0x3e	; 62
	
	can_SensorHubB0_mob.mob_id = 0x410;
     234:	80 e1       	ldi	r24, 0x10	; 16
     236:	94 e0       	ldi	r25, 0x04	; 4
     238:	90 93 60 01 	sts	0x0160, r25	; 0x800160 <can_SensorHubB0_mob+0x1>
     23c:	80 93 5f 01 	sts	0x015F, r24	; 0x80015f <can_SensorHubB0_mob>
	can_SensorHubB0_mob.mob_idmask = 0xFFFF; //sent
     240:	8f ef       	ldi	r24, 0xFF	; 255
     242:	9f ef       	ldi	r25, 0xFF	; 255
     244:	90 93 62 01 	sts	0x0162, r25	; 0x800162 <can_SensorHubB0_mob+0x3>
     248:	80 93 61 01 	sts	0x0161, r24	; 0x800161 <can_SensorHubB0_mob+0x2>
	can_SensorHubB0_mob.mob_number = 0;
     24c:	10 92 63 01 	sts	0x0163, r1	; 0x800163 <can_SensorHubB0_mob+0x4>

	can_SensorHubB1_mob.mob_id = 0x411;
     250:	81 e1       	ldi	r24, 0x11	; 17
     252:	94 e0       	ldi	r25, 0x04	; 4
     254:	90 93 5b 01 	sts	0x015B, r25	; 0x80015b <can_SensorHubB1_mob+0x1>
     258:	80 93 5a 01 	sts	0x015A, r24	; 0x80015a <can_SensorHubB1_mob>
	can_SensorHubB1_mob.mob_idmask = 0xFFFF; //sent
     25c:	8f ef       	ldi	r24, 0xFF	; 255
     25e:	9f ef       	ldi	r25, 0xFF	; 255
     260:	90 93 5d 01 	sts	0x015D, r25	; 0x80015d <can_SensorHubB1_mob+0x3>
     264:	80 93 5c 01 	sts	0x015C, r24	; 0x80015c <can_SensorHubB1_mob+0x2>
	can_SensorHubB1_mob.mob_number = 1;
     268:	81 e0       	ldi	r24, 0x01	; 1
     26a:	80 93 5e 01 	sts	0x015E, r24	; 0x80015e <can_SensorHubB1_mob+0x4>
	
	can_SensorHubB2_mob.mob_id = 0x412;
     26e:	82 e1       	ldi	r24, 0x12	; 18
     270:	94 e0       	ldi	r25, 0x04	; 4
     272:	90 93 56 01 	sts	0x0156, r25	; 0x800156 <can_SensorHubB2_mob+0x1>
     276:	80 93 55 01 	sts	0x0155, r24	; 0x800155 <can_SensorHubB2_mob>
	can_SensorHubB2_mob.mob_idmask = 0xFFFF; //sent
     27a:	8f ef       	ldi	r24, 0xFF	; 255
     27c:	9f ef       	ldi	r25, 0xFF	; 255
     27e:	90 93 58 01 	sts	0x0158, r25	; 0x800158 <can_SensorHubB2_mob+0x3>
     282:	80 93 57 01 	sts	0x0157, r24	; 0x800157 <can_SensorHubB2_mob+0x2>
	can_SensorHubB2_mob.mob_number = 2;
     286:	82 e0       	ldi	r24, 0x02	; 2
     288:	80 93 59 01 	sts	0x0159, r24	; 0x800159 <can_SensorHubB2_mob+0x4>
	
     28c:	00 00       	nop
     28e:	df 91       	pop	r29
     290:	cf 91       	pop	r28
     292:	08 95       	ret

00000294 <can_check_free>:
		CANPAGE = (to_receive->mob_number << MOBNB0) | (1 << AINC) | byte;
		data[byte] = CANMSG;
	}
	
	
}
     294:	cf 93       	push	r28
     296:	df 93       	push	r29
     298:	00 d0       	rcall	.+0      	; 0x29a <can_check_free+0x6>
     29a:	cd b7       	in	r28, 0x3d	; 61
     29c:	de b7       	in	r29, 0x3e	; 62
     29e:	8a 83       	std	Y+2, r24	; 0x02
     2a0:	19 82       	std	Y+1, r1	; 0x01
     2a2:	8a 81       	ldd	r24, Y+2	; 0x02
     2a4:	88 30       	cpi	r24, 0x08	; 8
     2a6:	c0 f0       	brcs	.+48     	; 0x2d8 <can_check_free+0x44>
     2a8:	8d ed       	ldi	r24, 0xDD	; 221
     2aa:	90 e0       	ldi	r25, 0x00	; 0
     2ac:	fc 01       	movw	r30, r24
     2ae:	80 81       	ld	r24, Z
     2b0:	88 2f       	mov	r24, r24
     2b2:	90 e0       	ldi	r25, 0x00	; 0
     2b4:	2a 81       	ldd	r18, Y+2	; 0x02
     2b6:	22 2f       	mov	r18, r18
     2b8:	30 e0       	ldi	r19, 0x00	; 0
     2ba:	28 50       	subi	r18, 0x08	; 8
     2bc:	31 09       	sbc	r19, r1
     2be:	02 c0       	rjmp	.+4      	; 0x2c4 <can_check_free+0x30>
     2c0:	95 95       	asr	r25
     2c2:	87 95       	ror	r24
     2c4:	2a 95       	dec	r18
     2c6:	e2 f7       	brpl	.-8      	; 0x2c0 <can_check_free+0x2c>
     2c8:	81 70       	andi	r24, 0x01	; 1
     2ca:	99 27       	eor	r25, r25
     2cc:	21 e0       	ldi	r18, 0x01	; 1
     2ce:	89 2b       	or	r24, r25
     2d0:	09 f0       	breq	.+2      	; 0x2d4 <can_check_free+0x40>
     2d2:	20 e0       	ldi	r18, 0x00	; 0
     2d4:	29 83       	std	Y+1, r18	; 0x01
     2d6:	15 c0       	rjmp	.+42     	; 0x302 <can_check_free+0x6e>
     2d8:	8c ed       	ldi	r24, 0xDC	; 220
     2da:	90 e0       	ldi	r25, 0x00	; 0
     2dc:	fc 01       	movw	r30, r24
     2de:	80 81       	ld	r24, Z
     2e0:	88 2f       	mov	r24, r24
     2e2:	90 e0       	ldi	r25, 0x00	; 0
     2e4:	2a 81       	ldd	r18, Y+2	; 0x02
     2e6:	22 2f       	mov	r18, r18
     2e8:	30 e0       	ldi	r19, 0x00	; 0
     2ea:	02 c0       	rjmp	.+4      	; 0x2f0 <can_check_free+0x5c>
     2ec:	95 95       	asr	r25
     2ee:	87 95       	ror	r24
     2f0:	2a 95       	dec	r18
     2f2:	e2 f7       	brpl	.-8      	; 0x2ec <can_check_free+0x58>
     2f4:	81 70       	andi	r24, 0x01	; 1
     2f6:	99 27       	eor	r25, r25
     2f8:	21 e0       	ldi	r18, 0x01	; 1
     2fa:	89 2b       	or	r24, r25
     2fc:	09 f0       	breq	.+2      	; 0x300 <can_check_free+0x6c>
     2fe:	20 e0       	ldi	r18, 0x00	; 0
     300:	29 83       	std	Y+1, r18	; 0x01
     302:	89 81       	ldd	r24, Y+1	; 0x01
     304:	0f 90       	pop	r0
     306:	0f 90       	pop	r0
     308:	df 91       	pop	r29
     30a:	cf 91       	pop	r28
     30c:	08 95       	ret

0000030e <can_cfg>:
     30e:	cf 93       	push	r28
     310:	df 93       	push	r29
     312:	00 d0       	rcall	.+0      	; 0x314 <can_cfg+0x6>
     314:	cd b7       	in	r28, 0x3d	; 61
     316:	de b7       	in	r29, 0x3e	; 62
     318:	88 ed       	ldi	r24, 0xD8	; 216
     31a:	90 e0       	ldi	r25, 0x00	; 0
     31c:	fc 01       	movw	r30, r24
     31e:	10 82       	st	Z, r1
     320:	19 82       	std	Y+1, r1	; 0x01
     322:	56 c0       	rjmp	.+172    	; 0x3d0 <can_cfg+0xc2>
     324:	8d ee       	ldi	r24, 0xED	; 237
     326:	90 e0       	ldi	r25, 0x00	; 0
     328:	29 81       	ldd	r18, Y+1	; 0x01
     32a:	22 2f       	mov	r18, r18
     32c:	30 e0       	ldi	r19, 0x00	; 0
     32e:	22 95       	swap	r18
     330:	32 95       	swap	r19
     332:	30 7f       	andi	r19, 0xF0	; 240
     334:	32 27       	eor	r19, r18
     336:	20 7f       	andi	r18, 0xF0	; 240
     338:	32 27       	eor	r19, r18
     33a:	28 60       	ori	r18, 0x08	; 8
     33c:	fc 01       	movw	r30, r24
     33e:	20 83       	st	Z, r18
     340:	8e ee       	ldi	r24, 0xEE	; 238
     342:	90 e0       	ldi	r25, 0x00	; 0
     344:	fc 01       	movw	r30, r24
     346:	10 82       	st	Z, r1
     348:	8f ee       	ldi	r24, 0xEF	; 239
     34a:	90 e0       	ldi	r25, 0x00	; 0
     34c:	fc 01       	movw	r30, r24
     34e:	10 82       	st	Z, r1
     350:	80 ef       	ldi	r24, 0xF0	; 240
     352:	90 e0       	ldi	r25, 0x00	; 0
     354:	fc 01       	movw	r30, r24
     356:	10 82       	st	Z, r1
     358:	81 ef       	ldi	r24, 0xF1	; 241
     35a:	90 e0       	ldi	r25, 0x00	; 0
     35c:	fc 01       	movw	r30, r24
     35e:	10 82       	st	Z, r1
     360:	82 ef       	ldi	r24, 0xF2	; 242
     362:	90 e0       	ldi	r25, 0x00	; 0
     364:	fc 01       	movw	r30, r24
     366:	10 82       	st	Z, r1
     368:	83 ef       	ldi	r24, 0xF3	; 243
     36a:	90 e0       	ldi	r25, 0x00	; 0
     36c:	fc 01       	movw	r30, r24
     36e:	10 82       	st	Z, r1
     370:	84 ef       	ldi	r24, 0xF4	; 244
     372:	90 e0       	ldi	r25, 0x00	; 0
     374:	fc 01       	movw	r30, r24
     376:	10 82       	st	Z, r1
     378:	85 ef       	ldi	r24, 0xF5	; 245
     37a:	90 e0       	ldi	r25, 0x00	; 0
     37c:	fc 01       	movw	r30, r24
     37e:	10 82       	st	Z, r1
     380:	86 ef       	ldi	r24, 0xF6	; 246
     382:	90 e0       	ldi	r25, 0x00	; 0
     384:	fc 01       	movw	r30, r24
     386:	10 82       	st	Z, r1
     388:	87 ef       	ldi	r24, 0xF7	; 247
     38a:	90 e0       	ldi	r25, 0x00	; 0
     38c:	fc 01       	movw	r30, r24
     38e:	10 82       	st	Z, r1
     390:	1a 82       	std	Y+2, r1	; 0x02
     392:	18 c0       	rjmp	.+48     	; 0x3c4 <can_cfg+0xb6>
     394:	8d ee       	ldi	r24, 0xED	; 237
     396:	90 e0       	ldi	r25, 0x00	; 0
     398:	29 81       	ldd	r18, Y+1	; 0x01
     39a:	22 2f       	mov	r18, r18
     39c:	30 e0       	ldi	r19, 0x00	; 0
     39e:	22 95       	swap	r18
     3a0:	32 95       	swap	r19
     3a2:	30 7f       	andi	r19, 0xF0	; 240
     3a4:	32 27       	eor	r19, r18
     3a6:	20 7f       	andi	r18, 0xF0	; 240
     3a8:	32 27       	eor	r19, r18
     3aa:	32 2f       	mov	r19, r18
     3ac:	2a 81       	ldd	r18, Y+2	; 0x02
     3ae:	23 2b       	or	r18, r19
     3b0:	28 60       	ori	r18, 0x08	; 8
     3b2:	fc 01       	movw	r30, r24
     3b4:	20 83       	st	Z, r18
     3b6:	8a ef       	ldi	r24, 0xFA	; 250
     3b8:	90 e0       	ldi	r25, 0x00	; 0
     3ba:	fc 01       	movw	r30, r24
     3bc:	10 82       	st	Z, r1
     3be:	8a 81       	ldd	r24, Y+2	; 0x02
     3c0:	8f 5f       	subi	r24, 0xFF	; 255
     3c2:	8a 83       	std	Y+2, r24	; 0x02
     3c4:	8a 81       	ldd	r24, Y+2	; 0x02
     3c6:	88 30       	cpi	r24, 0x08	; 8
     3c8:	28 f3       	brcs	.-54     	; 0x394 <can_cfg+0x86>
     3ca:	89 81       	ldd	r24, Y+1	; 0x01
     3cc:	8f 5f       	subi	r24, 0xFF	; 255
     3ce:	89 83       	std	Y+1, r24	; 0x01
     3d0:	89 81       	ldd	r24, Y+1	; 0x01
     3d2:	8f 30       	cpi	r24, 0x0F	; 15
     3d4:	08 f4       	brcc	.+2      	; 0x3d8 <can_cfg+0xca>
     3d6:	a6 cf       	rjmp	.-180    	; 0x324 <can_cfg+0x16>
     3d8:	82 ee       	ldi	r24, 0xE2	; 226
     3da:	90 e0       	ldi	r25, 0x00	; 0
     3dc:	22 e0       	ldi	r18, 0x02	; 2
     3de:	fc 01       	movw	r30, r24
     3e0:	20 83       	st	Z, r18
     3e2:	83 ee       	ldi	r24, 0xE3	; 227
     3e4:	90 e0       	ldi	r25, 0x00	; 0
     3e6:	2c e0       	ldi	r18, 0x0C	; 12
     3e8:	fc 01       	movw	r30, r24
     3ea:	20 83       	st	Z, r18
     3ec:	84 ee       	ldi	r24, 0xE4	; 228
     3ee:	90 e0       	ldi	r25, 0x00	; 0
     3f0:	27 e3       	ldi	r18, 0x37	; 55
     3f2:	fc 01       	movw	r30, r24
     3f4:	20 83       	st	Z, r18
     3f6:	8b ed       	ldi	r24, 0xDB	; 219
     3f8:	90 e0       	ldi	r25, 0x00	; 0
     3fa:	fc 01       	movw	r30, r24
     3fc:	10 82       	st	Z, r1
     3fe:	88 ed       	ldi	r24, 0xD8	; 216
     400:	90 e0       	ldi	r25, 0x00	; 0
     402:	28 ed       	ldi	r18, 0xD8	; 216
     404:	30 e0       	ldi	r19, 0x00	; 0
     406:	f9 01       	movw	r30, r18
     408:	20 81       	ld	r18, Z
     40a:	22 60       	ori	r18, 0x02	; 2
     40c:	fc 01       	movw	r30, r24
     40e:	20 83       	st	Z, r18
     410:	00 00       	nop
     412:	0f 90       	pop	r0
     414:	0f 90       	pop	r0
     416:	df 91       	pop	r29
     418:	cf 91       	pop	r28
     41a:	08 95       	ret

0000041c <can_tx>:
void can_tx(struct CAN_MOB *to_send, uint8_t *data){
     41c:	cf 93       	push	r28
     41e:	df 93       	push	r29
     420:	00 d0       	rcall	.+0      	; 0x422 <can_tx+0x6>
     422:	00 d0       	rcall	.+0      	; 0x424 <can_tx+0x8>
     424:	1f 92       	push	r1
     426:	cd b7       	in	r28, 0x3d	; 61
     428:	de b7       	in	r29, 0x3e	; 62
     42a:	9b 83       	std	Y+3, r25	; 0x03
     42c:	8a 83       	std	Y+2, r24	; 0x02
     42e:	7d 83       	std	Y+5, r23	; 0x05
     430:	6c 83       	std	Y+4, r22	; 0x04
	
	for(uint8_t byte = 0; byte <8; byte++){
     432:	19 82       	std	Y+1, r1	; 0x01
     434:	24 c0       	rjmp	.+72     	; 0x47e <can_tx+0x62>
		CANPAGE = (to_send->mob_number << MOBNB0) | (1 << AINC) | byte;
     436:	8d ee       	ldi	r24, 0xED	; 237
     438:	90 e0       	ldi	r25, 0x00	; 0
     43a:	2a 81       	ldd	r18, Y+2	; 0x02
     43c:	3b 81       	ldd	r19, Y+3	; 0x03
     43e:	f9 01       	movw	r30, r18
     440:	24 81       	ldd	r18, Z+4	; 0x04
     442:	22 2f       	mov	r18, r18
     444:	30 e0       	ldi	r19, 0x00	; 0
     446:	22 95       	swap	r18
     448:	32 95       	swap	r19
     44a:	30 7f       	andi	r19, 0xF0	; 240
     44c:	32 27       	eor	r19, r18
     44e:	20 7f       	andi	r18, 0xF0	; 240
     450:	32 27       	eor	r19, r18
     452:	32 2f       	mov	r19, r18
     454:	29 81       	ldd	r18, Y+1	; 0x01
     456:	23 2b       	or	r18, r19
     458:	28 60       	ori	r18, 0x08	; 8
     45a:	fc 01       	movw	r30, r24
     45c:	20 83       	st	Z, r18
		CANMSG = data[byte];
     45e:	8a ef       	ldi	r24, 0xFA	; 250
     460:	90 e0       	ldi	r25, 0x00	; 0
     462:	29 81       	ldd	r18, Y+1	; 0x01
     464:	22 2f       	mov	r18, r18
     466:	30 e0       	ldi	r19, 0x00	; 0
     468:	4c 81       	ldd	r20, Y+4	; 0x04
     46a:	5d 81       	ldd	r21, Y+5	; 0x05
     46c:	24 0f       	add	r18, r20
     46e:	35 1f       	adc	r19, r21
     470:	f9 01       	movw	r30, r18
     472:	20 81       	ld	r18, Z
     474:	fc 01       	movw	r30, r24
     476:	20 83       	st	Z, r18
	
	
}
void can_tx(struct CAN_MOB *to_send, uint8_t *data){
	
	for(uint8_t byte = 0; byte <8; byte++){
     478:	89 81       	ldd	r24, Y+1	; 0x01
     47a:	8f 5f       	subi	r24, 0xFF	; 255
     47c:	89 83       	std	Y+1, r24	; 0x01
     47e:	89 81       	ldd	r24, Y+1	; 0x01
     480:	88 30       	cpi	r24, 0x08	; 8
     482:	c8 f2       	brcs	.-78     	; 0x436 <can_tx+0x1a>
		CANPAGE = (to_send->mob_number << MOBNB0) | (1 << AINC) | byte;
		CANMSG = data[byte];
	}
	
	CANPAGE = to_send->mob_number << MOBNB0;
     484:	8d ee       	ldi	r24, 0xED	; 237
     486:	90 e0       	ldi	r25, 0x00	; 0
     488:	2a 81       	ldd	r18, Y+2	; 0x02
     48a:	3b 81       	ldd	r19, Y+3	; 0x03
     48c:	f9 01       	movw	r30, r18
     48e:	24 81       	ldd	r18, Z+4	; 0x04
     490:	22 95       	swap	r18
     492:	20 7f       	andi	r18, 0xF0	; 240
     494:	fc 01       	movw	r30, r24
     496:	20 83       	st	Z, r18
	if (can_check_free(to_send->mob_number)){
     498:	8a 81       	ldd	r24, Y+2	; 0x02
     49a:	9b 81       	ldd	r25, Y+3	; 0x03
     49c:	fc 01       	movw	r30, r24
     49e:	84 81       	ldd	r24, Z+4	; 0x04
     4a0:	f9 de       	rcall	.-526    	; 0x294 <can_check_free>
     4a2:	88 23       	and	r24, r24
     4a4:	09 f4       	brne	.+2      	; 0x4a8 <can_tx+0x8c>
     4a6:	44 c0       	rjmp	.+136    	; 0x530 <can_tx+0x114>
		CANSTMOB = 0;
     4a8:	8e ee       	ldi	r24, 0xEE	; 238
     4aa:	90 e0       	ldi	r25, 0x00	; 0
     4ac:	fc 01       	movw	r30, r24
     4ae:	10 82       	st	Z, r1
		CANIDT1 = to_send->mob_id>>3;
     4b0:	83 ef       	ldi	r24, 0xF3	; 243
     4b2:	90 e0       	ldi	r25, 0x00	; 0
     4b4:	2a 81       	ldd	r18, Y+2	; 0x02
     4b6:	3b 81       	ldd	r19, Y+3	; 0x03
     4b8:	f9 01       	movw	r30, r18
     4ba:	20 81       	ld	r18, Z
     4bc:	31 81       	ldd	r19, Z+1	; 0x01
     4be:	36 95       	lsr	r19
     4c0:	27 95       	ror	r18
     4c2:	36 95       	lsr	r19
     4c4:	27 95       	ror	r18
     4c6:	36 95       	lsr	r19
     4c8:	27 95       	ror	r18
     4ca:	fc 01       	movw	r30, r24
     4cc:	20 83       	st	Z, r18
		CANIDT2 = (to_send->mob_id << 5) & 0b11100000;
     4ce:	82 ef       	ldi	r24, 0xF2	; 242
     4d0:	90 e0       	ldi	r25, 0x00	; 0
     4d2:	2a 81       	ldd	r18, Y+2	; 0x02
     4d4:	3b 81       	ldd	r19, Y+3	; 0x03
     4d6:	f9 01       	movw	r30, r18
     4d8:	20 81       	ld	r18, Z
     4da:	31 81       	ldd	r19, Z+1	; 0x01
     4dc:	22 95       	swap	r18
     4de:	22 0f       	add	r18, r18
     4e0:	20 7e       	andi	r18, 0xE0	; 224
     4e2:	fc 01       	movw	r30, r24
     4e4:	20 83       	st	Z, r18
		CANIDT3 = 0;
     4e6:	81 ef       	ldi	r24, 0xF1	; 241
     4e8:	90 e0       	ldi	r25, 0x00	; 0
     4ea:	fc 01       	movw	r30, r24
     4ec:	10 82       	st	Z, r1
		CANIDT4 = 0;
     4ee:	80 ef       	ldi	r24, 0xF0	; 240
     4f0:	90 e0       	ldi	r25, 0x00	; 0
     4f2:	fc 01       	movw	r30, r24
     4f4:	10 82       	st	Z, r1
		CANIDM1 = 0; //0b11111111;
     4f6:	87 ef       	ldi	r24, 0xF7	; 247
     4f8:	90 e0       	ldi	r25, 0x00	; 0
     4fa:	fc 01       	movw	r30, r24
     4fc:	10 82       	st	Z, r1
		CANIDM2 = 0; //0b11100000;
     4fe:	86 ef       	ldi	r24, 0xF6	; 246
     500:	90 e0       	ldi	r25, 0x00	; 0
     502:	fc 01       	movw	r30, r24
     504:	10 82       	st	Z, r1
		CANIDM3 = 0;
     506:	85 ef       	ldi	r24, 0xF5	; 245
     508:	90 e0       	ldi	r25, 0x00	; 0
     50a:	fc 01       	movw	r30, r24
     50c:	10 82       	st	Z, r1
		CANIDM4 = 0;
     50e:	84 ef       	ldi	r24, 0xF4	; 244
     510:	90 e0       	ldi	r25, 0x00	; 0
     512:	fc 01       	movw	r30, r24
     514:	10 82       	st	Z, r1
		CANSTMOB = 0;
     516:	8e ee       	ldi	r24, 0xEE	; 238
     518:	90 e0       	ldi	r25, 0x00	; 0
     51a:	fc 01       	movw	r30, r24
     51c:	10 82       	st	Z, r1
		CANCDMOB = (1<<CONMOB0) | 1 << DLC3;
     51e:	8f ee       	ldi	r24, 0xEF	; 239
     520:	90 e0       	ldi	r25, 0x00	; 0
     522:	28 e4       	ldi	r18, 0x48	; 72
     524:	fc 01       	movw	r30, r24
     526:	20 83       	st	Z, r18
		CANSTMOB = 0;
     528:	8e ee       	ldi	r24, 0xEE	; 238
     52a:	90 e0       	ldi	r25, 0x00	; 0
     52c:	fc 01       	movw	r30, r24
     52e:	10 82       	st	Z, r1
	}
	
     530:	00 00       	nop
     532:	0f 90       	pop	r0
     534:	0f 90       	pop	r0
     536:	0f 90       	pop	r0
     538:	0f 90       	pop	r0
     53a:	0f 90       	pop	r0
     53c:	df 91       	pop	r29
     53e:	cf 91       	pop	r28
     540:	08 95       	ret

00000542 <main>:
extern struct CAN_MOB can_SensorHubB1_mob;
extern struct CAN_MOB can_SensorHubB2_mob;


int main(void)
{
     542:	ef 92       	push	r14
     544:	ff 92       	push	r15
     546:	0f 93       	push	r16
     548:	1f 93       	push	r17
     54a:	cf 93       	push	r28
     54c:	df 93       	push	r29
     54e:	cd b7       	in	r28, 0x3d	; 61
     550:	de b7       	in	r29, 0x3e	; 62
     552:	a6 97       	sbiw	r28, 0x26	; 38
     554:	0f b6       	in	r0, 0x3f	; 63
     556:	f8 94       	cli
     558:	de bf       	out	0x3e, r29	; 62
     55a:	0f be       	out	0x3f, r0	; 63
     55c:	cd bf       	out	0x3d, r28	; 61
	port_config();
     55e:	ad d2       	rcall	.+1370   	; 0xaba <port_config>
    sys_timer_config();
     560:	c6 d2       	rcall	.+1420   	; 0xaee <sys_timer_config>
	adc_config(); //CHECK WHICH ADC INPUTS CORRESPOND WITH WHAT DATABYTE WE SEND
     562:	e2 dd       	rcall	.-1084   	; 0x128 <adc_config>
	SPI_MasterInit();
     564:	50 d4       	rcall	.+2208   	; 0xe06 <SPI_MasterInit>
     566:	d3 de       	rcall	.-602    	; 0x30e <can_cfg>
	can_cfg();
     568:	61 de       	rcall	.-830    	; 0x22c <CAN_Init_Messages>
     56a:	80 e1       	ldi	r24, 0x10	; 16
	CAN_Init_Messages();
     56c:	94 e0       	ldi	r25, 0x04	; 4
     56e:	9e 87       	std	Y+14, r25	; 0x0e
	
	struct CAN_MOB can_SensorHubB0_mob;
	can_SensorHubB0_mob.mob_id = 0x410;
     570:	8d 87       	std	Y+13, r24	; 0x0d
     572:	8f ef       	ldi	r24, 0xFF	; 255
     574:	9f ef       	ldi	r25, 0xFF	; 255
     576:	98 8b       	std	Y+16, r25	; 0x10
	can_SensorHubB0_mob.mob_idmask = 0xFFFF;//sent
     578:	8f 87       	std	Y+15, r24	; 0x0f
     57a:	19 8a       	std	Y+17, r1	; 0x11
     57c:	28 e0       	ldi	r18, 0x08	; 8
     57e:	ce 01       	movw	r24, r28
	can_SensorHubB0_mob.mob_number = 0;
     580:	42 96       	adiw	r24, 0x12	; 18
	uint8_t SensorHubB0_databytes[8] = {0};
     582:	fc 01       	movw	r30, r24
     584:	e2 2e       	mov	r14, r18
     586:	11 92       	st	Z+, r1
     588:	ea 94       	dec	r14
     58a:	e9 f7       	brne	.-6      	; 0x586 <main+0x44>
     58c:	81 e1       	ldi	r24, 0x11	; 17
     58e:	94 e0       	ldi	r25, 0x04	; 4
     590:	9b 8f       	std	Y+27, r25	; 0x1b
		
	struct CAN_MOB can_SensorHubB1_mob;
	can_SensorHubB1_mob.mob_id = 0x411;
     592:	8a 8f       	std	Y+26, r24	; 0x1a
     594:	8f ef       	ldi	r24, 0xFF	; 255
     596:	9f ef       	ldi	r25, 0xFF	; 255
     598:	9d 8f       	std	Y+29, r25	; 0x1d
	can_SensorHubB1_mob.mob_idmask = 0xFFFF;//sent
     59a:	8c 8f       	std	Y+28, r24	; 0x1c
     59c:	81 e0       	ldi	r24, 0x01	; 1
     59e:	8e 8f       	std	Y+30, r24	; 0x1e
     5a0:	28 e0       	ldi	r18, 0x08	; 8
	can_SensorHubB1_mob.mob_number = 1;
     5a2:	ce 01       	movw	r24, r28
     5a4:	4f 96       	adiw	r24, 0x1f	; 31
	uint8_t SensorHubB1_databytes[8] = {0};
     5a6:	fc 01       	movw	r30, r24
     5a8:	e2 2e       	mov	r14, r18
     5aa:	11 92       	st	Z+, r1
     5ac:	ea 94       	dec	r14
     5ae:	e9 f7       	brne	.-6      	; 0x5aa <main+0x68>
     5b0:	78 94       	sei
     5b2:	20 91 33 01 	lds	r18, 0x0133	; 0x800133 <sys_time>
	//can_SensorHubB2_mob.mob_id = 0x412;
	//can_SensorHubB2_mob.mob_idmask = 0xFFFF;//sent
	//can_SensorHubB2_mob.mob_number = 2;
	//uint8_t SensorHubB2_databytes[8] = {0};
	
	sei();	
     5b6:	30 91 34 01 	lds	r19, 0x0134	; 0x800134 <sys_time+0x1>
	
	//	SUPERLOOP STARTS HERE
	
    while (1) 
    {
		if(TIME_PASSED_1_MS)
     5ba:	40 91 35 01 	lds	r20, 0x0135	; 0x800135 <sys_time+0x2>
     5be:	50 91 36 01 	lds	r21, 0x0136	; 0x800136 <sys_time+0x3>
     5c2:	80 91 19 01 	lds	r24, 0x0119	; 0x800119 <time_1ms>
     5c6:	90 91 1a 01 	lds	r25, 0x011A	; 0x80011a <time_1ms+0x1>
     5ca:	a0 91 1b 01 	lds	r26, 0x011B	; 0x80011b <time_1ms+0x2>
     5ce:	b0 91 1c 01 	lds	r27, 0x011C	; 0x80011c <time_1ms+0x3>
     5d2:	28 17       	cp	r18, r24
     5d4:	39 07       	cpc	r19, r25
     5d6:	4a 07       	cpc	r20, r26
     5d8:	5b 07       	cpc	r21, r27
     5da:	89 f0       	breq	.+34     	; 0x5fe <main+0xbc>
     5dc:	80 91 33 01 	lds	r24, 0x0133	; 0x800133 <sys_time>
     5e0:	90 91 34 01 	lds	r25, 0x0134	; 0x800134 <sys_time+0x1>
		{
			time_1ms = sys_time;
     5e4:	a0 91 35 01 	lds	r26, 0x0135	; 0x800135 <sys_time+0x2>
     5e8:	b0 91 36 01 	lds	r27, 0x0136	; 0x800136 <sys_time+0x3>
     5ec:	80 93 19 01 	sts	0x0119, r24	; 0x800119 <time_1ms>
     5f0:	90 93 1a 01 	sts	0x011A, r25	; 0x80011a <time_1ms+0x1>
     5f4:	a0 93 1b 01 	sts	0x011B, r26	; 0x80011b <time_1ms+0x2>
     5f8:	b0 93 1c 01 	sts	0x011C, r27	; 0x80011c <time_1ms+0x3>
     5fc:	b0 dd       	rcall	.-1184   	; 0x15e <adc_start_conversion>
     5fe:	20 91 33 01 	lds	r18, 0x0133	; 0x800133 <sys_time>
			adc_start_conversion();
     602:	30 91 34 01 	lds	r19, 0x0134	; 0x800134 <sys_time+0x1>
			
		} // end of 1ms
		
		if(TIME_PASSED_10_MS)
     606:	40 91 35 01 	lds	r20, 0x0135	; 0x800135 <sys_time+0x2>
     60a:	50 91 36 01 	lds	r21, 0x0136	; 0x800136 <sys_time+0x3>
     60e:	80 91 1d 01 	lds	r24, 0x011D	; 0x80011d <time_10ms>
     612:	90 91 1e 01 	lds	r25, 0x011E	; 0x80011e <time_10ms+0x1>
     616:	a0 91 1f 01 	lds	r26, 0x011F	; 0x80011f <time_10ms+0x2>
     61a:	b0 91 20 01 	lds	r27, 0x0120	; 0x800120 <time_10ms+0x3>
     61e:	79 01       	movw	r14, r18
     620:	8a 01       	movw	r16, r20
     622:	e8 1a       	sub	r14, r24
     624:	f9 0a       	sbc	r15, r25
     626:	0a 0b       	sbc	r16, r26
     628:	1b 0b       	sbc	r17, r27
     62a:	d8 01       	movw	r26, r16
     62c:	c7 01       	movw	r24, r14
     62e:	0a 97       	sbiw	r24, 0x0a	; 10
     630:	a1 05       	cpc	r26, r1
     632:	b1 05       	cpc	r27, r1
     634:	80 f0       	brcs	.+32     	; 0x656 <main+0x114>
     636:	80 91 33 01 	lds	r24, 0x0133	; 0x800133 <sys_time>
     63a:	90 91 34 01 	lds	r25, 0x0134	; 0x800134 <sys_time+0x1>
		{
 			time_10ms = sys_time;
     63e:	a0 91 35 01 	lds	r26, 0x0135	; 0x800135 <sys_time+0x2>
     642:	b0 91 36 01 	lds	r27, 0x0136	; 0x800136 <sys_time+0x3>
     646:	80 93 1d 01 	sts	0x011D, r24	; 0x80011d <time_10ms>
     64a:	90 93 1e 01 	sts	0x011E, r25	; 0x80011e <time_10ms+0x1>
     64e:	a0 93 1f 01 	sts	0x011F, r26	; 0x80011f <time_10ms+0x2>
     652:	b0 93 20 01 	sts	0x0120, r27	; 0x800120 <time_10ms+0x3>
     656:	20 91 33 01 	lds	r18, 0x0133	; 0x800133 <sys_time>
     65a:	30 91 34 01 	lds	r19, 0x0134	; 0x800134 <sys_time+0x1>
			
		} // end of 10ms

		if (TIME_PASSED_100_MS)
     65e:	40 91 35 01 	lds	r20, 0x0135	; 0x800135 <sys_time+0x2>
     662:	50 91 36 01 	lds	r21, 0x0136	; 0x800136 <sys_time+0x3>
     666:	80 91 21 01 	lds	r24, 0x0121	; 0x800121 <time_100ms>
     66a:	90 91 22 01 	lds	r25, 0x0122	; 0x800122 <time_100ms+0x1>
     66e:	a0 91 23 01 	lds	r26, 0x0123	; 0x800123 <time_100ms+0x2>
     672:	b0 91 24 01 	lds	r27, 0x0124	; 0x800124 <time_100ms+0x3>
     676:	79 01       	movw	r14, r18
     678:	8a 01       	movw	r16, r20
     67a:	e8 1a       	sub	r14, r24
     67c:	f9 0a       	sbc	r15, r25
     67e:	0a 0b       	sbc	r16, r26
     680:	1b 0b       	sbc	r17, r27
     682:	d8 01       	movw	r26, r16
     684:	c7 01       	movw	r24, r14
     686:	84 36       	cpi	r24, 0x64	; 100
     688:	91 05       	cpc	r25, r1
     68a:	a1 05       	cpc	r26, r1
     68c:	b1 05       	cpc	r27, r1
     68e:	08 f4       	brcc	.+2      	; 0x692 <main+0x150>
     690:	86 c1       	rjmp	.+780    	; 0x99e <__EEPROM_REGION_LENGTH__+0x19e>
     692:	80 91 33 01 	lds	r24, 0x0133	; 0x800133 <sys_time>
     696:	90 91 34 01 	lds	r25, 0x0134	; 0x800134 <sys_time+0x1>
		{
			time_100ms = sys_time;
     69a:	a0 91 35 01 	lds	r26, 0x0135	; 0x800135 <sys_time+0x2>
     69e:	b0 91 36 01 	lds	r27, 0x0136	; 0x800136 <sys_time+0x3>
     6a2:	80 93 21 01 	sts	0x0121, r24	; 0x800121 <time_100ms>
     6a6:	90 93 22 01 	sts	0x0122, r25	; 0x800122 <time_100ms+0x1>
     6aa:	a0 93 23 01 	sts	0x0123, r26	; 0x800123 <time_100ms+0x2>
     6ae:	b0 93 24 01 	sts	0x0124, r27	; 0x800124 <time_100ms+0x3>
     6b2:	80 91 29 01 	lds	r24, 0x0129	; 0x800129 <switchi>
     6b6:	88 23       	and	r24, r24
			
			//wheelspeed left
			if (switchi == 0){
     6b8:	19 f5       	brne	.+70     	; 0x700 <main+0x1be>
     6ba:	8e e2       	ldi	r24, 0x2E	; 46
     6bc:	90 e0       	ldi	r25, 0x00	; 0
     6be:	2e e2       	ldi	r18, 0x2E	; 46
				SS_uC_LOW();
     6c0:	30 e0       	ldi	r19, 0x00	; 0
     6c2:	f9 01       	movw	r30, r18
     6c4:	20 81       	ld	r18, Z
     6c6:	2f 7e       	andi	r18, 0xEF	; 239
     6c8:	fc 01       	movw	r30, r24
     6ca:	20 83       	st	Z, r18
     6cc:	8e e4       	ldi	r24, 0x4E	; 78
     6ce:	90 e0       	ldi	r25, 0x00	; 0
     6d0:	23 e0       	ldi	r18, 0x03	; 3
				SPDR = 0x03;
     6d2:	fc 01       	movw	r30, r24
     6d4:	20 83       	st	Z, r18
     6d6:	00 00       	nop
     6d8:	8d e4       	ldi	r24, 0x4D	; 77
     6da:	90 e0       	ldi	r25, 0x00	; 0
				while(!(SPSR & (1 << SPIF)));
     6dc:	fc 01       	movw	r30, r24
     6de:	80 81       	ld	r24, Z
     6e0:	88 23       	and	r24, r24
     6e2:	d4 f7       	brge	.-12     	; 0x6d8 <main+0x196>
     6e4:	8e e2       	ldi	r24, 0x2E	; 46
     6e6:	90 e0       	ldi	r25, 0x00	; 0
     6e8:	2e e2       	ldi	r18, 0x2E	; 46
				SS_uC_HIGH();
     6ea:	30 e0       	ldi	r19, 0x00	; 0
     6ec:	f9 01       	movw	r30, r18
     6ee:	20 81       	ld	r18, Z
     6f0:	20 61       	ori	r18, 0x10	; 16
     6f2:	fc 01       	movw	r30, r24
     6f4:	20 83       	st	Z, r18
     6f6:	80 91 29 01 	lds	r24, 0x0129	; 0x800129 <switchi>
     6fa:	8f 5f       	subi	r24, 0xFF	; 255
				switchi++;
     6fc:	80 93 29 01 	sts	0x0129, r24	; 0x800129 <switchi>
     700:	80 91 29 01 	lds	r24, 0x0129	; 0x800129 <switchi>
     704:	81 30       	cpi	r24, 0x01	; 1
			}
			if (switchi == 1){
     706:	49 f5       	brne	.+82     	; 0x75a <main+0x218>
     708:	8e e2       	ldi	r24, 0x2E	; 46
     70a:	90 e0       	ldi	r25, 0x00	; 0
     70c:	2e e2       	ldi	r18, 0x2E	; 46
				SS_uC_LOW();
     70e:	30 e0       	ldi	r19, 0x00	; 0
     710:	f9 01       	movw	r30, r18
     712:	20 81       	ld	r18, Z
     714:	2f 7e       	andi	r18, 0xEF	; 239
     716:	fc 01       	movw	r30, r24
     718:	20 83       	st	Z, r18
     71a:	8e e4       	ldi	r24, 0x4E	; 78
     71c:	90 e0       	ldi	r25, 0x00	; 0
     71e:	22 e0       	ldi	r18, 0x02	; 2
				SPDR = 0x02;
     720:	fc 01       	movw	r30, r24
     722:	20 83       	st	Z, r18
     724:	00 00       	nop
     726:	8d e4       	ldi	r24, 0x4D	; 77
     728:	90 e0       	ldi	r25, 0x00	; 0
				while(!(SPSR & (1 << SPIF)));
     72a:	fc 01       	movw	r30, r24
     72c:	80 81       	ld	r24, Z
     72e:	88 23       	and	r24, r24
     730:	d4 f7       	brge	.-12     	; 0x726 <main+0x1e4>
     732:	8e e4       	ldi	r24, 0x4E	; 78
     734:	90 e0       	ldi	r25, 0x00	; 0
     736:	fc 01       	movw	r30, r24
				wheelspeed_left_lsb = SPDR;
     738:	80 81       	ld	r24, Z
     73a:	80 93 2b 01 	sts	0x012B, r24	; 0x80012b <wheelspeed_left_lsb>
     73e:	8e e2       	ldi	r24, 0x2E	; 46
     740:	90 e0       	ldi	r25, 0x00	; 0
     742:	2e e2       	ldi	r18, 0x2E	; 46
				SS_uC_HIGH();
     744:	30 e0       	ldi	r19, 0x00	; 0
     746:	f9 01       	movw	r30, r18
     748:	20 81       	ld	r18, Z
     74a:	20 61       	ori	r18, 0x10	; 16
     74c:	fc 01       	movw	r30, r24
     74e:	20 83       	st	Z, r18
     750:	80 91 29 01 	lds	r24, 0x0129	; 0x800129 <switchi>
     754:	8f 5f       	subi	r24, 0xFF	; 255
				switchi++;
     756:	80 93 29 01 	sts	0x0129, r24	; 0x800129 <switchi>
     75a:	80 91 29 01 	lds	r24, 0x0129	; 0x800129 <switchi>
     75e:	82 30       	cpi	r24, 0x02	; 2
			}
			if(switchi == 2){
     760:	39 f5       	brne	.+78     	; 0x7b0 <main+0x26e>
     762:	8e e2       	ldi	r24, 0x2E	; 46
     764:	90 e0       	ldi	r25, 0x00	; 0
     766:	2e e2       	ldi	r18, 0x2E	; 46
				SS_uC_LOW();
     768:	30 e0       	ldi	r19, 0x00	; 0
     76a:	f9 01       	movw	r30, r18
     76c:	20 81       	ld	r18, Z
     76e:	2f 7e       	andi	r18, 0xEF	; 239
     770:	fc 01       	movw	r30, r24
     772:	20 83       	st	Z, r18
     774:	8e e4       	ldi	r24, 0x4E	; 78
     776:	90 e0       	ldi	r25, 0x00	; 0
     778:	23 e0       	ldi	r18, 0x03	; 3
				SPDR = 0x03;
     77a:	fc 01       	movw	r30, r24
     77c:	20 83       	st	Z, r18
     77e:	00 00       	nop
     780:	8d e4       	ldi	r24, 0x4D	; 77
     782:	90 e0       	ldi	r25, 0x00	; 0
				while(!(SPSR & (1 << SPIF)));
     784:	fc 01       	movw	r30, r24
     786:	80 81       	ld	r24, Z
     788:	88 23       	and	r24, r24
     78a:	d4 f7       	brge	.-12     	; 0x780 <main+0x23e>
     78c:	8e e4       	ldi	r24, 0x4E	; 78
     78e:	90 e0       	ldi	r25, 0x00	; 0
     790:	fc 01       	movw	r30, r24
				wheelspeed_left_msb = SPDR;
     792:	80 81       	ld	r24, Z
     794:	80 93 2c 01 	sts	0x012C, r24	; 0x80012c <wheelspeed_left_msb>
     798:	8e e2       	ldi	r24, 0x2E	; 46
     79a:	90 e0       	ldi	r25, 0x00	; 0
     79c:	2e e2       	ldi	r18, 0x2E	; 46
				SS_uC_HIGH();
     79e:	30 e0       	ldi	r19, 0x00	; 0
     7a0:	f9 01       	movw	r30, r18
     7a2:	20 81       	ld	r18, Z
     7a4:	20 61       	ori	r18, 0x10	; 16
     7a6:	fc 01       	movw	r30, r24
     7a8:	20 83       	st	Z, r18
     7aa:	81 e0       	ldi	r24, 0x01	; 1
     7ac:	80 93 29 01 	sts	0x0129, r24	; 0x800129 <switchi>
				switchi = 1;
     7b0:	80 91 2a 01 	lds	r24, 0x012A	; 0x80012a <switchj>
     7b4:	88 23       	and	r24, r24
			}
			
			//wheelspeed right
			if (switchj == 0){
     7b6:	19 f5       	brne	.+70     	; 0x7fe <main+0x2bc>
     7b8:	8e e2       	ldi	r24, 0x2E	; 46
     7ba:	90 e0       	ldi	r25, 0x00	; 0
     7bc:	2e e2       	ldi	r18, 0x2E	; 46
				SS_uC_LOW();
     7be:	30 e0       	ldi	r19, 0x00	; 0
     7c0:	f9 01       	movw	r30, r18
     7c2:	20 81       	ld	r18, Z
     7c4:	2f 7e       	andi	r18, 0xEF	; 239
     7c6:	fc 01       	movw	r30, r24
     7c8:	20 83       	st	Z, r18
     7ca:	8e e4       	ldi	r24, 0x4E	; 78
     7cc:	90 e0       	ldi	r25, 0x00	; 0
     7ce:	21 e0       	ldi	r18, 0x01	; 1
				SPDR = 0x01;
     7d0:	fc 01       	movw	r30, r24
     7d2:	20 83       	st	Z, r18
     7d4:	00 00       	nop
     7d6:	8d e4       	ldi	r24, 0x4D	; 77
     7d8:	90 e0       	ldi	r25, 0x00	; 0
				while(!(SPSR & (1 << SPIF)));
     7da:	fc 01       	movw	r30, r24
     7dc:	80 81       	ld	r24, Z
     7de:	88 23       	and	r24, r24
     7e0:	d4 f7       	brge	.-12     	; 0x7d6 <main+0x294>
     7e2:	8e e2       	ldi	r24, 0x2E	; 46
     7e4:	90 e0       	ldi	r25, 0x00	; 0
     7e6:	2e e2       	ldi	r18, 0x2E	; 46
				SS_uC_HIGH();
     7e8:	30 e0       	ldi	r19, 0x00	; 0
     7ea:	f9 01       	movw	r30, r18
     7ec:	20 81       	ld	r18, Z
     7ee:	20 61       	ori	r18, 0x10	; 16
     7f0:	fc 01       	movw	r30, r24
     7f2:	20 83       	st	Z, r18
     7f4:	80 91 2a 01 	lds	r24, 0x012A	; 0x80012a <switchj>
     7f8:	8f 5f       	subi	r24, 0xFF	; 255
				switchj++;
     7fa:	80 93 2a 01 	sts	0x012A, r24	; 0x80012a <switchj>
     7fe:	80 91 2a 01 	lds	r24, 0x012A	; 0x80012a <switchj>
     802:	81 30       	cpi	r24, 0x01	; 1
			}
			if (switchj == 1){
     804:	49 f5       	brne	.+82     	; 0x858 <__EEPROM_REGION_LENGTH__+0x58>
     806:	8e e2       	ldi	r24, 0x2E	; 46
     808:	90 e0       	ldi	r25, 0x00	; 0
     80a:	2e e2       	ldi	r18, 0x2E	; 46
				SS_uC_LOW();
     80c:	30 e0       	ldi	r19, 0x00	; 0
     80e:	f9 01       	movw	r30, r18
     810:	20 81       	ld	r18, Z
     812:	2f 7e       	andi	r18, 0xEF	; 239
     814:	fc 01       	movw	r30, r24
     816:	20 83       	st	Z, r18
     818:	8e e4       	ldi	r24, 0x4E	; 78
     81a:	90 e0       	ldi	r25, 0x00	; 0
     81c:	24 e0       	ldi	r18, 0x04	; 4
				SPDR = 0x04;
     81e:	fc 01       	movw	r30, r24
     820:	20 83       	st	Z, r18
     822:	00 00       	nop
     824:	8d e4       	ldi	r24, 0x4D	; 77
     826:	90 e0       	ldi	r25, 0x00	; 0
				while(!(SPSR & (1 << SPIF)));
     828:	fc 01       	movw	r30, r24
     82a:	80 81       	ld	r24, Z
     82c:	88 23       	and	r24, r24
     82e:	d4 f7       	brge	.-12     	; 0x824 <__EEPROM_REGION_LENGTH__+0x24>
     830:	8e e4       	ldi	r24, 0x4E	; 78
     832:	90 e0       	ldi	r25, 0x00	; 0
     834:	fc 01       	movw	r30, r24
				wheelspeed_right_lsb = SPDR;
     836:	80 81       	ld	r24, Z
     838:	80 93 2f 01 	sts	0x012F, r24	; 0x80012f <wheelspeed_right_lsb>
     83c:	8e e2       	ldi	r24, 0x2E	; 46
     83e:	90 e0       	ldi	r25, 0x00	; 0
     840:	2e e2       	ldi	r18, 0x2E	; 46
				SS_uC_HIGH();
     842:	30 e0       	ldi	r19, 0x00	; 0
     844:	f9 01       	movw	r30, r18
     846:	20 81       	ld	r18, Z
     848:	20 61       	ori	r18, 0x10	; 16
     84a:	fc 01       	movw	r30, r24
     84c:	20 83       	st	Z, r18
     84e:	80 91 2a 01 	lds	r24, 0x012A	; 0x80012a <switchj>
     852:	8f 5f       	subi	r24, 0xFF	; 255
				switchj++;
     854:	80 93 2a 01 	sts	0x012A, r24	; 0x80012a <switchj>
     858:	80 91 2a 01 	lds	r24, 0x012A	; 0x80012a <switchj>
     85c:	82 30       	cpi	r24, 0x02	; 2
			}
			if (switchj == 2){
     85e:	39 f5       	brne	.+78     	; 0x8ae <__EEPROM_REGION_LENGTH__+0xae>
     860:	8e e2       	ldi	r24, 0x2E	; 46
     862:	90 e0       	ldi	r25, 0x00	; 0
     864:	2e e2       	ldi	r18, 0x2E	; 46
				SS_uC_LOW();
     866:	30 e0       	ldi	r19, 0x00	; 0
     868:	f9 01       	movw	r30, r18
     86a:	20 81       	ld	r18, Z
     86c:	2f 7e       	andi	r18, 0xEF	; 239
     86e:	fc 01       	movw	r30, r24
     870:	20 83       	st	Z, r18
     872:	8e e4       	ldi	r24, 0x4E	; 78
     874:	90 e0       	ldi	r25, 0x00	; 0
     876:	21 e0       	ldi	r18, 0x01	; 1
				SPDR = 0x01;
     878:	fc 01       	movw	r30, r24
     87a:	20 83       	st	Z, r18
     87c:	00 00       	nop
     87e:	8d e4       	ldi	r24, 0x4D	; 77
     880:	90 e0       	ldi	r25, 0x00	; 0
				while(!(SPSR & (1 << SPIF)));
     882:	fc 01       	movw	r30, r24
     884:	80 81       	ld	r24, Z
     886:	88 23       	and	r24, r24
     888:	d4 f7       	brge	.-12     	; 0x87e <__EEPROM_REGION_LENGTH__+0x7e>
     88a:	8e e4       	ldi	r24, 0x4E	; 78
     88c:	90 e0       	ldi	r25, 0x00	; 0
     88e:	fc 01       	movw	r30, r24
				wheelspeed_right_msb = SPDR;
     890:	80 81       	ld	r24, Z
     892:	80 93 30 01 	sts	0x0130, r24	; 0x800130 <wheelspeed_right_msb>
     896:	8e e2       	ldi	r24, 0x2E	; 46
     898:	90 e0       	ldi	r25, 0x00	; 0
     89a:	2e e2       	ldi	r18, 0x2E	; 46
				SS_uC_HIGH();
     89c:	30 e0       	ldi	r19, 0x00	; 0
     89e:	f9 01       	movw	r30, r18
     8a0:	20 81       	ld	r18, Z
     8a2:	20 61       	ori	r18, 0x10	; 16
     8a4:	fc 01       	movw	r30, r24
     8a6:	20 83       	st	Z, r18
     8a8:	81 e0       	ldi	r24, 0x01	; 1
     8aa:	80 93 2a 01 	sts	0x012A, r24	; 0x80012a <switchj>
				switchj = 1;
     8ae:	80 91 2c 01 	lds	r24, 0x012C	; 0x80012c <wheelspeed_left_msb>
     8b2:	88 2f       	mov	r24, r24
			}
			
			//wheelspeed
			wheelspeed_left = (wheelspeed_left_msb << 8) | wheelspeed_left_lsb;
     8b4:	90 e0       	ldi	r25, 0x00	; 0
     8b6:	38 2f       	mov	r19, r24
     8b8:	22 27       	eor	r18, r18
     8ba:	80 91 2b 01 	lds	r24, 0x012B	; 0x80012b <wheelspeed_left_lsb>
     8be:	88 2f       	mov	r24, r24
     8c0:	90 e0       	ldi	r25, 0x00	; 0
     8c2:	82 2b       	or	r24, r18
     8c4:	93 2b       	or	r25, r19
     8c6:	90 93 2e 01 	sts	0x012E, r25	; 0x80012e <wheelspeed_left+0x1>
     8ca:	80 93 2d 01 	sts	0x012D, r24	; 0x80012d <wheelspeed_left>
     8ce:	80 91 30 01 	lds	r24, 0x0130	; 0x800130 <wheelspeed_right_msb>
     8d2:	88 2f       	mov	r24, r24
			wheelspeed_right = (wheelspeed_right_msb << 8) | wheelspeed_right_lsb;
     8d4:	90 e0       	ldi	r25, 0x00	; 0
     8d6:	38 2f       	mov	r19, r24
     8d8:	22 27       	eor	r18, r18
     8da:	80 91 2f 01 	lds	r24, 0x012F	; 0x80012f <wheelspeed_right_lsb>
     8de:	88 2f       	mov	r24, r24
     8e0:	90 e0       	ldi	r25, 0x00	; 0
     8e2:	82 2b       	or	r24, r18
     8e4:	93 2b       	or	r25, r19
     8e6:	90 93 32 01 	sts	0x0132, r25	; 0x800132 <wheelspeed_right+0x1>
     8ea:	80 93 31 01 	sts	0x0131, r24	; 0x800131 <wheelspeed_right>
     8ee:	84 e0       	ldi	r24, 0x04	; 4
     8f0:	89 dc       	rcall	.-1774   	; 0x204 <adc_get>
			
			// damper travel
			uint16_t federwegRL =  SPRINGTRAVEL_MAX - DAMP_MAX_FL + damper_poti((double)adc_get(4));	//adc 4
     8f2:	cc 01       	movw	r24, r24
     8f4:	a0 e0       	ldi	r26, 0x00	; 0
     8f6:	b0 e0       	ldi	r27, 0x00	; 0
     8f8:	bc 01       	movw	r22, r24
     8fa:	cd 01       	movw	r24, r26
     8fc:	b2 d3       	rcall	.+1892   	; 0x1062 <__floatunsisf>
     8fe:	dc 01       	movw	r26, r24
     900:	cb 01       	movw	r24, r22
     902:	bc 01       	movw	r22, r24
     904:	cd 01       	movw	r24, r26
     906:	3d d2       	rcall	.+1146   	; 0xd82 <damper_poti>
     908:	dc 01       	movw	r26, r24
     90a:	cb 01       	movw	r24, r22
     90c:	23 e3       	ldi	r18, 0x33	; 51
     90e:	33 eb       	ldi	r19, 0xB3	; 179
     910:	4a ef       	ldi	r20, 0xFA	; 250
     912:	52 e4       	ldi	r21, 0x42	; 66
     914:	bc 01       	movw	r22, r24
     916:	cd 01       	movw	r24, r26
     918:	ac d2       	rcall	.+1368   	; 0xe72 <__addsf3>
     91a:	dc 01       	movw	r26, r24
     91c:	cb 01       	movw	r24, r22
     91e:	bc 01       	movw	r22, r24
     920:	cd 01       	movw	r24, r26
     922:	73 d3       	rcall	.+1766   	; 0x100a <__fixunssfsi>
     924:	dc 01       	movw	r26, r24
     926:	cb 01       	movw	r24, r22
     928:	9a 87       	std	Y+10, r25	; 0x0a
     92a:	89 87       	std	Y+9, r24	; 0x09
     92c:	86 e0       	ldi	r24, 0x06	; 6
     92e:	6a dc       	rcall	.-1836   	; 0x204 <adc_get>
			uint16_t federwegRR =  SPRINGTRAVEL_MAX - DAMP_MAX_FR + damper_poti((double)adc_get(6));
     930:	cc 01       	movw	r24, r24
     932:	a0 e0       	ldi	r26, 0x00	; 0
     934:	b0 e0       	ldi	r27, 0x00	; 0
     936:	bc 01       	movw	r22, r24
     938:	cd 01       	movw	r24, r26
     93a:	93 d3       	rcall	.+1830   	; 0x1062 <__floatunsisf>
     93c:	dc 01       	movw	r26, r24
     93e:	cb 01       	movw	r24, r22
     940:	bc 01       	movw	r22, r24
     942:	cd 01       	movw	r24, r26
     944:	1e d2       	rcall	.+1084   	; 0xd82 <damper_poti>
     946:	dc 01       	movw	r26, r24
     948:	cb 01       	movw	r24, r22
     94a:	26 e6       	ldi	r18, 0x66	; 102
     94c:	36 e6       	ldi	r19, 0x66	; 102
     94e:	4c ef       	ldi	r20, 0xFC	; 252
     950:	52 e4       	ldi	r21, 0x42	; 66
     952:	bc 01       	movw	r22, r24
     954:	cd 01       	movw	r24, r26
     956:	8d d2       	rcall	.+1306   	; 0xe72 <__addsf3>
     958:	dc 01       	movw	r26, r24
     95a:	cb 01       	movw	r24, r22
     95c:	bc 01       	movw	r22, r24
     95e:	cd 01       	movw	r24, r26
     960:	54 d3       	rcall	.+1704   	; 0x100a <__fixunssfsi>
     962:	dc 01       	movw	r26, r24
     964:	cb 01       	movw	r24, r22
     966:	9c 87       	std	Y+12, r25	; 0x0c
     968:	8b 87       	std	Y+11, r24	; 0x0b
     96a:	1a 8a       	std	Y+18, r1	; 0x12
     96c:	1b 8a       	std	Y+19, r1	; 0x13
     96e:	1c 8a       	std	Y+20, r1	; 0x14
     970:	1d 8a       	std	Y+21, r1	; 0x15
			
			// CAN bus
			SensorHubB0_databytes[0]	=	0														;	//lsb 
     972:	89 85       	ldd	r24, Y+9	; 0x09
			SensorHubB0_databytes[1]	=	0														;	//msb 
     974:	8e 8b       	std	Y+22, r24	; 0x16
			SensorHubB0_databytes[2]	=	0														;	//lsb 
     976:	89 85       	ldd	r24, Y+9	; 0x09
			SensorHubB0_databytes[3]	=	0														;	//msb 
     978:	9a 85       	ldd	r25, Y+10	; 0x0a
			SensorHubB0_databytes[4]	=	federwegRL & 0xFF										;	//federwegRL & 0xFF
     97a:	89 2f       	mov	r24, r25
     97c:	99 27       	eor	r25, r25
			SensorHubB0_databytes[5]	=	federwegRL >> 8											;	//federwegRL >> 8
     97e:	8f 8b       	std	Y+23, r24	; 0x17
     980:	8b 85       	ldd	r24, Y+11	; 0x0b
     982:	88 8f       	std	Y+24, r24	; 0x18
			SensorHubB0_databytes[6]	=	federwegRR & 0xFF										;	//federwegRR & 0xFF
     984:	8b 85       	ldd	r24, Y+11	; 0x0b
     986:	9c 85       	ldd	r25, Y+12	; 0x0c
			SensorHubB0_databytes[7]	=	federwegRR >> 8											;	//federwegRR >> 8	
     988:	89 2f       	mov	r24, r25
     98a:	99 27       	eor	r25, r25
     98c:	89 8f       	std	Y+25, r24	; 0x19
     98e:	9e 01       	movw	r18, r28
     990:	2e 5e       	subi	r18, 0xEE	; 238
			
			can_tx(&can_SensorHubB0_mob, SensorHubB0_databytes);			
     992:	3f 4f       	sbci	r19, 0xFF	; 255
     994:	ce 01       	movw	r24, r28
     996:	0d 96       	adiw	r24, 0x0d	; 13
     998:	b9 01       	movw	r22, r18
     99a:	40 dd       	rcall	.-1408   	; 0x41c <can_tx>
     99c:	bf d0       	rcall	.+382    	; 0xb1c <sys_tick_heart>
     99e:	20 91 33 01 	lds	r18, 0x0133	; 0x800133 <sys_time>
			
			sys_tick_heart();
     9a2:	30 91 34 01 	lds	r19, 0x0134	; 0x800134 <sys_time+0x1>
			
		} // end of 100ms
		
		if (TIME_PASSED_200_MS)
     9a6:	40 91 35 01 	lds	r20, 0x0135	; 0x800135 <sys_time+0x2>
     9aa:	50 91 36 01 	lds	r21, 0x0136	; 0x800136 <sys_time+0x3>
     9ae:	80 91 25 01 	lds	r24, 0x0125	; 0x800125 <time_200ms>
     9b2:	90 91 26 01 	lds	r25, 0x0126	; 0x800126 <time_200ms+0x1>
     9b6:	a0 91 27 01 	lds	r26, 0x0127	; 0x800127 <time_200ms+0x2>
     9ba:	b0 91 28 01 	lds	r27, 0x0128	; 0x800128 <time_200ms+0x3>
     9be:	79 01       	movw	r14, r18
     9c0:	8a 01       	movw	r16, r20
     9c2:	e8 1a       	sub	r14, r24
     9c4:	f9 0a       	sbc	r15, r25
     9c6:	0a 0b       	sbc	r16, r26
     9c8:	1b 0b       	sbc	r17, r27
     9ca:	d8 01       	movw	r26, r16
     9cc:	c7 01       	movw	r24, r14
     9ce:	88 3c       	cpi	r24, 0xC8	; 200
     9d0:	91 05       	cpc	r25, r1
     9d2:	a1 05       	cpc	r26, r1
     9d4:	b1 05       	cpc	r27, r1
     9d6:	08 f4       	brcc	.+2      	; 0x9da <__EEPROM_REGION_LENGTH__+0x1da>
     9d8:	ec cd       	rjmp	.-1064   	; 0x5b2 <main+0x70>
     9da:	80 91 33 01 	lds	r24, 0x0133	; 0x800133 <sys_time>
     9de:	90 91 34 01 	lds	r25, 0x0134	; 0x800134 <sys_time+0x1>
		{
			time_200ms = sys_time;
     9e2:	a0 91 35 01 	lds	r26, 0x0135	; 0x800135 <sys_time+0x2>
     9e6:	b0 91 36 01 	lds	r27, 0x0136	; 0x800136 <sys_time+0x3>
     9ea:	80 93 25 01 	sts	0x0125, r24	; 0x800125 <time_200ms>
     9ee:	90 93 26 01 	sts	0x0126, r25	; 0x800126 <time_200ms+0x1>
     9f2:	a0 93 27 01 	sts	0x0127, r26	; 0x800127 <time_200ms+0x2>
     9f6:	b0 93 28 01 	sts	0x0128, r27	; 0x800128 <time_200ms+0x3>
			
			// cooling temperature
			uint16_t tempRU =  temp_calc((float)adc_get(0));
     9fa:	80 e0       	ldi	r24, 0x00	; 0
     9fc:	03 dc       	rcall	.-2042   	; 0x204 <adc_get>
     9fe:	cc 01       	movw	r24, r24
     a00:	a0 e0       	ldi	r26, 0x00	; 0
     a02:	b0 e0       	ldi	r27, 0x00	; 0
     a04:	bc 01       	movw	r22, r24
     a06:	cd 01       	movw	r24, r26
     a08:	2c d3       	rcall	.+1624   	; 0x1062 <__floatunsisf>
     a0a:	dc 01       	movw	r26, r24
     a0c:	cb 01       	movw	r24, r22
     a0e:	bc 01       	movw	r22, r24
     a10:	cd 01       	movw	r24, r26
     a12:	c4 d0       	rcall	.+392    	; 0xb9c <temp_calc>
     a14:	9a 83       	std	Y+2, r25	; 0x02
     a16:	89 83       	std	Y+1, r24	; 0x01
			uint16_t tempRD =  temp_calc((float)adc_get(1));
     a18:	81 e0       	ldi	r24, 0x01	; 1
     a1a:	f4 db       	rcall	.-2072   	; 0x204 <adc_get>
     a1c:	cc 01       	movw	r24, r24
     a1e:	a0 e0       	ldi	r26, 0x00	; 0
     a20:	b0 e0       	ldi	r27, 0x00	; 0
     a22:	bc 01       	movw	r22, r24
     a24:	cd 01       	movw	r24, r26
     a26:	1d d3       	rcall	.+1594   	; 0x1062 <__floatunsisf>
     a28:	dc 01       	movw	r26, r24
     a2a:	cb 01       	movw	r24, r22
     a2c:	bc 01       	movw	r22, r24
     a2e:	cd 01       	movw	r24, r26
     a30:	b5 d0       	rcall	.+362    	; 0xb9c <temp_calc>
     a32:	9c 83       	std	Y+4, r25	; 0x04
     a34:	8b 83       	std	Y+3, r24	; 0x03
			uint16_t tempLU =  temp_calc((float)adc_get(2));
     a36:	82 e0       	ldi	r24, 0x02	; 2
     a38:	e5 db       	rcall	.-2102   	; 0x204 <adc_get>
     a3a:	cc 01       	movw	r24, r24
     a3c:	a0 e0       	ldi	r26, 0x00	; 0
     a3e:	b0 e0       	ldi	r27, 0x00	; 0
     a40:	bc 01       	movw	r22, r24
     a42:	cd 01       	movw	r24, r26
     a44:	0e d3       	rcall	.+1564   	; 0x1062 <__floatunsisf>
     a46:	dc 01       	movw	r26, r24
     a48:	cb 01       	movw	r24, r22
     a4a:	bc 01       	movw	r22, r24
     a4c:	cd 01       	movw	r24, r26
     a4e:	a6 d0       	rcall	.+332    	; 0xb9c <temp_calc>
     a50:	9e 83       	std	Y+6, r25	; 0x06
     a52:	8d 83       	std	Y+5, r24	; 0x05
     a54:	87 e0       	ldi	r24, 0x07	; 7
     a56:	d6 db       	rcall	.-2132   	; 0x204 <adc_get>
			uint16_t tempLD =  temp_calc((float)adc_get(7));
     a58:	cc 01       	movw	r24, r24
     a5a:	a0 e0       	ldi	r26, 0x00	; 0
     a5c:	b0 e0       	ldi	r27, 0x00	; 0
     a5e:	bc 01       	movw	r22, r24
     a60:	cd 01       	movw	r24, r26
     a62:	ff d2       	rcall	.+1534   	; 0x1062 <__floatunsisf>
     a64:	dc 01       	movw	r26, r24
     a66:	cb 01       	movw	r24, r22
     a68:	bc 01       	movw	r22, r24
     a6a:	cd 01       	movw	r24, r26
     a6c:	97 d0       	rcall	.+302    	; 0xb9c <temp_calc>
     a6e:	98 87       	std	Y+8, r25	; 0x08
     a70:	8f 83       	std	Y+7, r24	; 0x07
     a72:	89 81       	ldd	r24, Y+1	; 0x01
     a74:	8f 8f       	std	Y+31, r24	; 0x1f
     a76:	89 81       	ldd	r24, Y+1	; 0x01
     a78:	9a 81       	ldd	r25, Y+2	; 0x02
     a7a:	89 2f       	mov	r24, r25
			
			// CAN bus
			SensorHubB1_databytes[0]	=	tempRU & 0xFF											;	// lsb temperature right up
     a7c:	99 27       	eor	r25, r25
     a7e:	88 a3       	std	Y+32, r24	; 0x20
			SensorHubB1_databytes[1]	=	tempRU >> 8												;	// msb temperature right up
     a80:	8b 81       	ldd	r24, Y+3	; 0x03
     a82:	89 a3       	std	Y+33, r24	; 0x21
     a84:	8b 81       	ldd	r24, Y+3	; 0x03
     a86:	9c 81       	ldd	r25, Y+4	; 0x04
			SensorHubB1_databytes[2]	=	tempRD & 0xFF											;	// lsb temperature right down
     a88:	89 2f       	mov	r24, r25
     a8a:	99 27       	eor	r25, r25
			SensorHubB1_databytes[3]	=	tempRD >> 8												;	// msb temperature right down
     a8c:	8a a3       	std	Y+34, r24	; 0x22
     a8e:	8d 81       	ldd	r24, Y+5	; 0x05
     a90:	8b a3       	std	Y+35, r24	; 0x23
     a92:	8d 81       	ldd	r24, Y+5	; 0x05
     a94:	9e 81       	ldd	r25, Y+6	; 0x06
			SensorHubB1_databytes[4]	=	tempLU & 0xFF											;	// lsb temperature left up
     a96:	89 2f       	mov	r24, r25
     a98:	99 27       	eor	r25, r25
			SensorHubB1_databytes[5]	=	tempLU >> 8												;	// msb temperature left up
     a9a:	8c a3       	std	Y+36, r24	; 0x24
     a9c:	8f 81       	ldd	r24, Y+7	; 0x07
     a9e:	8d a3       	std	Y+37, r24	; 0x25
     aa0:	8f 81       	ldd	r24, Y+7	; 0x07
     aa2:	98 85       	ldd	r25, Y+8	; 0x08
			SensorHubB1_databytes[6]	=	tempLD & 0xFF											;	// lsb temperature left down
     aa4:	89 2f       	mov	r24, r25
     aa6:	99 27       	eor	r25, r25
			SensorHubB1_databytes[7]	=	tempLD >> 8												;	// msb temperature left down
     aa8:	8e a3       	std	Y+38, r24	; 0x26
     aaa:	9e 01       	movw	r18, r28
     aac:	21 5e       	subi	r18, 0xE1	; 225
     aae:	3f 4f       	sbci	r19, 0xFF	; 255
     ab0:	ce 01       	movw	r24, r28
			
			can_tx(&can_SensorHubB1_mob, SensorHubB1_databytes);
     ab2:	4a 96       	adiw	r24, 0x1a	; 26
     ab4:	b9 01       	movw	r22, r18
     ab6:	b2 dc       	rcall	.-1692   	; 0x41c <can_tx>
     ab8:	7c cd       	rjmp	.-1288   	; 0x5b2 <main+0x70>

00000aba <port_config>:
     aba:	cf 93       	push	r28
     abc:	df 93       	push	r29
     abe:	cd b7       	in	r28, 0x3d	; 61
     ac0:	de b7       	in	r29, 0x3e	; 62
			//can_tx(&can_SensorHubB2_mob, SensorHubB2_databytes);	//reserved

			
		} // end of 200ms

    }
     ac2:	87 e2       	ldi	r24, 0x27	; 39
}

void fault_detected()
{
	PORTC |= (1<<PC0); //turn on red led when called (fault present)
}
     ac4:	90 e0       	ldi	r25, 0x00	; 0
     ac6:	27 e2       	ldi	r18, 0x27	; 39
     ac8:	30 e0       	ldi	r19, 0x00	; 0
     aca:	f9 01       	movw	r30, r18
     acc:	20 81       	ld	r18, Z
     ace:	25 60       	ori	r18, 0x05	; 5
     ad0:	fc 01       	movw	r30, r24
     ad2:	20 83       	st	Z, r18
     ad4:	80 e3       	ldi	r24, 0x30	; 48
     ad6:	90 e0       	ldi	r25, 0x00	; 0
     ad8:	20 e3       	ldi	r18, 0x30	; 48
     ada:	30 e0       	ldi	r19, 0x00	; 0
     adc:	f9 01       	movw	r30, r18
     ade:	20 81       	ld	r18, Z
     ae0:	28 7f       	andi	r18, 0xF8	; 248
     ae2:	fc 01       	movw	r30, r24
     ae4:	20 83       	st	Z, r18
     ae6:	00 00       	nop
     ae8:	df 91       	pop	r29
     aea:	cf 91       	pop	r28
     aec:	08 95       	ret

00000aee <sys_timer_config>:
     aee:	cf 93       	push	r28
     af0:	df 93       	push	r29
     af2:	cd b7       	in	r28, 0x3d	; 61
     af4:	de b7       	in	r29, 0x3e	; 62
     af6:	84 e4       	ldi	r24, 0x44	; 68
     af8:	90 e0       	ldi	r25, 0x00	; 0
     afa:	2b e0       	ldi	r18, 0x0B	; 11
     afc:	fc 01       	movw	r30, r24
     afe:	20 83       	st	Z, r18
     b00:	8e e6       	ldi	r24, 0x6E	; 110
     b02:	90 e0       	ldi	r25, 0x00	; 0
     b04:	22 e0       	ldi	r18, 0x02	; 2
     b06:	fc 01       	movw	r30, r24
     b08:	20 83       	st	Z, r18
     b0a:	87 e4       	ldi	r24, 0x47	; 71
     b0c:	90 e0       	ldi	r25, 0x00	; 0
     b0e:	29 ef       	ldi	r18, 0xF9	; 249
     b10:	fc 01       	movw	r30, r24
     b12:	20 83       	st	Z, r18
     b14:	00 00       	nop
     b16:	df 91       	pop	r29
     b18:	cf 91       	pop	r28
     b1a:	08 95       	ret

00000b1c <sys_tick_heart>:
     b1c:	cf 93       	push	r28
     b1e:	df 93       	push	r29
     b20:	cd b7       	in	r28, 0x3d	; 61
     b22:	de b7       	in	r29, 0x3e	; 62
     b24:	88 e2       	ldi	r24, 0x28	; 40
     b26:	90 e0       	ldi	r25, 0x00	; 0
     b28:	28 e2       	ldi	r18, 0x28	; 40
     b2a:	30 e0       	ldi	r19, 0x00	; 0
     b2c:	f9 01       	movw	r30, r18
     b2e:	30 81       	ld	r19, Z
     b30:	24 e0       	ldi	r18, 0x04	; 4
     b32:	23 27       	eor	r18, r19
     b34:	fc 01       	movw	r30, r24
     b36:	20 83       	st	Z, r18
     b38:	00 00       	nop
     b3a:	df 91       	pop	r29
     b3c:	cf 91       	pop	r28
     b3e:	08 95       	ret

00000b40 <__vector_16>:

ISR(TIMER0_COMP_vect)
{
     b40:	1f 92       	push	r1
     b42:	0f 92       	push	r0
     b44:	00 90 5f 00 	lds	r0, 0x005F	; 0x80005f <__TEXT_REGION_LENGTH__+0x7f005f>
     b48:	0f 92       	push	r0
     b4a:	11 24       	eor	r1, r1
     b4c:	8f 93       	push	r24
     b4e:	9f 93       	push	r25
     b50:	af 93       	push	r26
     b52:	bf 93       	push	r27
     b54:	cf 93       	push	r28
     b56:	df 93       	push	r29
     b58:	cd b7       	in	r28, 0x3d	; 61
     b5a:	de b7       	in	r29, 0x3e	; 62
	sys_time++;
     b5c:	80 91 33 01 	lds	r24, 0x0133	; 0x800133 <sys_time>
     b60:	90 91 34 01 	lds	r25, 0x0134	; 0x800134 <sys_time+0x1>
     b64:	a0 91 35 01 	lds	r26, 0x0135	; 0x800135 <sys_time+0x2>
     b68:	b0 91 36 01 	lds	r27, 0x0136	; 0x800136 <sys_time+0x3>
     b6c:	01 96       	adiw	r24, 0x01	; 1
     b6e:	a1 1d       	adc	r26, r1
     b70:	b1 1d       	adc	r27, r1
     b72:	80 93 33 01 	sts	0x0133, r24	; 0x800133 <sys_time>
     b76:	90 93 34 01 	sts	0x0134, r25	; 0x800134 <sys_time+0x1>
     b7a:	a0 93 35 01 	sts	0x0135, r26	; 0x800135 <sys_time+0x2>
     b7e:	b0 93 36 01 	sts	0x0136, r27	; 0x800136 <sys_time+0x3>
     b82:	00 00       	nop
     b84:	df 91       	pop	r29
     b86:	cf 91       	pop	r28
     b88:	bf 91       	pop	r27
     b8a:	af 91       	pop	r26
     b8c:	9f 91       	pop	r25
     b8e:	8f 91       	pop	r24
     b90:	0f 90       	pop	r0
     b92:	00 92 5f 00 	sts	0x005F, r0	; 0x80005f <__TEXT_REGION_LENGTH__+0x7f005f>
     b96:	0f 90       	pop	r0
     b98:	1f 90       	pop	r1
     b9a:	18 95       	reti

00000b9c <temp_calc>:

	raw_value = (high_byte << 8) | low_byte;
	temperature = ((raw_value >> 3) & 0x7FF) * 0.25;

	return temperature * 100;
}
     b9c:	8f 92       	push	r8
     b9e:	9f 92       	push	r9
     ba0:	af 92       	push	r10
     ba2:	bf 92       	push	r11
     ba4:	cf 92       	push	r12
     ba6:	df 92       	push	r13
     ba8:	ef 92       	push	r14
     baa:	ff 92       	push	r15
     bac:	0f 93       	push	r16
     bae:	1f 93       	push	r17
     bb0:	cf 93       	push	r28
     bb2:	df 93       	push	r29
     bb4:	cd b7       	in	r28, 0x3d	; 61
     bb6:	de b7       	in	r29, 0x3e	; 62
     bb8:	64 97       	sbiw	r28, 0x14	; 20
     bba:	0f b6       	in	r0, 0x3f	; 63
     bbc:	f8 94       	cli
     bbe:	de bf       	out	0x3e, r29	; 62
     bc0:	0f be       	out	0x3f, r0	; 63
     bc2:	cd bf       	out	0x3d, r28	; 61
     bc4:	69 8b       	std	Y+17, r22	; 0x11
     bc6:	7a 8b       	std	Y+18, r23	; 0x12
     bc8:	8b 8b       	std	Y+19, r24	; 0x13
     bca:	9c 8b       	std	Y+20, r25	; 0x14
     bcc:	80 91 0c 01 	lds	r24, 0x010C	; 0x80010c <VCC>
     bd0:	90 91 0d 01 	lds	r25, 0x010D	; 0x80010d <VCC+0x1>
     bd4:	a0 91 0e 01 	lds	r26, 0x010E	; 0x80010e <VCC+0x2>
     bd8:	b0 91 0f 01 	lds	r27, 0x010F	; 0x80010f <VCC+0x3>
     bdc:	20 91 10 01 	lds	r18, 0x0110	; 0x800110 <ADC_max>
     be0:	30 91 11 01 	lds	r19, 0x0111	; 0x800111 <ADC_max+0x1>
     be4:	40 91 12 01 	lds	r20, 0x0112	; 0x800112 <ADC_max+0x2>
     be8:	50 91 13 01 	lds	r21, 0x0113	; 0x800113 <ADC_max+0x3>
     bec:	bc 01       	movw	r22, r24
     bee:	cd 01       	movw	r24, r26
     bf0:	a4 d1       	rcall	.+840    	; 0xf3a <__divsf3>
     bf2:	dc 01       	movw	r26, r24
     bf4:	cb 01       	movw	r24, r22
     bf6:	29 89       	ldd	r18, Y+17	; 0x11
     bf8:	3a 89       	ldd	r19, Y+18	; 0x12
     bfa:	4b 89       	ldd	r20, Y+19	; 0x13
     bfc:	5c 89       	ldd	r21, Y+20	; 0x14
     bfe:	bc 01       	movw	r22, r24
     c00:	cd 01       	movw	r24, r26
     c02:	02 d3       	rcall	.+1540   	; 0x1208 <__mulsf3>
     c04:	dc 01       	movw	r26, r24
     c06:	cb 01       	movw	r24, r22
     c08:	89 83       	std	Y+1, r24	; 0x01
     c0a:	9a 83       	std	Y+2, r25	; 0x02
     c0c:	ab 83       	std	Y+3, r26	; 0x03
     c0e:	bc 83       	std	Y+4, r27	; 0x04
     c10:	80 91 0c 01 	lds	r24, 0x010C	; 0x80010c <VCC>
     c14:	90 91 0d 01 	lds	r25, 0x010D	; 0x80010d <VCC+0x1>
     c18:	a0 91 0e 01 	lds	r26, 0x010E	; 0x80010e <VCC+0x2>
     c1c:	b0 91 0f 01 	lds	r27, 0x010F	; 0x80010f <VCC+0x3>
     c20:	29 81       	ldd	r18, Y+1	; 0x01
     c22:	3a 81       	ldd	r19, Y+2	; 0x02
     c24:	4b 81       	ldd	r20, Y+3	; 0x03
     c26:	5c 81       	ldd	r21, Y+4	; 0x04
     c28:	bc 01       	movw	r22, r24
     c2a:	cd 01       	movw	r24, r26
     c2c:	86 d1       	rcall	.+780    	; 0xf3a <__divsf3>
     c2e:	dc 01       	movw	r26, r24
     c30:	cb 01       	movw	r24, r22
     c32:	20 e0       	ldi	r18, 0x00	; 0
     c34:	30 e0       	ldi	r19, 0x00	; 0
     c36:	40 e8       	ldi	r20, 0x80	; 128
     c38:	5f e3       	ldi	r21, 0x3F	; 63
     c3a:	bc 01       	movw	r22, r24
     c3c:	cd 01       	movw	r24, r26
     c3e:	18 d1       	rcall	.+560    	; 0xe70 <__subsf3>
     c40:	dc 01       	movw	r26, r24
     c42:	cb 01       	movw	r24, r22
     c44:	7c 01       	movw	r14, r24
     c46:	8d 01       	movw	r16, r26
     c48:	80 91 14 01 	lds	r24, 0x0114	; 0x800114 <R_i>
     c4c:	90 91 15 01 	lds	r25, 0x0115	; 0x800115 <R_i+0x1>
     c50:	a0 91 16 01 	lds	r26, 0x0116	; 0x800116 <R_i+0x2>
     c54:	b0 91 17 01 	lds	r27, 0x0117	; 0x800117 <R_i+0x3>
     c58:	9c 01       	movw	r18, r24
     c5a:	ad 01       	movw	r20, r26
     c5c:	c8 01       	movw	r24, r16
     c5e:	b7 01       	movw	r22, r14
     c60:	d3 d2       	rcall	.+1446   	; 0x1208 <__mulsf3>
     c62:	dc 01       	movw	r26, r24
     c64:	cb 01       	movw	r24, r22
     c66:	8d 83       	std	Y+5, r24	; 0x05
     c68:	9e 83       	std	Y+6, r25	; 0x06
     c6a:	af 83       	std	Y+7, r26	; 0x07
     c6c:	b8 87       	std	Y+8, r27	; 0x08
     c6e:	80 91 00 01 	lds	r24, 0x0100	; 0x800100 <__DATA_REGION_ORIGIN__>
     c72:	90 91 01 01 	lds	r25, 0x0101	; 0x800101 <__DATA_REGION_ORIGIN__+0x1>
     c76:	a0 91 02 01 	lds	r26, 0x0102	; 0x800102 <__DATA_REGION_ORIGIN__+0x2>
     c7a:	b0 91 03 01 	lds	r27, 0x0103	; 0x800103 <__DATA_REGION_ORIGIN__+0x3>
     c7e:	20 91 08 01 	lds	r18, 0x0108	; 0x800108 <T_25C>
     c82:	30 91 09 01 	lds	r19, 0x0109	; 0x800109 <T_25C+0x1>
     c86:	40 91 0a 01 	lds	r20, 0x010A	; 0x80010a <T_25C+0x2>
     c8a:	50 91 0b 01 	lds	r21, 0x010B	; 0x80010b <T_25C+0x3>
     c8e:	bc 01       	movw	r22, r24
     c90:	cd 01       	movw	r24, r26
     c92:	ba d2       	rcall	.+1396   	; 0x1208 <__mulsf3>
     c94:	dc 01       	movw	r26, r24
     c96:	cb 01       	movw	r24, r22
     c98:	6c 01       	movw	r12, r24
     c9a:	7d 01       	movw	r14, r26
     c9c:	80 91 04 01 	lds	r24, 0x0104	; 0x800104 <R_25C>
     ca0:	90 91 05 01 	lds	r25, 0x0105	; 0x800105 <R_25C+0x1>
     ca4:	a0 91 06 01 	lds	r26, 0x0106	; 0x800106 <R_25C+0x2>
     ca8:	b0 91 07 01 	lds	r27, 0x0107	; 0x800107 <R_25C+0x3>
     cac:	9c 01       	movw	r18, r24
     cae:	ad 01       	movw	r20, r26
     cb0:	6d 81       	ldd	r22, Y+5	; 0x05
     cb2:	7e 81       	ldd	r23, Y+6	; 0x06
     cb4:	8f 81       	ldd	r24, Y+7	; 0x07
     cb6:	98 85       	ldd	r25, Y+8	; 0x08
     cb8:	40 d1       	rcall	.+640    	; 0xf3a <__divsf3>
     cba:	dc 01       	movw	r26, r24
     cbc:	cb 01       	movw	r24, r22
     cbe:	bc 01       	movw	r22, r24
     cc0:	cd 01       	movw	r24, r26
     cc2:	62 d2       	rcall	.+1220   	; 0x1188 <log>
     cc4:	4b 01       	movw	r8, r22
     cc6:	5c 01       	movw	r10, r24
     cc8:	80 91 08 01 	lds	r24, 0x0108	; 0x800108 <T_25C>
     ccc:	90 91 09 01 	lds	r25, 0x0109	; 0x800109 <T_25C+0x1>
     cd0:	a0 91 0a 01 	lds	r26, 0x010A	; 0x80010a <T_25C+0x2>
     cd4:	b0 91 0b 01 	lds	r27, 0x010B	; 0x80010b <T_25C+0x3>
     cd8:	9c 01       	movw	r18, r24
     cda:	ad 01       	movw	r20, r26
     cdc:	c5 01       	movw	r24, r10
     cde:	b4 01       	movw	r22, r8
     ce0:	93 d2       	rcall	.+1318   	; 0x1208 <__mulsf3>
     ce2:	dc 01       	movw	r26, r24
     ce4:	cb 01       	movw	r24, r22
     ce6:	4c 01       	movw	r8, r24
     ce8:	5d 01       	movw	r10, r26
     cea:	80 91 00 01 	lds	r24, 0x0100	; 0x800100 <__DATA_REGION_ORIGIN__>
     cee:	90 91 01 01 	lds	r25, 0x0101	; 0x800101 <__DATA_REGION_ORIGIN__+0x1>
     cf2:	a0 91 02 01 	lds	r26, 0x0102	; 0x800102 <__DATA_REGION_ORIGIN__+0x2>
     cf6:	b0 91 03 01 	lds	r27, 0x0103	; 0x800103 <__DATA_REGION_ORIGIN__+0x3>
     cfa:	9c 01       	movw	r18, r24
     cfc:	ad 01       	movw	r20, r26
     cfe:	c5 01       	movw	r24, r10
     d00:	b4 01       	movw	r22, r8
     d02:	b7 d0       	rcall	.+366    	; 0xe72 <__addsf3>
     d04:	dc 01       	movw	r26, r24
     d06:	cb 01       	movw	r24, r22
     d08:	9c 01       	movw	r18, r24
     d0a:	ad 01       	movw	r20, r26
     d0c:	c7 01       	movw	r24, r14
     d0e:	b6 01       	movw	r22, r12
     d10:	14 d1       	rcall	.+552    	; 0xf3a <__divsf3>
     d12:	dc 01       	movw	r26, r24
     d14:	cb 01       	movw	r24, r22
     d16:	89 87       	std	Y+9, r24	; 0x09
     d18:	9a 87       	std	Y+10, r25	; 0x0a
     d1a:	ab 87       	std	Y+11, r26	; 0x0b
     d1c:	bc 87       	std	Y+12, r27	; 0x0c
     d1e:	23 e3       	ldi	r18, 0x33	; 51
     d20:	33 e9       	ldi	r19, 0x93	; 147
     d22:	48 e8       	ldi	r20, 0x88	; 136
     d24:	53 e4       	ldi	r21, 0x43	; 67
     d26:	69 85       	ldd	r22, Y+9	; 0x09
     d28:	7a 85       	ldd	r23, Y+10	; 0x0a
     d2a:	8b 85       	ldd	r24, Y+11	; 0x0b
     d2c:	9c 85       	ldd	r25, Y+12	; 0x0c
     d2e:	a0 d0       	rcall	.+320    	; 0xe70 <__subsf3>
     d30:	dc 01       	movw	r26, r24
     d32:	cb 01       	movw	r24, r22
     d34:	20 e0       	ldi	r18, 0x00	; 0
     d36:	30 e0       	ldi	r19, 0x00	; 0
     d38:	40 e2       	ldi	r20, 0x20	; 32
     d3a:	51 e4       	ldi	r21, 0x41	; 65
     d3c:	bc 01       	movw	r22, r24
     d3e:	cd 01       	movw	r24, r26
     d40:	63 d2       	rcall	.+1222   	; 0x1208 <__mulsf3>
     d42:	dc 01       	movw	r26, r24
     d44:	cb 01       	movw	r24, r22
     d46:	8d 87       	std	Y+13, r24	; 0x0d
     d48:	9e 87       	std	Y+14, r25	; 0x0e
     d4a:	af 87       	std	Y+15, r26	; 0x0f
     d4c:	b8 8b       	std	Y+16, r27	; 0x10
     d4e:	6d 85       	ldd	r22, Y+13	; 0x0d
     d50:	7e 85       	ldd	r23, Y+14	; 0x0e
     d52:	8f 85       	ldd	r24, Y+15	; 0x0f
     d54:	98 89       	ldd	r25, Y+16	; 0x10
     d56:	59 d1       	rcall	.+690    	; 0x100a <__fixunssfsi>
     d58:	dc 01       	movw	r26, r24
     d5a:	cb 01       	movw	r24, r22
     d5c:	64 96       	adiw	r28, 0x14	; 20
     d5e:	0f b6       	in	r0, 0x3f	; 63
     d60:	f8 94       	cli
     d62:	de bf       	out	0x3e, r29	; 62
     d64:	0f be       	out	0x3f, r0	; 63
     d66:	cd bf       	out	0x3d, r28	; 61
     d68:	df 91       	pop	r29
     d6a:	cf 91       	pop	r28
     d6c:	1f 91       	pop	r17
     d6e:	0f 91       	pop	r16
     d70:	ff 90       	pop	r15
     d72:	ef 90       	pop	r14
     d74:	df 90       	pop	r13
     d76:	cf 90       	pop	r12
     d78:	bf 90       	pop	r11
     d7a:	af 90       	pop	r10
     d7c:	9f 90       	pop	r9
     d7e:	8f 90       	pop	r8
     d80:	08 95       	ret

00000d82 <damper_poti>:


// damper travel
double damper_poti(double dp_adc){
     d82:	cf 93       	push	r28
     d84:	df 93       	push	r29
     d86:	cd b7       	in	r28, 0x3d	; 61
     d88:	de b7       	in	r29, 0x3e	; 62
     d8a:	28 97       	sbiw	r28, 0x08	; 8
     d8c:	0f b6       	in	r0, 0x3f	; 63
     d8e:	f8 94       	cli
     d90:	de bf       	out	0x3e, r29	; 62
     d92:	0f be       	out	0x3f, r0	; 63
     d94:	cd bf       	out	0x3d, r28	; 61
     d96:	6d 83       	std	Y+5, r22	; 0x05
     d98:	7e 83       	std	Y+6, r23	; 0x06
     d9a:	8f 83       	std	Y+7, r24	; 0x07
     d9c:	98 87       	std	Y+8, r25	; 0x08
	double travel = 0;
     d9e:	19 82       	std	Y+1, r1	; 0x01
     da0:	1a 82       	std	Y+2, r1	; 0x02
     da2:	1b 82       	std	Y+3, r1	; 0x03
     da4:	1c 82       	std	Y+4, r1	; 0x04
	
	//travel = (80*dp_adc)/1024;
	
	travel = DAMP_MM_MIN + (dp_adc-DAMP_ADC_MIN)*((DAMP_MM_MAX - DAMP_MM_MIN)/(DAMP_ADC_MAX - DAMP_ADC_MIN)); //interpolate with 2 values
     da6:	20 e0       	ldi	r18, 0x00	; 0
     da8:	30 e0       	ldi	r19, 0x00	; 0
     daa:	4e ea       	ldi	r20, 0xAE	; 174
     dac:	52 e4       	ldi	r21, 0x42	; 66
     dae:	6d 81       	ldd	r22, Y+5	; 0x05
     db0:	7e 81       	ldd	r23, Y+6	; 0x06
     db2:	8f 81       	ldd	r24, Y+7	; 0x07
     db4:	98 85       	ldd	r25, Y+8	; 0x08
     db6:	5c d0       	rcall	.+184    	; 0xe70 <__subsf3>
     db8:	dc 01       	movw	r26, r24
     dba:	cb 01       	movw	r24, r22
     dbc:	2e ee       	ldi	r18, 0xEE	; 238
     dbe:	35 ee       	ldi	r19, 0xE5	; 229
     dc0:	4c e9       	ldi	r20, 0x9C	; 156
     dc2:	5d eb       	ldi	r21, 0xBD	; 189
     dc4:	bc 01       	movw	r22, r24
     dc6:	cd 01       	movw	r24, r26
     dc8:	1f d2       	rcall	.+1086   	; 0x1208 <__mulsf3>
     dca:	dc 01       	movw	r26, r24
     dcc:	cb 01       	movw	r24, r22
     dce:	2d ec       	ldi	r18, 0xCD	; 205
     dd0:	3c e4       	ldi	r19, 0x4C	; 76
     dd2:	40 e9       	ldi	r20, 0x90	; 144
     dd4:	52 e4       	ldi	r21, 0x42	; 66
     dd6:	bc 01       	movw	r22, r24
     dd8:	cd 01       	movw	r24, r26
     dda:	4b d0       	rcall	.+150    	; 0xe72 <__addsf3>
     ddc:	dc 01       	movw	r26, r24
     dde:	cb 01       	movw	r24, r22
     de0:	89 83       	std	Y+1, r24	; 0x01
     de2:	9a 83       	std	Y+2, r25	; 0x02
     de4:	ab 83       	std	Y+3, r26	; 0x03
     de6:	bc 83       	std	Y+4, r27	; 0x04
	
	return travel;
     de8:	89 81       	ldd	r24, Y+1	; 0x01
     dea:	9a 81       	ldd	r25, Y+2	; 0x02
     dec:	ab 81       	ldd	r26, Y+3	; 0x03
     dee:	bc 81       	ldd	r27, Y+4	; 0x04
}
     df0:	bc 01       	movw	r22, r24
     df2:	cd 01       	movw	r24, r26
     df4:	28 96       	adiw	r28, 0x08	; 8
     df6:	0f b6       	in	r0, 0x3f	; 63
     df8:	f8 94       	cli
     dfa:	de bf       	out	0x3e, r29	; 62
     dfc:	0f be       	out	0x3f, r0	; 63
     dfe:	cd bf       	out	0x3d, r28	; 61
     e00:	df 91       	pop	r29
     e02:	cf 91       	pop	r28
     e04:	08 95       	ret

00000e06 <SPI_MasterInit>:

uint8_t SPIdata[2];
uint8_t SPIcount = 0;

void SPI_MasterInit()
{
     e06:	cf 93       	push	r28
     e08:	df 93       	push	r29
     e0a:	cd b7       	in	r28, 0x3d	; 61
     e0c:	de b7       	in	r29, 0x3e	; 62
	//Set MOSI, SCK, all SS as output
	DDRB |= (1<<MOSI) | (1<<SCK);
     e0e:	84 e2       	ldi	r24, 0x24	; 36
     e10:	90 e0       	ldi	r25, 0x00	; 0
     e12:	24 e2       	ldi	r18, 0x24	; 36
     e14:	30 e0       	ldi	r19, 0x00	; 0
     e16:	f9 01       	movw	r30, r18
     e18:	20 81       	ld	r18, Z
     e1a:	26 60       	ori	r18, 0x06	; 6
     e1c:	fc 01       	movw	r30, r24
     e1e:	20 83       	st	Z, r18
	DDRE |= (1<<SS_uC) | (1<<SS_TK1) | (1<<SS_TK2) | (1<<SS_TK3) | (1<<SS_TK4);
     e20:	8d e2       	ldi	r24, 0x2D	; 45
     e22:	90 e0       	ldi	r25, 0x00	; 0
     e24:	2d e2       	ldi	r18, 0x2D	; 45
     e26:	30 e0       	ldi	r19, 0x00	; 0
     e28:	f9 01       	movw	r30, r18
     e2a:	20 81       	ld	r18, Z
     e2c:	2f 61       	ori	r18, 0x1F	; 31
     e2e:	fc 01       	movw	r30, r24
     e30:	20 83       	st	Z, r18
	
	//Set MISO as input
	DDRB &= ~(1<<MISO);
     e32:	84 e2       	ldi	r24, 0x24	; 36
     e34:	90 e0       	ldi	r25, 0x00	; 0
     e36:	24 e2       	ldi	r18, 0x24	; 36
     e38:	30 e0       	ldi	r19, 0x00	; 0
     e3a:	f9 01       	movw	r30, r18
     e3c:	20 81       	ld	r18, Z
     e3e:	27 7f       	andi	r18, 0xF7	; 247
     e40:	fc 01       	movw	r30, r24
     e42:	20 83       	st	Z, r18
	
	// Set internal pull-up for MISO
	//PORTB |= (1 << MISO);
	
	//enables SPI, Master-Mode, configure Clock_Select
	SPI_Control_Reg |= (1<<SPI_Enable) | (1<<SPI_Master) | (1<<SPI_Relation1) | (0<<SPI_Relation0);
     e44:	8c e4       	ldi	r24, 0x4C	; 76
     e46:	90 e0       	ldi	r25, 0x00	; 0
     e48:	2c e4       	ldi	r18, 0x4C	; 76
     e4a:	30 e0       	ldi	r19, 0x00	; 0
     e4c:	f9 01       	movw	r30, r18
     e4e:	20 81       	ld	r18, Z
     e50:	22 65       	ori	r18, 0x52	; 82
     e52:	fc 01       	movw	r30, r24
     e54:	20 83       	st	Z, r18
	
	//Set all SS High
	PORTE |= (1<<SS_uC) | (1<<SS_TK1) | (1<<SS_TK2);
     e56:	8e e2       	ldi	r24, 0x2E	; 46
     e58:	90 e0       	ldi	r25, 0x00	; 0
     e5a:	2e e2       	ldi	r18, 0x2E	; 46
     e5c:	30 e0       	ldi	r19, 0x00	; 0
     e5e:	f9 01       	movw	r30, r18
     e60:	20 81       	ld	r18, Z
     e62:	23 61       	ori	r18, 0x13	; 19
     e64:	fc 01       	movw	r30, r24
     e66:	20 83       	st	Z, r18
	
}
     e68:	00 00       	nop
     e6a:	df 91       	pop	r29
     e6c:	cf 91       	pop	r28
     e6e:	08 95       	ret

00000e70 <__subsf3>:
     e70:	50 58       	subi	r21, 0x80	; 128

00000e72 <__addsf3>:
     e72:	bb 27       	eor	r27, r27
     e74:	aa 27       	eor	r26, r26
     e76:	0e d0       	rcall	.+28     	; 0xe94 <__addsf3x>
     e78:	48 c1       	rjmp	.+656    	; 0x110a <__fp_round>
     e7a:	39 d1       	rcall	.+626    	; 0x10ee <__fp_pscA>
     e7c:	30 f0       	brcs	.+12     	; 0xe8a <__addsf3+0x18>
     e7e:	3e d1       	rcall	.+636    	; 0x10fc <__fp_pscB>
     e80:	20 f0       	brcs	.+8      	; 0xe8a <__addsf3+0x18>
     e82:	31 f4       	brne	.+12     	; 0xe90 <__addsf3+0x1e>
     e84:	9f 3f       	cpi	r25, 0xFF	; 255
     e86:	11 f4       	brne	.+4      	; 0xe8c <__addsf3+0x1a>
     e88:	1e f4       	brtc	.+6      	; 0xe90 <__addsf3+0x1e>
     e8a:	2e c1       	rjmp	.+604    	; 0x10e8 <__fp_nan>
     e8c:	0e f4       	brtc	.+2      	; 0xe90 <__addsf3+0x1e>
     e8e:	e0 95       	com	r30
     e90:	e7 fb       	bst	r30, 7
     e92:	24 c1       	rjmp	.+584    	; 0x10dc <__fp_inf>

00000e94 <__addsf3x>:
     e94:	e9 2f       	mov	r30, r25
     e96:	4a d1       	rcall	.+660    	; 0x112c <__fp_split3>
     e98:	80 f3       	brcs	.-32     	; 0xe7a <__addsf3+0x8>
     e9a:	ba 17       	cp	r27, r26
     e9c:	62 07       	cpc	r22, r18
     e9e:	73 07       	cpc	r23, r19
     ea0:	84 07       	cpc	r24, r20
     ea2:	95 07       	cpc	r25, r21
     ea4:	18 f0       	brcs	.+6      	; 0xeac <__addsf3x+0x18>
     ea6:	71 f4       	brne	.+28     	; 0xec4 <__addsf3x+0x30>
     ea8:	9e f5       	brtc	.+102    	; 0xf10 <__addsf3x+0x7c>
     eaa:	62 c1       	rjmp	.+708    	; 0x1170 <__fp_zero>
     eac:	0e f4       	brtc	.+2      	; 0xeb0 <__addsf3x+0x1c>
     eae:	e0 95       	com	r30
     eb0:	0b 2e       	mov	r0, r27
     eb2:	ba 2f       	mov	r27, r26
     eb4:	a0 2d       	mov	r26, r0
     eb6:	0b 01       	movw	r0, r22
     eb8:	b9 01       	movw	r22, r18
     eba:	90 01       	movw	r18, r0
     ebc:	0c 01       	movw	r0, r24
     ebe:	ca 01       	movw	r24, r20
     ec0:	a0 01       	movw	r20, r0
     ec2:	11 24       	eor	r1, r1
     ec4:	ff 27       	eor	r31, r31
     ec6:	59 1b       	sub	r21, r25
     ec8:	99 f0       	breq	.+38     	; 0xef0 <__addsf3x+0x5c>
     eca:	59 3f       	cpi	r21, 0xF9	; 249
     ecc:	50 f4       	brcc	.+20     	; 0xee2 <__addsf3x+0x4e>
     ece:	50 3e       	cpi	r21, 0xE0	; 224
     ed0:	68 f1       	brcs	.+90     	; 0xf2c <__addsf3x+0x98>
     ed2:	1a 16       	cp	r1, r26
     ed4:	f0 40       	sbci	r31, 0x00	; 0
     ed6:	a2 2f       	mov	r26, r18
     ed8:	23 2f       	mov	r18, r19
     eda:	34 2f       	mov	r19, r20
     edc:	44 27       	eor	r20, r20
     ede:	58 5f       	subi	r21, 0xF8	; 248
     ee0:	f3 cf       	rjmp	.-26     	; 0xec8 <__addsf3x+0x34>
     ee2:	46 95       	lsr	r20
     ee4:	37 95       	ror	r19
     ee6:	27 95       	ror	r18
     ee8:	a7 95       	ror	r26
     eea:	f0 40       	sbci	r31, 0x00	; 0
     eec:	53 95       	inc	r21
     eee:	c9 f7       	brne	.-14     	; 0xee2 <__addsf3x+0x4e>
     ef0:	7e f4       	brtc	.+30     	; 0xf10 <__addsf3x+0x7c>
     ef2:	1f 16       	cp	r1, r31
     ef4:	ba 0b       	sbc	r27, r26
     ef6:	62 0b       	sbc	r22, r18
     ef8:	73 0b       	sbc	r23, r19
     efa:	84 0b       	sbc	r24, r20
     efc:	ba f0       	brmi	.+46     	; 0xf2c <__addsf3x+0x98>
     efe:	91 50       	subi	r25, 0x01	; 1
     f00:	a1 f0       	breq	.+40     	; 0xf2a <__addsf3x+0x96>
     f02:	ff 0f       	add	r31, r31
     f04:	bb 1f       	adc	r27, r27
     f06:	66 1f       	adc	r22, r22
     f08:	77 1f       	adc	r23, r23
     f0a:	88 1f       	adc	r24, r24
     f0c:	c2 f7       	brpl	.-16     	; 0xefe <__addsf3x+0x6a>
     f0e:	0e c0       	rjmp	.+28     	; 0xf2c <__addsf3x+0x98>
     f10:	ba 0f       	add	r27, r26
     f12:	62 1f       	adc	r22, r18
     f14:	73 1f       	adc	r23, r19
     f16:	84 1f       	adc	r24, r20
     f18:	48 f4       	brcc	.+18     	; 0xf2c <__addsf3x+0x98>
     f1a:	87 95       	ror	r24
     f1c:	77 95       	ror	r23
     f1e:	67 95       	ror	r22
     f20:	b7 95       	ror	r27
     f22:	f7 95       	ror	r31
     f24:	9e 3f       	cpi	r25, 0xFE	; 254
     f26:	08 f0       	brcs	.+2      	; 0xf2a <__addsf3x+0x96>
     f28:	b3 cf       	rjmp	.-154    	; 0xe90 <__addsf3+0x1e>
     f2a:	93 95       	inc	r25
     f2c:	88 0f       	add	r24, r24
     f2e:	08 f0       	brcs	.+2      	; 0xf32 <__addsf3x+0x9e>
     f30:	99 27       	eor	r25, r25
     f32:	ee 0f       	add	r30, r30
     f34:	97 95       	ror	r25
     f36:	87 95       	ror	r24
     f38:	08 95       	ret

00000f3a <__divsf3>:
     f3a:	0c d0       	rcall	.+24     	; 0xf54 <__divsf3x>
     f3c:	e6 c0       	rjmp	.+460    	; 0x110a <__fp_round>
     f3e:	de d0       	rcall	.+444    	; 0x10fc <__fp_pscB>
     f40:	40 f0       	brcs	.+16     	; 0xf52 <__divsf3+0x18>
     f42:	d5 d0       	rcall	.+426    	; 0x10ee <__fp_pscA>
     f44:	30 f0       	brcs	.+12     	; 0xf52 <__divsf3+0x18>
     f46:	21 f4       	brne	.+8      	; 0xf50 <__divsf3+0x16>
     f48:	5f 3f       	cpi	r21, 0xFF	; 255
     f4a:	19 f0       	breq	.+6      	; 0xf52 <__divsf3+0x18>
     f4c:	c7 c0       	rjmp	.+398    	; 0x10dc <__fp_inf>
     f4e:	51 11       	cpse	r21, r1
     f50:	10 c1       	rjmp	.+544    	; 0x1172 <__fp_szero>
     f52:	ca c0       	rjmp	.+404    	; 0x10e8 <__fp_nan>

00000f54 <__divsf3x>:
     f54:	eb d0       	rcall	.+470    	; 0x112c <__fp_split3>
     f56:	98 f3       	brcs	.-26     	; 0xf3e <__divsf3+0x4>

00000f58 <__divsf3_pse>:
     f58:	99 23       	and	r25, r25
     f5a:	c9 f3       	breq	.-14     	; 0xf4e <__divsf3+0x14>
     f5c:	55 23       	and	r21, r21
     f5e:	b1 f3       	breq	.-20     	; 0xf4c <__divsf3+0x12>
     f60:	95 1b       	sub	r25, r21
     f62:	55 0b       	sbc	r21, r21
     f64:	bb 27       	eor	r27, r27
     f66:	aa 27       	eor	r26, r26
     f68:	62 17       	cp	r22, r18
     f6a:	73 07       	cpc	r23, r19
     f6c:	84 07       	cpc	r24, r20
     f6e:	38 f0       	brcs	.+14     	; 0xf7e <__divsf3_pse+0x26>
     f70:	9f 5f       	subi	r25, 0xFF	; 255
     f72:	5f 4f       	sbci	r21, 0xFF	; 255
     f74:	22 0f       	add	r18, r18
     f76:	33 1f       	adc	r19, r19
     f78:	44 1f       	adc	r20, r20
     f7a:	aa 1f       	adc	r26, r26
     f7c:	a9 f3       	breq	.-22     	; 0xf68 <__divsf3_pse+0x10>
     f7e:	33 d0       	rcall	.+102    	; 0xfe6 <__divsf3_pse+0x8e>
     f80:	0e 2e       	mov	r0, r30
     f82:	3a f0       	brmi	.+14     	; 0xf92 <__divsf3_pse+0x3a>
     f84:	e0 e8       	ldi	r30, 0x80	; 128
     f86:	30 d0       	rcall	.+96     	; 0xfe8 <__divsf3_pse+0x90>
     f88:	91 50       	subi	r25, 0x01	; 1
     f8a:	50 40       	sbci	r21, 0x00	; 0
     f8c:	e6 95       	lsr	r30
     f8e:	00 1c       	adc	r0, r0
     f90:	ca f7       	brpl	.-14     	; 0xf84 <__divsf3_pse+0x2c>
     f92:	29 d0       	rcall	.+82     	; 0xfe6 <__divsf3_pse+0x8e>
     f94:	fe 2f       	mov	r31, r30
     f96:	27 d0       	rcall	.+78     	; 0xfe6 <__divsf3_pse+0x8e>
     f98:	66 0f       	add	r22, r22
     f9a:	77 1f       	adc	r23, r23
     f9c:	88 1f       	adc	r24, r24
     f9e:	bb 1f       	adc	r27, r27
     fa0:	26 17       	cp	r18, r22
     fa2:	37 07       	cpc	r19, r23
     fa4:	48 07       	cpc	r20, r24
     fa6:	ab 07       	cpc	r26, r27
     fa8:	b0 e8       	ldi	r27, 0x80	; 128
     faa:	09 f0       	breq	.+2      	; 0xfae <__divsf3_pse+0x56>
     fac:	bb 0b       	sbc	r27, r27
     fae:	80 2d       	mov	r24, r0
     fb0:	bf 01       	movw	r22, r30
     fb2:	ff 27       	eor	r31, r31
     fb4:	93 58       	subi	r25, 0x83	; 131
     fb6:	5f 4f       	sbci	r21, 0xFF	; 255
     fb8:	2a f0       	brmi	.+10     	; 0xfc4 <__divsf3_pse+0x6c>
     fba:	9e 3f       	cpi	r25, 0xFE	; 254
     fbc:	51 05       	cpc	r21, r1
     fbe:	68 f0       	brcs	.+26     	; 0xfda <__divsf3_pse+0x82>
     fc0:	8d c0       	rjmp	.+282    	; 0x10dc <__fp_inf>
     fc2:	d7 c0       	rjmp	.+430    	; 0x1172 <__fp_szero>
     fc4:	5f 3f       	cpi	r21, 0xFF	; 255
     fc6:	ec f3       	brlt	.-6      	; 0xfc2 <__divsf3_pse+0x6a>
     fc8:	98 3e       	cpi	r25, 0xE8	; 232
     fca:	dc f3       	brlt	.-10     	; 0xfc2 <__divsf3_pse+0x6a>
     fcc:	86 95       	lsr	r24
     fce:	77 95       	ror	r23
     fd0:	67 95       	ror	r22
     fd2:	b7 95       	ror	r27
     fd4:	f7 95       	ror	r31
     fd6:	9f 5f       	subi	r25, 0xFF	; 255
     fd8:	c9 f7       	brne	.-14     	; 0xfcc <__divsf3_pse+0x74>
     fda:	88 0f       	add	r24, r24
     fdc:	91 1d       	adc	r25, r1
     fde:	96 95       	lsr	r25
     fe0:	87 95       	ror	r24
     fe2:	97 f9       	bld	r25, 7
     fe4:	08 95       	ret
     fe6:	e1 e0       	ldi	r30, 0x01	; 1
     fe8:	66 0f       	add	r22, r22
     fea:	77 1f       	adc	r23, r23
     fec:	88 1f       	adc	r24, r24
     fee:	bb 1f       	adc	r27, r27
     ff0:	62 17       	cp	r22, r18
     ff2:	73 07       	cpc	r23, r19
     ff4:	84 07       	cpc	r24, r20
     ff6:	ba 07       	cpc	r27, r26
     ff8:	20 f0       	brcs	.+8      	; 0x1002 <__DATA_REGION_LENGTH__+0x2>
     ffa:	62 1b       	sub	r22, r18
     ffc:	73 0b       	sbc	r23, r19
     ffe:	84 0b       	sbc	r24, r20
    1000:	ba 0b       	sbc	r27, r26
    1002:	ee 1f       	adc	r30, r30
    1004:	88 f7       	brcc	.-30     	; 0xfe8 <__divsf3_pse+0x90>
    1006:	e0 95       	com	r30
    1008:	08 95       	ret

0000100a <__fixunssfsi>:
    100a:	98 d0       	rcall	.+304    	; 0x113c <__fp_splitA>
    100c:	88 f0       	brcs	.+34     	; 0x1030 <__fixunssfsi+0x26>
    100e:	9f 57       	subi	r25, 0x7F	; 127
    1010:	90 f0       	brcs	.+36     	; 0x1036 <__fixunssfsi+0x2c>
    1012:	b9 2f       	mov	r27, r25
    1014:	99 27       	eor	r25, r25
    1016:	b7 51       	subi	r27, 0x17	; 23
    1018:	a0 f0       	brcs	.+40     	; 0x1042 <__fixunssfsi+0x38>
    101a:	d1 f0       	breq	.+52     	; 0x1050 <__fixunssfsi+0x46>
    101c:	66 0f       	add	r22, r22
    101e:	77 1f       	adc	r23, r23
    1020:	88 1f       	adc	r24, r24
    1022:	99 1f       	adc	r25, r25
    1024:	1a f0       	brmi	.+6      	; 0x102c <__fixunssfsi+0x22>
    1026:	ba 95       	dec	r27
    1028:	c9 f7       	brne	.-14     	; 0x101c <__fixunssfsi+0x12>
    102a:	12 c0       	rjmp	.+36     	; 0x1050 <__fixunssfsi+0x46>
    102c:	b1 30       	cpi	r27, 0x01	; 1
    102e:	81 f0       	breq	.+32     	; 0x1050 <__fixunssfsi+0x46>
    1030:	9f d0       	rcall	.+318    	; 0x1170 <__fp_zero>
    1032:	b1 e0       	ldi	r27, 0x01	; 1
    1034:	08 95       	ret
    1036:	9c c0       	rjmp	.+312    	; 0x1170 <__fp_zero>
    1038:	67 2f       	mov	r22, r23
    103a:	78 2f       	mov	r23, r24
    103c:	88 27       	eor	r24, r24
    103e:	b8 5f       	subi	r27, 0xF8	; 248
    1040:	39 f0       	breq	.+14     	; 0x1050 <__fixunssfsi+0x46>
    1042:	b9 3f       	cpi	r27, 0xF9	; 249
    1044:	cc f3       	brlt	.-14     	; 0x1038 <__fixunssfsi+0x2e>
    1046:	86 95       	lsr	r24
    1048:	77 95       	ror	r23
    104a:	67 95       	ror	r22
    104c:	b3 95       	inc	r27
    104e:	d9 f7       	brne	.-10     	; 0x1046 <__fixunssfsi+0x3c>
    1050:	3e f4       	brtc	.+14     	; 0x1060 <__fixunssfsi+0x56>
    1052:	90 95       	com	r25
    1054:	80 95       	com	r24
    1056:	70 95       	com	r23
    1058:	61 95       	neg	r22
    105a:	7f 4f       	sbci	r23, 0xFF	; 255
    105c:	8f 4f       	sbci	r24, 0xFF	; 255
    105e:	9f 4f       	sbci	r25, 0xFF	; 255
    1060:	08 95       	ret

00001062 <__floatunsisf>:
    1062:	e8 94       	clt
    1064:	09 c0       	rjmp	.+18     	; 0x1078 <__floatsisf+0x12>

00001066 <__floatsisf>:
    1066:	97 fb       	bst	r25, 7
    1068:	3e f4       	brtc	.+14     	; 0x1078 <__floatsisf+0x12>
    106a:	90 95       	com	r25
    106c:	80 95       	com	r24
    106e:	70 95       	com	r23
    1070:	61 95       	neg	r22
    1072:	7f 4f       	sbci	r23, 0xFF	; 255
    1074:	8f 4f       	sbci	r24, 0xFF	; 255
    1076:	9f 4f       	sbci	r25, 0xFF	; 255
    1078:	99 23       	and	r25, r25
    107a:	a9 f0       	breq	.+42     	; 0x10a6 <__floatsisf+0x40>
    107c:	f9 2f       	mov	r31, r25
    107e:	96 e9       	ldi	r25, 0x96	; 150
    1080:	bb 27       	eor	r27, r27
    1082:	93 95       	inc	r25
    1084:	f6 95       	lsr	r31
    1086:	87 95       	ror	r24
    1088:	77 95       	ror	r23
    108a:	67 95       	ror	r22
    108c:	b7 95       	ror	r27
    108e:	f1 11       	cpse	r31, r1
    1090:	f8 cf       	rjmp	.-16     	; 0x1082 <__floatsisf+0x1c>
    1092:	fa f4       	brpl	.+62     	; 0x10d2 <__floatsisf+0x6c>
    1094:	bb 0f       	add	r27, r27
    1096:	11 f4       	brne	.+4      	; 0x109c <__floatsisf+0x36>
    1098:	60 ff       	sbrs	r22, 0
    109a:	1b c0       	rjmp	.+54     	; 0x10d2 <__floatsisf+0x6c>
    109c:	6f 5f       	subi	r22, 0xFF	; 255
    109e:	7f 4f       	sbci	r23, 0xFF	; 255
    10a0:	8f 4f       	sbci	r24, 0xFF	; 255
    10a2:	9f 4f       	sbci	r25, 0xFF	; 255
    10a4:	16 c0       	rjmp	.+44     	; 0x10d2 <__floatsisf+0x6c>
    10a6:	88 23       	and	r24, r24
    10a8:	11 f0       	breq	.+4      	; 0x10ae <__floatsisf+0x48>
    10aa:	96 e9       	ldi	r25, 0x96	; 150
    10ac:	11 c0       	rjmp	.+34     	; 0x10d0 <__floatsisf+0x6a>
    10ae:	77 23       	and	r23, r23
    10b0:	21 f0       	breq	.+8      	; 0x10ba <__floatsisf+0x54>
    10b2:	9e e8       	ldi	r25, 0x8E	; 142
    10b4:	87 2f       	mov	r24, r23
    10b6:	76 2f       	mov	r23, r22
    10b8:	05 c0       	rjmp	.+10     	; 0x10c4 <__floatsisf+0x5e>
    10ba:	66 23       	and	r22, r22
    10bc:	71 f0       	breq	.+28     	; 0x10da <__floatsisf+0x74>
    10be:	96 e8       	ldi	r25, 0x86	; 134
    10c0:	86 2f       	mov	r24, r22
    10c2:	70 e0       	ldi	r23, 0x00	; 0
    10c4:	60 e0       	ldi	r22, 0x00	; 0
    10c6:	2a f0       	brmi	.+10     	; 0x10d2 <__floatsisf+0x6c>
    10c8:	9a 95       	dec	r25
    10ca:	66 0f       	add	r22, r22
    10cc:	77 1f       	adc	r23, r23
    10ce:	88 1f       	adc	r24, r24
    10d0:	da f7       	brpl	.-10     	; 0x10c8 <__floatsisf+0x62>
    10d2:	88 0f       	add	r24, r24
    10d4:	96 95       	lsr	r25
    10d6:	87 95       	ror	r24
    10d8:	97 f9       	bld	r25, 7
    10da:	08 95       	ret

000010dc <__fp_inf>:
    10dc:	97 f9       	bld	r25, 7
    10de:	9f 67       	ori	r25, 0x7F	; 127
    10e0:	80 e8       	ldi	r24, 0x80	; 128
    10e2:	70 e0       	ldi	r23, 0x00	; 0
    10e4:	60 e0       	ldi	r22, 0x00	; 0
    10e6:	08 95       	ret

000010e8 <__fp_nan>:
    10e8:	9f ef       	ldi	r25, 0xFF	; 255
    10ea:	80 ec       	ldi	r24, 0xC0	; 192
    10ec:	08 95       	ret

000010ee <__fp_pscA>:
    10ee:	00 24       	eor	r0, r0
    10f0:	0a 94       	dec	r0
    10f2:	16 16       	cp	r1, r22
    10f4:	17 06       	cpc	r1, r23
    10f6:	18 06       	cpc	r1, r24
    10f8:	09 06       	cpc	r0, r25
    10fa:	08 95       	ret

000010fc <__fp_pscB>:
    10fc:	00 24       	eor	r0, r0
    10fe:	0a 94       	dec	r0
    1100:	12 16       	cp	r1, r18
    1102:	13 06       	cpc	r1, r19
    1104:	14 06       	cpc	r1, r20
    1106:	05 06       	cpc	r0, r21
    1108:	08 95       	ret

0000110a <__fp_round>:
    110a:	09 2e       	mov	r0, r25
    110c:	03 94       	inc	r0
    110e:	00 0c       	add	r0, r0
    1110:	11 f4       	brne	.+4      	; 0x1116 <__fp_round+0xc>
    1112:	88 23       	and	r24, r24
    1114:	52 f0       	brmi	.+20     	; 0x112a <__fp_round+0x20>
    1116:	bb 0f       	add	r27, r27
    1118:	40 f4       	brcc	.+16     	; 0x112a <__fp_round+0x20>
    111a:	bf 2b       	or	r27, r31
    111c:	11 f4       	brne	.+4      	; 0x1122 <__fp_round+0x18>
    111e:	60 ff       	sbrs	r22, 0
    1120:	04 c0       	rjmp	.+8      	; 0x112a <__fp_round+0x20>
    1122:	6f 5f       	subi	r22, 0xFF	; 255
    1124:	7f 4f       	sbci	r23, 0xFF	; 255
    1126:	8f 4f       	sbci	r24, 0xFF	; 255
    1128:	9f 4f       	sbci	r25, 0xFF	; 255
    112a:	08 95       	ret

0000112c <__fp_split3>:
    112c:	57 fd       	sbrc	r21, 7
    112e:	90 58       	subi	r25, 0x80	; 128
    1130:	44 0f       	add	r20, r20
    1132:	55 1f       	adc	r21, r21
    1134:	59 f0       	breq	.+22     	; 0x114c <__fp_splitA+0x10>
    1136:	5f 3f       	cpi	r21, 0xFF	; 255
    1138:	71 f0       	breq	.+28     	; 0x1156 <__fp_splitA+0x1a>
    113a:	47 95       	ror	r20

0000113c <__fp_splitA>:
    113c:	88 0f       	add	r24, r24
    113e:	97 fb       	bst	r25, 7
    1140:	99 1f       	adc	r25, r25
    1142:	61 f0       	breq	.+24     	; 0x115c <__fp_splitA+0x20>
    1144:	9f 3f       	cpi	r25, 0xFF	; 255
    1146:	79 f0       	breq	.+30     	; 0x1166 <__fp_splitA+0x2a>
    1148:	87 95       	ror	r24
    114a:	08 95       	ret
    114c:	12 16       	cp	r1, r18
    114e:	13 06       	cpc	r1, r19
    1150:	14 06       	cpc	r1, r20
    1152:	55 1f       	adc	r21, r21
    1154:	f2 cf       	rjmp	.-28     	; 0x113a <__fp_split3+0xe>
    1156:	46 95       	lsr	r20
    1158:	f1 df       	rcall	.-30     	; 0x113c <__fp_splitA>
    115a:	08 c0       	rjmp	.+16     	; 0x116c <__fp_splitA+0x30>
    115c:	16 16       	cp	r1, r22
    115e:	17 06       	cpc	r1, r23
    1160:	18 06       	cpc	r1, r24
    1162:	99 1f       	adc	r25, r25
    1164:	f1 cf       	rjmp	.-30     	; 0x1148 <__fp_splitA+0xc>
    1166:	86 95       	lsr	r24
    1168:	71 05       	cpc	r23, r1
    116a:	61 05       	cpc	r22, r1
    116c:	08 94       	sec
    116e:	08 95       	ret

00001170 <__fp_zero>:
    1170:	e8 94       	clt

00001172 <__fp_szero>:
    1172:	bb 27       	eor	r27, r27
    1174:	66 27       	eor	r22, r22
    1176:	77 27       	eor	r23, r23
    1178:	cb 01       	movw	r24, r22
    117a:	97 f9       	bld	r25, 7
    117c:	08 95       	ret
    117e:	0e f0       	brts	.+2      	; 0x1182 <__fp_szero+0x10>
    1180:	a6 c0       	rjmp	.+332    	; 0x12ce <__fp_mpack>
    1182:	b2 cf       	rjmp	.-156    	; 0x10e8 <__fp_nan>
    1184:	68 94       	set
    1186:	aa cf       	rjmp	.-172    	; 0x10dc <__fp_inf>

00001188 <log>:
    1188:	d9 df       	rcall	.-78     	; 0x113c <__fp_splitA>
    118a:	c8 f3       	brcs	.-14     	; 0x117e <__fp_szero+0xc>
    118c:	99 23       	and	r25, r25
    118e:	d1 f3       	breq	.-12     	; 0x1184 <__fp_szero+0x12>
    1190:	c6 f3       	brts	.-16     	; 0x1182 <__fp_szero+0x10>
    1192:	df 93       	push	r29
    1194:	cf 93       	push	r28
    1196:	1f 93       	push	r17
    1198:	0f 93       	push	r16
    119a:	ff 92       	push	r15
    119c:	c9 2f       	mov	r28, r25
    119e:	dd 27       	eor	r29, r29
    11a0:	88 23       	and	r24, r24
    11a2:	2a f0       	brmi	.+10     	; 0x11ae <log+0x26>
    11a4:	21 97       	sbiw	r28, 0x01	; 1
    11a6:	66 0f       	add	r22, r22
    11a8:	77 1f       	adc	r23, r23
    11aa:	88 1f       	adc	r24, r24
    11ac:	da f7       	brpl	.-10     	; 0x11a4 <log+0x1c>
    11ae:	20 e0       	ldi	r18, 0x00	; 0
    11b0:	30 e0       	ldi	r19, 0x00	; 0
    11b2:	40 e8       	ldi	r20, 0x80	; 128
    11b4:	5f eb       	ldi	r21, 0xBF	; 191
    11b6:	9f e3       	ldi	r25, 0x3F	; 63
    11b8:	88 39       	cpi	r24, 0x98	; 152
    11ba:	20 f0       	brcs	.+8      	; 0x11c4 <log+0x3c>
    11bc:	80 3e       	cpi	r24, 0xE0	; 224
    11be:	30 f0       	brcs	.+12     	; 0x11cc <log+0x44>
    11c0:	21 96       	adiw	r28, 0x01	; 1
    11c2:	8f 77       	andi	r24, 0x7F	; 127
    11c4:	56 de       	rcall	.-852    	; 0xe72 <__addsf3>
    11c6:	e4 e9       	ldi	r30, 0x94	; 148
    11c8:	f0 e0       	ldi	r31, 0x00	; 0
    11ca:	03 c0       	rjmp	.+6      	; 0x11d2 <log+0x4a>
    11cc:	52 de       	rcall	.-860    	; 0xe72 <__addsf3>
    11ce:	e1 ec       	ldi	r30, 0xC1	; 193
    11d0:	f0 e0       	ldi	r31, 0x00	; 0
    11d2:	8b d0       	rcall	.+278    	; 0x12ea <__fp_powser>
    11d4:	8b 01       	movw	r16, r22
    11d6:	be 01       	movw	r22, r28
    11d8:	ec 01       	movw	r28, r24
    11da:	fb 2e       	mov	r15, r27
    11dc:	6f 57       	subi	r22, 0x7F	; 127
    11de:	71 09       	sbc	r23, r1
    11e0:	75 95       	asr	r23
    11e2:	77 1f       	adc	r23, r23
    11e4:	88 0b       	sbc	r24, r24
    11e6:	99 0b       	sbc	r25, r25
    11e8:	3e df       	rcall	.-388    	; 0x1066 <__floatsisf>
    11ea:	28 e1       	ldi	r18, 0x18	; 24
    11ec:	32 e7       	ldi	r19, 0x72	; 114
    11ee:	41 e3       	ldi	r20, 0x31	; 49
    11f0:	5f e3       	ldi	r21, 0x3F	; 63
    11f2:	16 d0       	rcall	.+44     	; 0x1220 <__mulsf3x>
    11f4:	af 2d       	mov	r26, r15
    11f6:	98 01       	movw	r18, r16
    11f8:	ae 01       	movw	r20, r28
    11fa:	ff 90       	pop	r15
    11fc:	0f 91       	pop	r16
    11fe:	1f 91       	pop	r17
    1200:	cf 91       	pop	r28
    1202:	df 91       	pop	r29
    1204:	47 de       	rcall	.-882    	; 0xe94 <__addsf3x>
    1206:	81 cf       	rjmp	.-254    	; 0x110a <__fp_round>

00001208 <__mulsf3>:
    1208:	0b d0       	rcall	.+22     	; 0x1220 <__mulsf3x>
    120a:	7f cf       	rjmp	.-258    	; 0x110a <__fp_round>
    120c:	70 df       	rcall	.-288    	; 0x10ee <__fp_pscA>
    120e:	28 f0       	brcs	.+10     	; 0x121a <__mulsf3+0x12>
    1210:	75 df       	rcall	.-278    	; 0x10fc <__fp_pscB>
    1212:	18 f0       	brcs	.+6      	; 0x121a <__mulsf3+0x12>
    1214:	95 23       	and	r25, r21
    1216:	09 f0       	breq	.+2      	; 0x121a <__mulsf3+0x12>
    1218:	61 cf       	rjmp	.-318    	; 0x10dc <__fp_inf>
    121a:	66 cf       	rjmp	.-308    	; 0x10e8 <__fp_nan>
    121c:	11 24       	eor	r1, r1
    121e:	a9 cf       	rjmp	.-174    	; 0x1172 <__fp_szero>

00001220 <__mulsf3x>:
    1220:	85 df       	rcall	.-246    	; 0x112c <__fp_split3>
    1222:	a0 f3       	brcs	.-24     	; 0x120c <__mulsf3+0x4>

00001224 <__mulsf3_pse>:
    1224:	95 9f       	mul	r25, r21
    1226:	d1 f3       	breq	.-12     	; 0x121c <__mulsf3+0x14>
    1228:	95 0f       	add	r25, r21
    122a:	50 e0       	ldi	r21, 0x00	; 0
    122c:	55 1f       	adc	r21, r21
    122e:	62 9f       	mul	r22, r18
    1230:	f0 01       	movw	r30, r0
    1232:	72 9f       	mul	r23, r18
    1234:	bb 27       	eor	r27, r27
    1236:	f0 0d       	add	r31, r0
    1238:	b1 1d       	adc	r27, r1
    123a:	63 9f       	mul	r22, r19
    123c:	aa 27       	eor	r26, r26
    123e:	f0 0d       	add	r31, r0
    1240:	b1 1d       	adc	r27, r1
    1242:	aa 1f       	adc	r26, r26
    1244:	64 9f       	mul	r22, r20
    1246:	66 27       	eor	r22, r22
    1248:	b0 0d       	add	r27, r0
    124a:	a1 1d       	adc	r26, r1
    124c:	66 1f       	adc	r22, r22
    124e:	82 9f       	mul	r24, r18
    1250:	22 27       	eor	r18, r18
    1252:	b0 0d       	add	r27, r0
    1254:	a1 1d       	adc	r26, r1
    1256:	62 1f       	adc	r22, r18
    1258:	73 9f       	mul	r23, r19
    125a:	b0 0d       	add	r27, r0
    125c:	a1 1d       	adc	r26, r1
    125e:	62 1f       	adc	r22, r18
    1260:	83 9f       	mul	r24, r19
    1262:	a0 0d       	add	r26, r0
    1264:	61 1d       	adc	r22, r1
    1266:	22 1f       	adc	r18, r18
    1268:	74 9f       	mul	r23, r20
    126a:	33 27       	eor	r19, r19
    126c:	a0 0d       	add	r26, r0
    126e:	61 1d       	adc	r22, r1
    1270:	23 1f       	adc	r18, r19
    1272:	84 9f       	mul	r24, r20
    1274:	60 0d       	add	r22, r0
    1276:	21 1d       	adc	r18, r1
    1278:	82 2f       	mov	r24, r18
    127a:	76 2f       	mov	r23, r22
    127c:	6a 2f       	mov	r22, r26
    127e:	11 24       	eor	r1, r1
    1280:	9f 57       	subi	r25, 0x7F	; 127
    1282:	50 40       	sbci	r21, 0x00	; 0
    1284:	8a f0       	brmi	.+34     	; 0x12a8 <__mulsf3_pse+0x84>
    1286:	e1 f0       	breq	.+56     	; 0x12c0 <__mulsf3_pse+0x9c>
    1288:	88 23       	and	r24, r24
    128a:	4a f0       	brmi	.+18     	; 0x129e <__mulsf3_pse+0x7a>
    128c:	ee 0f       	add	r30, r30
    128e:	ff 1f       	adc	r31, r31
    1290:	bb 1f       	adc	r27, r27
    1292:	66 1f       	adc	r22, r22
    1294:	77 1f       	adc	r23, r23
    1296:	88 1f       	adc	r24, r24
    1298:	91 50       	subi	r25, 0x01	; 1
    129a:	50 40       	sbci	r21, 0x00	; 0
    129c:	a9 f7       	brne	.-22     	; 0x1288 <__mulsf3_pse+0x64>
    129e:	9e 3f       	cpi	r25, 0xFE	; 254
    12a0:	51 05       	cpc	r21, r1
    12a2:	70 f0       	brcs	.+28     	; 0x12c0 <__mulsf3_pse+0x9c>
    12a4:	1b cf       	rjmp	.-458    	; 0x10dc <__fp_inf>
    12a6:	65 cf       	rjmp	.-310    	; 0x1172 <__fp_szero>
    12a8:	5f 3f       	cpi	r21, 0xFF	; 255
    12aa:	ec f3       	brlt	.-6      	; 0x12a6 <__mulsf3_pse+0x82>
    12ac:	98 3e       	cpi	r25, 0xE8	; 232
    12ae:	dc f3       	brlt	.-10     	; 0x12a6 <__mulsf3_pse+0x82>
    12b0:	86 95       	lsr	r24
    12b2:	77 95       	ror	r23
    12b4:	67 95       	ror	r22
    12b6:	b7 95       	ror	r27
    12b8:	f7 95       	ror	r31
    12ba:	e7 95       	ror	r30
    12bc:	9f 5f       	subi	r25, 0xFF	; 255
    12be:	c1 f7       	brne	.-16     	; 0x12b0 <__mulsf3_pse+0x8c>
    12c0:	fe 2b       	or	r31, r30
    12c2:	88 0f       	add	r24, r24
    12c4:	91 1d       	adc	r25, r1
    12c6:	96 95       	lsr	r25
    12c8:	87 95       	ror	r24
    12ca:	97 f9       	bld	r25, 7
    12cc:	08 95       	ret

000012ce <__fp_mpack>:
    12ce:	9f 3f       	cpi	r25, 0xFF	; 255
    12d0:	31 f0       	breq	.+12     	; 0x12de <__fp_mpack_finite+0xc>

000012d2 <__fp_mpack_finite>:
    12d2:	91 50       	subi	r25, 0x01	; 1
    12d4:	20 f4       	brcc	.+8      	; 0x12de <__fp_mpack_finite+0xc>
    12d6:	87 95       	ror	r24
    12d8:	77 95       	ror	r23
    12da:	67 95       	ror	r22
    12dc:	b7 95       	ror	r27
    12de:	88 0f       	add	r24, r24
    12e0:	91 1d       	adc	r25, r1
    12e2:	96 95       	lsr	r25
    12e4:	87 95       	ror	r24
    12e6:	97 f9       	bld	r25, 7
    12e8:	08 95       	ret

000012ea <__fp_powser>:
    12ea:	df 93       	push	r29
    12ec:	cf 93       	push	r28
    12ee:	1f 93       	push	r17
    12f0:	0f 93       	push	r16
    12f2:	ff 92       	push	r15
    12f4:	ef 92       	push	r14
    12f6:	df 92       	push	r13
    12f8:	7b 01       	movw	r14, r22
    12fa:	8c 01       	movw	r16, r24
    12fc:	68 94       	set
    12fe:	05 c0       	rjmp	.+10     	; 0x130a <__fp_powser+0x20>
    1300:	da 2e       	mov	r13, r26
    1302:	ef 01       	movw	r28, r30
    1304:	8d df       	rcall	.-230    	; 0x1220 <__mulsf3x>
    1306:	fe 01       	movw	r30, r28
    1308:	e8 94       	clt
    130a:	a5 91       	lpm	r26, Z+
    130c:	25 91       	lpm	r18, Z+
    130e:	35 91       	lpm	r19, Z+
    1310:	45 91       	lpm	r20, Z+
    1312:	55 91       	lpm	r21, Z+
    1314:	ae f3       	brts	.-22     	; 0x1300 <__fp_powser+0x16>
    1316:	ef 01       	movw	r28, r30
    1318:	bd dd       	rcall	.-1158   	; 0xe94 <__addsf3x>
    131a:	fe 01       	movw	r30, r28
    131c:	97 01       	movw	r18, r14
    131e:	a8 01       	movw	r20, r16
    1320:	da 94       	dec	r13
    1322:	79 f7       	brne	.-34     	; 0x1302 <__fp_powser+0x18>
    1324:	df 90       	pop	r13
    1326:	ef 90       	pop	r14
    1328:	ff 90       	pop	r15
    132a:	0f 91       	pop	r16
    132c:	1f 91       	pop	r17
    132e:	cf 91       	pop	r28
    1330:	df 91       	pop	r29
    1332:	08 95       	ret

00001334 <_exit>:
    1334:	f8 94       	cli

00001336 <__stop_program>:
    1336:	ff cf       	rjmp	.-2      	; 0x1336 <__stop_program>
