
AT90CAN_SHB.elf:     file format elf32-avr

Sections:
Idx Name          Size      VMA       LMA       File off  Algn
  0 .data         00000002  00800100  000015ea  0000167e  2**0
                  CONTENTS, ALLOC, LOAD, DATA
  1 .text         000015ea  00000000  00000000  00000094  2**1
                  CONTENTS, ALLOC, LOAD, READONLY, CODE
  2 .bss          0000004d  00800102  00800102  00001680  2**0
                  ALLOC
  3 .comment      00000030  00000000  00000000  00001680  2**0
                  CONTENTS, READONLY
  4 .note.gnu.avr.deviceinfo 00000040  00000000  00000000  000016b0  2**2
                  CONTENTS, READONLY
  5 .debug_aranges 00000158  00000000  00000000  000016f0  2**0
                  CONTENTS, READONLY, DEBUGGING
  6 .debug_info   00001448  00000000  00000000  00001848  2**0
                  CONTENTS, READONLY, DEBUGGING
  7 .debug_abbrev 00000e5d  00000000  00000000  00002c90  2**0
                  CONTENTS, READONLY, DEBUGGING
  8 .debug_line   00000dfc  00000000  00000000  00003aed  2**0
                  CONTENTS, READONLY, DEBUGGING
  9 .debug_frame  000003f0  00000000  00000000  000048ec  2**2
                  CONTENTS, READONLY, DEBUGGING
 10 .debug_str    000008b2  00000000  00000000  00004cdc  2**0
                  CONTENTS, READONLY, DEBUGGING
 11 .debug_loc    00000723  00000000  00000000  0000558e  2**0
                  CONTENTS, READONLY, DEBUGGING
 12 .debug_ranges 000000e8  00000000  00000000  00005cb1  2**0
                  CONTENTS, READONLY, DEBUGGING

Disassembly of section .text:

00000000 <__vectors>:
       0:	8a c0       	rjmp	.+276    	; 0x116 <__ctors_end>
       2:	00 00       	nop
       4:	a6 c0       	rjmp	.+332    	; 0x152 <__bad_interrupt>
       6:	00 00       	nop
       8:	a4 c0       	rjmp	.+328    	; 0x152 <__bad_interrupt>
       a:	00 00       	nop
       c:	a2 c0       	rjmp	.+324    	; 0x152 <__bad_interrupt>
       e:	00 00       	nop
      10:	a0 c0       	rjmp	.+320    	; 0x152 <__bad_interrupt>
      12:	00 00       	nop
      14:	9e c0       	rjmp	.+316    	; 0x152 <__bad_interrupt>
      16:	00 00       	nop
      18:	9c c0       	rjmp	.+312    	; 0x152 <__bad_interrupt>
      1a:	00 00       	nop
      1c:	9a c0       	rjmp	.+308    	; 0x152 <__bad_interrupt>
      1e:	00 00       	nop
      20:	98 c0       	rjmp	.+304    	; 0x152 <__bad_interrupt>
      22:	00 00       	nop
      24:	96 c0       	rjmp	.+300    	; 0x152 <__bad_interrupt>
      26:	00 00       	nop
      28:	94 c0       	rjmp	.+296    	; 0x152 <__bad_interrupt>
      2a:	00 00       	nop
      2c:	92 c0       	rjmp	.+292    	; 0x152 <__bad_interrupt>
      2e:	00 00       	nop
      30:	90 c0       	rjmp	.+288    	; 0x152 <__bad_interrupt>
      32:	00 00       	nop
      34:	8e c0       	rjmp	.+284    	; 0x152 <__bad_interrupt>
      36:	00 00       	nop
      38:	8c c0       	rjmp	.+280    	; 0x152 <__bad_interrupt>
      3a:	00 00       	nop
      3c:	8a c0       	rjmp	.+276    	; 0x152 <__bad_interrupt>
      3e:	00 00       	nop
      40:	41 c5       	rjmp	.+2690   	; 0xac4 <__vector_16>
      42:	00 00       	nop
      44:	86 c0       	rjmp	.+268    	; 0x152 <__bad_interrupt>
      46:	00 00       	nop
      48:	84 c0       	rjmp	.+264    	; 0x152 <__bad_interrupt>
      4a:	00 00       	nop
      4c:	82 c0       	rjmp	.+260    	; 0x152 <__bad_interrupt>
      4e:	00 00       	nop
      50:	80 c0       	rjmp	.+256    	; 0x152 <__bad_interrupt>
      52:	00 00       	nop
      54:	7e c0       	rjmp	.+252    	; 0x152 <__bad_interrupt>
      56:	00 00       	nop
      58:	7c c0       	rjmp	.+248    	; 0x152 <__bad_interrupt>
      5a:	00 00       	nop
      5c:	7a c0       	rjmp	.+244    	; 0x152 <__bad_interrupt>
      5e:	00 00       	nop
      60:	78 c0       	rjmp	.+240    	; 0x152 <__bad_interrupt>
      62:	00 00       	nop
      64:	a4 c0       	rjmp	.+328    	; 0x1ae <__vector_25>
      66:	00 00       	nop
      68:	74 c0       	rjmp	.+232    	; 0x152 <__bad_interrupt>
      6a:	00 00       	nop
      6c:	72 c0       	rjmp	.+228    	; 0x152 <__bad_interrupt>
      6e:	00 00       	nop
      70:	70 c0       	rjmp	.+224    	; 0x152 <__bad_interrupt>
      72:	00 00       	nop
      74:	6e c0       	rjmp	.+220    	; 0x152 <__bad_interrupt>
      76:	00 00       	nop
      78:	6c c0       	rjmp	.+216    	; 0x152 <__bad_interrupt>
      7a:	00 00       	nop
      7c:	6a c0       	rjmp	.+212    	; 0x152 <__bad_interrupt>
      7e:	00 00       	nop
      80:	68 c0       	rjmp	.+208    	; 0x152 <__bad_interrupt>
      82:	00 00       	nop
      84:	66 c0       	rjmp	.+204    	; 0x152 <__bad_interrupt>
      86:	00 00       	nop
      88:	64 c0       	rjmp	.+200    	; 0x152 <__bad_interrupt>
      8a:	00 00       	nop
      8c:	62 c0       	rjmp	.+196    	; 0x152 <__bad_interrupt>
      8e:	00 00       	nop
      90:	60 c0       	rjmp	.+192    	; 0x152 <__bad_interrupt>
      92:	00 00       	nop
      94:	07 63       	ori	r16, 0x37	; 55
      96:	42 36       	cpi	r20, 0x62	; 98
      98:	b7 9b       	sbis	0x16, 7	; 22
      9a:	d8 a7       	std	Y+40, r29	; 0x28
      9c:	1a 39       	cpi	r17, 0x9A	; 154
      9e:	68 56       	subi	r22, 0x68	; 104
      a0:	18 ae       	std	Y+56, r1	; 0x38
      a2:	ba ab       	std	Y+50, r27	; 0x32
      a4:	55 8c       	ldd	r5, Z+29	; 0x1d
      a6:	1d 3c       	cpi	r17, 0xCD	; 205
      a8:	b7 cc       	rjmp	.-1682   	; 0xfffffa18 <__eeprom_end+0xff7efa18>
      aa:	57 63       	ori	r21, 0x37	; 55
      ac:	bd 6d       	ori	r27, 0xDD	; 221
      ae:	ed fd       	.word	0xfded	; ????
      b0:	75 3e       	cpi	r23, 0xE5	; 229
      b2:	f6 17       	cp	r31, r22
      b4:	72 31       	cpi	r23, 0x12	; 18
      b6:	bf 00       	.word	0x00bf	; ????
      b8:	00 00       	nop
      ba:	80 3f       	cpi	r24, 0xF0	; 240
      bc:	08 00       	.word	0x0008	; ????
      be:	00 00       	nop
      c0:	be 92       	st	-X, r11
      c2:	24 49       	sbci	r18, 0x94	; 148
      c4:	12 3e       	cpi	r17, 0xE2	; 226
      c6:	ab aa       	std	Y+51, r10	; 0x33
      c8:	aa 2a       	or	r10, r26
      ca:	be cd       	rjmp	.-1156   	; 0xfffffc48 <__eeprom_end+0xff7efc48>
      cc:	cc cc       	rjmp	.-1640   	; 0xfffffa66 <__eeprom_end+0xff7efa66>
      ce:	4c 3e       	cpi	r20, 0xEC	; 236
      d0:	00 00       	nop
      d2:	00 80       	ld	r0, Z
      d4:	be ab       	std	Y+54, r27	; 0x36
      d6:	aa aa       	std	Y+50, r10	; 0x32
      d8:	aa 3e       	cpi	r26, 0xEA	; 234
      da:	00 00       	nop
      dc:	00 00       	nop
      de:	bf 00       	.word	0x00bf	; ????
      e0:	00 00       	nop
      e2:	80 3f       	cpi	r24, 0xF0	; 240
      e4:	00 00       	nop
      e6:	00 00       	nop
      e8:	00 08       	sbc	r0, r0
      ea:	41 78       	andi	r20, 0x81	; 129
      ec:	d3 bb       	out	0x13, r29	; 19
      ee:	43 87       	std	Z+11, r20	; 0x0b
      f0:	d1 13       	cpse	r29, r17
      f2:	3d 19       	sub	r19, r13
      f4:	0e 3c       	cpi	r16, 0xCE	; 206
      f6:	c3 bd       	out	0x23, r28	; 35
      f8:	42 82       	std	Z+2, r4	; 0x02
      fa:	ad 2b       	or	r26, r29
      fc:	3e 68       	ori	r19, 0x8E	; 142
      fe:	ec 82       	std	Y+4, r14	; 0x04
     100:	76 be       	out	0x36, r7	; 54
     102:	d9 8f       	std	Y+25, r29	; 0x19
     104:	e1 a9       	ldd	r30, Z+49	; 0x31
     106:	3e 4c       	sbci	r19, 0xCE	; 206
     108:	80 ef       	ldi	r24, 0xF0	; 240
     10a:	ff be       	out	0x3f, r15	; 63
     10c:	01 c4       	rjmp	.+2050   	; 0x910 <main+0x396>
     10e:	ff 7f       	andi	r31, 0xFF	; 255
     110:	3f 00       	.word	0x003f	; ????
     112:	00 00       	nop
	...

00000116 <__ctors_end>:
     116:	11 24       	eor	r1, r1
     118:	1f be       	out	0x3f, r1	; 63
     11a:	cf ef       	ldi	r28, 0xFF	; 255
     11c:	d0 e1       	ldi	r29, 0x10	; 16
     11e:	de bf       	out	0x3e, r29	; 62
     120:	cd bf       	out	0x3d, r28	; 61

00000122 <__do_copy_data>:
     122:	11 e0       	ldi	r17, 0x01	; 1
     124:	a0 e0       	ldi	r26, 0x00	; 0
     126:	b1 e0       	ldi	r27, 0x01	; 1
     128:	ea ee       	ldi	r30, 0xEA	; 234
     12a:	f5 e1       	ldi	r31, 0x15	; 21
     12c:	00 e0       	ldi	r16, 0x00	; 0
     12e:	0b bf       	out	0x3b, r16	; 59
     130:	02 c0       	rjmp	.+4      	; 0x136 <__do_copy_data+0x14>
     132:	07 90       	elpm	r0, Z+
     134:	0d 92       	st	X+, r0
     136:	a2 30       	cpi	r26, 0x02	; 2
     138:	b1 07       	cpc	r27, r17
     13a:	d9 f7       	brne	.-10     	; 0x132 <__do_copy_data+0x10>

0000013c <__do_clear_bss>:
     13c:	21 e0       	ldi	r18, 0x01	; 1
     13e:	a2 e0       	ldi	r26, 0x02	; 2
     140:	b1 e0       	ldi	r27, 0x01	; 1
     142:	01 c0       	rjmp	.+2      	; 0x146 <.do_clear_bss_start>

00000144 <.do_clear_bss_loop>:
     144:	1d 92       	st	X+, r1

00000146 <.do_clear_bss_start>:
     146:	af 34       	cpi	r26, 0x4F	; 79
     148:	b2 07       	cpc	r27, r18
     14a:	e1 f7       	brne	.-8      	; 0x144 <.do_clear_bss_loop>
     14c:	16 d2       	rcall	.+1068   	; 0x57a <main>
     14e:	0c 94 f3 0a 	jmp	0x15e6	; 0x15e6 <_exit>

00000152 <__bad_interrupt>:
     152:	56 cf       	rjmp	.-340    	; 0x0 <__vectors>

00000154 <adc_config>:
uint8_t adc_next = 0;



void adc_config()
{
     154:	cf 93       	push	r28
     156:	df 93       	push	r29
     158:	cd b7       	in	r28, 0x3d	; 61
     15a:	de b7       	in	r29, 0x3e	; 62
	//AREF = AVCC, PF0
	ADMUX = (1<<REFS0) | (1<<MUX0);
     15c:	8c e7       	ldi	r24, 0x7C	; 124
     15e:	90 e0       	ldi	r25, 0x00	; 0
     160:	21 e4       	ldi	r18, 0x41	; 65
     162:	fc 01       	movw	r30, r24
     164:	20 83       	st	Z, r18
	//ADC Enable, /16, Interrupt Enable
	ADCSRA = (1<<ADEN) | (1<<ADPS2) | (0<<ADPS1) | (0<<ADPS0) | (1<<ADIE);
     166:	8a e7       	ldi	r24, 0x7A	; 122
     168:	90 e0       	ldi	r25, 0x00	; 0
     16a:	2c e8       	ldi	r18, 0x8C	; 140
     16c:	fc 01       	movw	r30, r24
     16e:	20 83       	st	Z, r18
	//Start Conversion
	ADCSRA |= (1<<ADSC);
     170:	8a e7       	ldi	r24, 0x7A	; 122
     172:	90 e0       	ldi	r25, 0x00	; 0
     174:	2a e7       	ldi	r18, 0x7A	; 122
     176:	30 e0       	ldi	r19, 0x00	; 0
     178:	f9 01       	movw	r30, r18
     17a:	20 81       	ld	r18, Z
     17c:	20 64       	ori	r18, 0x40	; 64
     17e:	fc 01       	movw	r30, r24
     180:	20 83       	st	Z, r18
}
     182:	00 00       	nop
     184:	df 91       	pop	r29
     186:	cf 91       	pop	r28
     188:	08 95       	ret

0000018a <adc_start_conversion>:

void adc_start_conversion()
{
     18a:	cf 93       	push	r28
     18c:	df 93       	push	r29
     18e:	cd b7       	in	r28, 0x3d	; 61
     190:	de b7       	in	r29, 0x3e	; 62
	//start next conversion with same config
	ADCSRA = (1<<ADEN) | (1<<ADPS2) | (0<<ADPS1) | (1<<ADPS0) | (1<<ADIE) | (1<<ADSC); //prescaler to 16
     192:	8a e7       	ldi	r24, 0x7A	; 122
     194:	90 e0       	ldi	r25, 0x00	; 0
     196:	2d ec       	ldi	r18, 0xCD	; 205
     198:	fc 01       	movw	r30, r24
     19a:	20 83       	st	Z, r18
	//!!! Currently we have to Start the conversion manually with ADSC=1. Normally SMCR should auto trigger the conversion but as of now it does not work. neither do we know if the uC goes into Noise reduction mode
	SMCR = (1<<SM0)|(0<<SM1)|(0<<SM2); //enable ADC noise reduction mode and starts the conversion
     19c:	83 e5       	ldi	r24, 0x53	; 83
     19e:	90 e0       	ldi	r25, 0x00	; 0
     1a0:	22 e0       	ldi	r18, 0x02	; 2
     1a2:	fc 01       	movw	r30, r24
     1a4:	20 83       	st	Z, r18
}
     1a6:	00 00       	nop
     1a8:	df 91       	pop	r29
     1aa:	cf 91       	pop	r28
     1ac:	08 95       	ret

000001ae <__vector_25>:


ISR(ADC_vect){
     1ae:	1f 92       	push	r1
     1b0:	0f 92       	push	r0
     1b2:	00 90 5f 00 	lds	r0, 0x005F	; 0x80005f <__TEXT_REGION_LENGTH__+0x7e005f>
     1b6:	0f 92       	push	r0
     1b8:	11 24       	eor	r1, r1
     1ba:	00 90 5b 00 	lds	r0, 0x005B	; 0x80005b <__TEXT_REGION_LENGTH__+0x7e005b>
     1be:	0f 92       	push	r0
     1c0:	2f 93       	push	r18
     1c2:	3f 93       	push	r19
     1c4:	8f 93       	push	r24
     1c6:	9f 93       	push	r25
     1c8:	ef 93       	push	r30
     1ca:	ff 93       	push	r31
     1cc:	cf 93       	push	r28
     1ce:	df 93       	push	r29
     1d0:	cd b7       	in	r28, 0x3d	; 61
     1d2:	de b7       	in	r29, 0x3e	; 62
	
	// store ADC result
	adc_values[adc_next] = ADC;
     1d4:	80 91 02 01 	lds	r24, 0x0102	; 0x800102 <__data_end>
     1d8:	88 2f       	mov	r24, r24
     1da:	90 e0       	ldi	r25, 0x00	; 0
     1dc:	28 e7       	ldi	r18, 0x78	; 120
     1de:	30 e0       	ldi	r19, 0x00	; 0
     1e0:	f9 01       	movw	r30, r18
     1e2:	20 81       	ld	r18, Z
     1e4:	31 81       	ldd	r19, Z+1	; 0x01
     1e6:	88 0f       	add	r24, r24
     1e8:	99 1f       	adc	r25, r25
     1ea:	86 5e       	subi	r24, 0xE6	; 230
     1ec:	9e 4f       	sbci	r25, 0xFE	; 254
     1ee:	fc 01       	movw	r30, r24
     1f0:	31 83       	std	Z+1, r19	; 0x01
     1f2:	20 83       	st	Z, r18
	adc_next++;
     1f4:	80 91 02 01 	lds	r24, 0x0102	; 0x800102 <__data_end>
     1f8:	8f 5f       	subi	r24, 0xFF	; 255
     1fa:	80 93 02 01 	sts	0x0102, r24	; 0x800102 <__data_end>
	
	// reset index var
	if(adc_next == ADCVALUES){
     1fe:	80 91 02 01 	lds	r24, 0x0102	; 0x800102 <__data_end>
     202:	85 30       	cpi	r24, 0x05	; 5
     204:	11 f4       	brne	.+4      	; 0x20a <__vector_25+0x5c>
		adc_next = 0;
     206:	10 92 02 01 	sts	0x0102, r1	; 0x800102 <__data_end>
	}
	// select other ADC Input
	ADMUX = (1<<REFS0) | adc_next;
     20a:	8c e7       	ldi	r24, 0x7C	; 124
     20c:	90 e0       	ldi	r25, 0x00	; 0
     20e:	20 91 02 01 	lds	r18, 0x0102	; 0x800102 <__data_end>
     212:	20 64       	ori	r18, 0x40	; 64
     214:	fc 01       	movw	r30, r24
     216:	20 83       	st	Z, r18
	
}
     218:	00 00       	nop
     21a:	df 91       	pop	r29
     21c:	cf 91       	pop	r28
     21e:	ff 91       	pop	r31
     220:	ef 91       	pop	r30
     222:	9f 91       	pop	r25
     224:	8f 91       	pop	r24
     226:	3f 91       	pop	r19
     228:	2f 91       	pop	r18
     22a:	0f 90       	pop	r0
     22c:	00 92 5b 00 	sts	0x005B, r0	; 0x80005b <__TEXT_REGION_LENGTH__+0x7e005b>
     230:	0f 90       	pop	r0
     232:	00 92 5f 00 	sts	0x005F, r0	; 0x80005f <__TEXT_REGION_LENGTH__+0x7e005f>
     236:	0f 90       	pop	r0
     238:	1f 90       	pop	r1
     23a:	18 95       	reti

0000023c <adc_get>:

// getter for each adc var
uint16_t adc_get(uint8_t adc)
{
     23c:	cf 93       	push	r28
     23e:	df 93       	push	r29
     240:	1f 92       	push	r1
     242:	cd b7       	in	r28, 0x3d	; 61
     244:	de b7       	in	r29, 0x3e	; 62
     246:	89 83       	std	Y+1, r24	; 0x01
	return adc_values[adc];
     248:	89 81       	ldd	r24, Y+1	; 0x01
     24a:	88 2f       	mov	r24, r24
     24c:	90 e0       	ldi	r25, 0x00	; 0
     24e:	88 0f       	add	r24, r24
     250:	99 1f       	adc	r25, r25
     252:	86 5e       	subi	r24, 0xE6	; 230
     254:	9e 4f       	sbci	r25, 0xFE	; 254
     256:	fc 01       	movw	r30, r24
     258:	80 81       	ld	r24, Z
     25a:	91 81       	ldd	r25, Z+1	; 0x01
     25c:	0f 90       	pop	r0
     25e:	df 91       	pop	r29
     260:	cf 91       	pop	r28
     262:	08 95       	ret

00000264 <CAN_Init_Messages>:

struct CAN_MOB can_SensorHub0_mob;
struct CAN_MOB can_SensorHub1_mob;
struct CAN_MOB can_SensorHub2_mob;

CAN_Init_Messages(){
     264:	cf 93       	push	r28
     266:	df 93       	push	r29
     268:	cd b7       	in	r28, 0x3d	; 61
     26a:	de b7       	in	r29, 0x3e	; 62
	
	can_SensorHub0_mob.mob_id = 0x400;
     26c:	80 e0       	ldi	r24, 0x00	; 0
     26e:	94 e0       	ldi	r25, 0x04	; 4
     270:	90 93 32 01 	sts	0x0132, r25	; 0x800132 <can_SensorHub0_mob+0x1>
     274:	80 93 31 01 	sts	0x0131, r24	; 0x800131 <can_SensorHub0_mob>
	can_SensorHub0_mob.mob_idmask = 0xFFFF; //sent
     278:	8f ef       	ldi	r24, 0xFF	; 255
     27a:	9f ef       	ldi	r25, 0xFF	; 255
     27c:	90 93 34 01 	sts	0x0134, r25	; 0x800134 <can_SensorHub0_mob+0x3>
     280:	80 93 33 01 	sts	0x0133, r24	; 0x800133 <can_SensorHub0_mob+0x2>
	can_SensorHub0_mob.mob_number = 0;
     284:	10 92 35 01 	sts	0x0135, r1	; 0x800135 <can_SensorHub0_mob+0x4>

	can_SensorHub1_mob.mob_id = 0x410;
     288:	80 e1       	ldi	r24, 0x10	; 16
     28a:	94 e0       	ldi	r25, 0x04	; 4
     28c:	90 93 3f 01 	sts	0x013F, r25	; 0x80013f <can_SensorHub1_mob+0x1>
     290:	80 93 3e 01 	sts	0x013E, r24	; 0x80013e <can_SensorHub1_mob>
	can_SensorHub1_mob.mob_idmask = 0xFFFF; //sent
     294:	8f ef       	ldi	r24, 0xFF	; 255
     296:	9f ef       	ldi	r25, 0xFF	; 255
     298:	90 93 41 01 	sts	0x0141, r25	; 0x800141 <can_SensorHub1_mob+0x3>
     29c:	80 93 40 01 	sts	0x0140, r24	; 0x800140 <can_SensorHub1_mob+0x2>
	can_SensorHub1_mob.mob_number = 1;
     2a0:	81 e0       	ldi	r24, 0x01	; 1
     2a2:	80 93 42 01 	sts	0x0142, r24	; 0x800142 <can_SensorHub1_mob+0x4>
	
	can_SensorHub1_mob.mob_id = 0x420;
     2a6:	80 e2       	ldi	r24, 0x20	; 32
     2a8:	94 e0       	ldi	r25, 0x04	; 4
     2aa:	90 93 3f 01 	sts	0x013F, r25	; 0x80013f <can_SensorHub1_mob+0x1>
     2ae:	80 93 3e 01 	sts	0x013E, r24	; 0x80013e <can_SensorHub1_mob>
	can_SensorHub1_mob.mob_idmask = 0xFFFF; //sent
     2b2:	8f ef       	ldi	r24, 0xFF	; 255
     2b4:	9f ef       	ldi	r25, 0xFF	; 255
     2b6:	90 93 41 01 	sts	0x0141, r25	; 0x800141 <can_SensorHub1_mob+0x3>
     2ba:	80 93 40 01 	sts	0x0140, r24	; 0x800140 <can_SensorHub1_mob+0x2>
	can_SensorHub1_mob.mob_number = 2;
     2be:	82 e0       	ldi	r24, 0x02	; 2
     2c0:	80 93 42 01 	sts	0x0142, r24	; 0x800142 <can_SensorHub1_mob+0x4>
     2c4:	00 00       	nop
     2c6:	df 91       	pop	r29
     2c8:	cf 91       	pop	r28
     2ca:	08 95       	ret

000002cc <can_check_free>:
		CANPAGE = (to_receive->mob_number << MOBNB0) | (1 << AINC) | byte;
		data[byte] = CANMSG;
	}
	
	
}
     2cc:	cf 93       	push	r28
     2ce:	df 93       	push	r29
     2d0:	00 d0       	rcall	.+0      	; 0x2d2 <can_check_free+0x6>
     2d2:	cd b7       	in	r28, 0x3d	; 61
     2d4:	de b7       	in	r29, 0x3e	; 62
     2d6:	8a 83       	std	Y+2, r24	; 0x02
     2d8:	19 82       	std	Y+1, r1	; 0x01
     2da:	8a 81       	ldd	r24, Y+2	; 0x02
     2dc:	88 30       	cpi	r24, 0x08	; 8
     2de:	c0 f0       	brcs	.+48     	; 0x310 <can_check_free+0x44>
     2e0:	8d ed       	ldi	r24, 0xDD	; 221
     2e2:	90 e0       	ldi	r25, 0x00	; 0
     2e4:	fc 01       	movw	r30, r24
     2e6:	80 81       	ld	r24, Z
     2e8:	88 2f       	mov	r24, r24
     2ea:	90 e0       	ldi	r25, 0x00	; 0
     2ec:	2a 81       	ldd	r18, Y+2	; 0x02
     2ee:	22 2f       	mov	r18, r18
     2f0:	30 e0       	ldi	r19, 0x00	; 0
     2f2:	28 50       	subi	r18, 0x08	; 8
     2f4:	31 09       	sbc	r19, r1
     2f6:	02 c0       	rjmp	.+4      	; 0x2fc <can_check_free+0x30>
     2f8:	95 95       	asr	r25
     2fa:	87 95       	ror	r24
     2fc:	2a 95       	dec	r18
     2fe:	e2 f7       	brpl	.-8      	; 0x2f8 <can_check_free+0x2c>
     300:	81 70       	andi	r24, 0x01	; 1
     302:	99 27       	eor	r25, r25
     304:	21 e0       	ldi	r18, 0x01	; 1
     306:	89 2b       	or	r24, r25
     308:	09 f0       	breq	.+2      	; 0x30c <can_check_free+0x40>
     30a:	20 e0       	ldi	r18, 0x00	; 0
     30c:	29 83       	std	Y+1, r18	; 0x01
     30e:	15 c0       	rjmp	.+42     	; 0x33a <can_check_free+0x6e>
     310:	8c ed       	ldi	r24, 0xDC	; 220
     312:	90 e0       	ldi	r25, 0x00	; 0
     314:	fc 01       	movw	r30, r24
     316:	80 81       	ld	r24, Z
     318:	88 2f       	mov	r24, r24
     31a:	90 e0       	ldi	r25, 0x00	; 0
     31c:	2a 81       	ldd	r18, Y+2	; 0x02
     31e:	22 2f       	mov	r18, r18
     320:	30 e0       	ldi	r19, 0x00	; 0
     322:	02 c0       	rjmp	.+4      	; 0x328 <can_check_free+0x5c>
     324:	95 95       	asr	r25
     326:	87 95       	ror	r24
     328:	2a 95       	dec	r18
     32a:	e2 f7       	brpl	.-8      	; 0x324 <can_check_free+0x58>
     32c:	81 70       	andi	r24, 0x01	; 1
     32e:	99 27       	eor	r25, r25
     330:	21 e0       	ldi	r18, 0x01	; 1
     332:	89 2b       	or	r24, r25
     334:	09 f0       	breq	.+2      	; 0x338 <can_check_free+0x6c>
     336:	20 e0       	ldi	r18, 0x00	; 0
     338:	29 83       	std	Y+1, r18	; 0x01
     33a:	89 81       	ldd	r24, Y+1	; 0x01
     33c:	0f 90       	pop	r0
     33e:	0f 90       	pop	r0
     340:	df 91       	pop	r29
     342:	cf 91       	pop	r28
     344:	08 95       	ret

00000346 <can_cfg>:
     346:	cf 93       	push	r28
     348:	df 93       	push	r29
     34a:	00 d0       	rcall	.+0      	; 0x34c <can_cfg+0x6>
     34c:	cd b7       	in	r28, 0x3d	; 61
     34e:	de b7       	in	r29, 0x3e	; 62
     350:	88 ed       	ldi	r24, 0xD8	; 216
     352:	90 e0       	ldi	r25, 0x00	; 0
     354:	fc 01       	movw	r30, r24
     356:	10 82       	st	Z, r1
     358:	19 82       	std	Y+1, r1	; 0x01
     35a:	56 c0       	rjmp	.+172    	; 0x408 <__LOCK_REGION_LENGTH__+0x8>
     35c:	8d ee       	ldi	r24, 0xED	; 237
     35e:	90 e0       	ldi	r25, 0x00	; 0
     360:	29 81       	ldd	r18, Y+1	; 0x01
     362:	22 2f       	mov	r18, r18
     364:	30 e0       	ldi	r19, 0x00	; 0
     366:	22 95       	swap	r18
     368:	32 95       	swap	r19
     36a:	30 7f       	andi	r19, 0xF0	; 240
     36c:	32 27       	eor	r19, r18
     36e:	20 7f       	andi	r18, 0xF0	; 240
     370:	32 27       	eor	r19, r18
     372:	28 60       	ori	r18, 0x08	; 8
     374:	fc 01       	movw	r30, r24
     376:	20 83       	st	Z, r18
     378:	8e ee       	ldi	r24, 0xEE	; 238
     37a:	90 e0       	ldi	r25, 0x00	; 0
     37c:	fc 01       	movw	r30, r24
     37e:	10 82       	st	Z, r1
     380:	8f ee       	ldi	r24, 0xEF	; 239
     382:	90 e0       	ldi	r25, 0x00	; 0
     384:	fc 01       	movw	r30, r24
     386:	10 82       	st	Z, r1
     388:	80 ef       	ldi	r24, 0xF0	; 240
     38a:	90 e0       	ldi	r25, 0x00	; 0
     38c:	fc 01       	movw	r30, r24
     38e:	10 82       	st	Z, r1
     390:	81 ef       	ldi	r24, 0xF1	; 241
     392:	90 e0       	ldi	r25, 0x00	; 0
     394:	fc 01       	movw	r30, r24
     396:	10 82       	st	Z, r1
     398:	82 ef       	ldi	r24, 0xF2	; 242
     39a:	90 e0       	ldi	r25, 0x00	; 0
     39c:	fc 01       	movw	r30, r24
     39e:	10 82       	st	Z, r1
     3a0:	83 ef       	ldi	r24, 0xF3	; 243
     3a2:	90 e0       	ldi	r25, 0x00	; 0
     3a4:	fc 01       	movw	r30, r24
     3a6:	10 82       	st	Z, r1
     3a8:	84 ef       	ldi	r24, 0xF4	; 244
     3aa:	90 e0       	ldi	r25, 0x00	; 0
     3ac:	fc 01       	movw	r30, r24
     3ae:	10 82       	st	Z, r1
     3b0:	85 ef       	ldi	r24, 0xF5	; 245
     3b2:	90 e0       	ldi	r25, 0x00	; 0
     3b4:	fc 01       	movw	r30, r24
     3b6:	10 82       	st	Z, r1
     3b8:	86 ef       	ldi	r24, 0xF6	; 246
     3ba:	90 e0       	ldi	r25, 0x00	; 0
     3bc:	fc 01       	movw	r30, r24
     3be:	10 82       	st	Z, r1
     3c0:	87 ef       	ldi	r24, 0xF7	; 247
     3c2:	90 e0       	ldi	r25, 0x00	; 0
     3c4:	fc 01       	movw	r30, r24
     3c6:	10 82       	st	Z, r1
     3c8:	1a 82       	std	Y+2, r1	; 0x02
     3ca:	18 c0       	rjmp	.+48     	; 0x3fc <can_cfg+0xb6>
     3cc:	8d ee       	ldi	r24, 0xED	; 237
     3ce:	90 e0       	ldi	r25, 0x00	; 0
     3d0:	29 81       	ldd	r18, Y+1	; 0x01
     3d2:	22 2f       	mov	r18, r18
     3d4:	30 e0       	ldi	r19, 0x00	; 0
     3d6:	22 95       	swap	r18
     3d8:	32 95       	swap	r19
     3da:	30 7f       	andi	r19, 0xF0	; 240
     3dc:	32 27       	eor	r19, r18
     3de:	20 7f       	andi	r18, 0xF0	; 240
     3e0:	32 27       	eor	r19, r18
     3e2:	32 2f       	mov	r19, r18
     3e4:	2a 81       	ldd	r18, Y+2	; 0x02
     3e6:	23 2b       	or	r18, r19
     3e8:	28 60       	ori	r18, 0x08	; 8
     3ea:	fc 01       	movw	r30, r24
     3ec:	20 83       	st	Z, r18
     3ee:	8a ef       	ldi	r24, 0xFA	; 250
     3f0:	90 e0       	ldi	r25, 0x00	; 0
     3f2:	fc 01       	movw	r30, r24
     3f4:	10 82       	st	Z, r1
     3f6:	8a 81       	ldd	r24, Y+2	; 0x02
     3f8:	8f 5f       	subi	r24, 0xFF	; 255
     3fa:	8a 83       	std	Y+2, r24	; 0x02
     3fc:	8a 81       	ldd	r24, Y+2	; 0x02
     3fe:	88 30       	cpi	r24, 0x08	; 8
     400:	28 f3       	brcs	.-54     	; 0x3cc <can_cfg+0x86>
     402:	89 81       	ldd	r24, Y+1	; 0x01
     404:	8f 5f       	subi	r24, 0xFF	; 255
     406:	89 83       	std	Y+1, r24	; 0x01
     408:	89 81       	ldd	r24, Y+1	; 0x01
     40a:	8f 30       	cpi	r24, 0x0F	; 15
     40c:	08 f4       	brcc	.+2      	; 0x410 <__LOCK_REGION_LENGTH__+0x10>
     40e:	a6 cf       	rjmp	.-180    	; 0x35c <can_cfg+0x16>
     410:	82 ee       	ldi	r24, 0xE2	; 226
     412:	90 e0       	ldi	r25, 0x00	; 0
     414:	22 e0       	ldi	r18, 0x02	; 2
     416:	fc 01       	movw	r30, r24
     418:	20 83       	st	Z, r18
     41a:	83 ee       	ldi	r24, 0xE3	; 227
     41c:	90 e0       	ldi	r25, 0x00	; 0
     41e:	2c e0       	ldi	r18, 0x0C	; 12
     420:	fc 01       	movw	r30, r24
     422:	20 83       	st	Z, r18
     424:	84 ee       	ldi	r24, 0xE4	; 228
     426:	90 e0       	ldi	r25, 0x00	; 0
     428:	27 e3       	ldi	r18, 0x37	; 55
     42a:	fc 01       	movw	r30, r24
     42c:	20 83       	st	Z, r18
     42e:	8b ed       	ldi	r24, 0xDB	; 219
     430:	90 e0       	ldi	r25, 0x00	; 0
     432:	fc 01       	movw	r30, r24
     434:	10 82       	st	Z, r1
     436:	88 ed       	ldi	r24, 0xD8	; 216
     438:	90 e0       	ldi	r25, 0x00	; 0
     43a:	28 ed       	ldi	r18, 0xD8	; 216
     43c:	30 e0       	ldi	r19, 0x00	; 0
     43e:	f9 01       	movw	r30, r18
     440:	20 81       	ld	r18, Z
     442:	22 60       	ori	r18, 0x02	; 2
     444:	fc 01       	movw	r30, r24
     446:	20 83       	st	Z, r18
     448:	00 00       	nop
     44a:	0f 90       	pop	r0
     44c:	0f 90       	pop	r0
     44e:	df 91       	pop	r29
     450:	cf 91       	pop	r28
     452:	08 95       	ret

00000454 <can_tx>:
void can_tx(struct CAN_MOB *to_send, uint8_t *data){
     454:	cf 93       	push	r28
     456:	df 93       	push	r29
     458:	00 d0       	rcall	.+0      	; 0x45a <can_tx+0x6>
     45a:	00 d0       	rcall	.+0      	; 0x45c <can_tx+0x8>
     45c:	1f 92       	push	r1
     45e:	cd b7       	in	r28, 0x3d	; 61
     460:	de b7       	in	r29, 0x3e	; 62
     462:	9b 83       	std	Y+3, r25	; 0x03
     464:	8a 83       	std	Y+2, r24	; 0x02
     466:	7d 83       	std	Y+5, r23	; 0x05
     468:	6c 83       	std	Y+4, r22	; 0x04
	
	for(uint8_t byte = 0; byte <8; byte++){
     46a:	19 82       	std	Y+1, r1	; 0x01
     46c:	24 c0       	rjmp	.+72     	; 0x4b6 <can_tx+0x62>
		CANPAGE = (to_send->mob_number << MOBNB0) | (1 << AINC) | byte;
     46e:	8d ee       	ldi	r24, 0xED	; 237
     470:	90 e0       	ldi	r25, 0x00	; 0
     472:	2a 81       	ldd	r18, Y+2	; 0x02
     474:	3b 81       	ldd	r19, Y+3	; 0x03
     476:	f9 01       	movw	r30, r18
     478:	24 81       	ldd	r18, Z+4	; 0x04
     47a:	22 2f       	mov	r18, r18
     47c:	30 e0       	ldi	r19, 0x00	; 0
     47e:	22 95       	swap	r18
     480:	32 95       	swap	r19
     482:	30 7f       	andi	r19, 0xF0	; 240
     484:	32 27       	eor	r19, r18
     486:	20 7f       	andi	r18, 0xF0	; 240
     488:	32 27       	eor	r19, r18
     48a:	32 2f       	mov	r19, r18
     48c:	29 81       	ldd	r18, Y+1	; 0x01
     48e:	23 2b       	or	r18, r19
     490:	28 60       	ori	r18, 0x08	; 8
     492:	fc 01       	movw	r30, r24
     494:	20 83       	st	Z, r18
		CANMSG = data[byte];
     496:	8a ef       	ldi	r24, 0xFA	; 250
     498:	90 e0       	ldi	r25, 0x00	; 0
     49a:	29 81       	ldd	r18, Y+1	; 0x01
     49c:	22 2f       	mov	r18, r18
     49e:	30 e0       	ldi	r19, 0x00	; 0
     4a0:	4c 81       	ldd	r20, Y+4	; 0x04
     4a2:	5d 81       	ldd	r21, Y+5	; 0x05
     4a4:	24 0f       	add	r18, r20
     4a6:	35 1f       	adc	r19, r21
     4a8:	f9 01       	movw	r30, r18
     4aa:	20 81       	ld	r18, Z
     4ac:	fc 01       	movw	r30, r24
     4ae:	20 83       	st	Z, r18
	
	
}
void can_tx(struct CAN_MOB *to_send, uint8_t *data){
	
	for(uint8_t byte = 0; byte <8; byte++){
     4b0:	89 81       	ldd	r24, Y+1	; 0x01
     4b2:	8f 5f       	subi	r24, 0xFF	; 255
     4b4:	89 83       	std	Y+1, r24	; 0x01
     4b6:	89 81       	ldd	r24, Y+1	; 0x01
     4b8:	88 30       	cpi	r24, 0x08	; 8
     4ba:	c8 f2       	brcs	.-78     	; 0x46e <can_tx+0x1a>
		CANPAGE = (to_send->mob_number << MOBNB0) | (1 << AINC) | byte;
		CANMSG = data[byte];
	}
	
	CANPAGE = to_send->mob_number << MOBNB0;
     4bc:	8d ee       	ldi	r24, 0xED	; 237
     4be:	90 e0       	ldi	r25, 0x00	; 0
     4c0:	2a 81       	ldd	r18, Y+2	; 0x02
     4c2:	3b 81       	ldd	r19, Y+3	; 0x03
     4c4:	f9 01       	movw	r30, r18
     4c6:	24 81       	ldd	r18, Z+4	; 0x04
     4c8:	22 95       	swap	r18
     4ca:	20 7f       	andi	r18, 0xF0	; 240
     4cc:	fc 01       	movw	r30, r24
     4ce:	20 83       	st	Z, r18
	if (can_check_free(to_send->mob_number)){
     4d0:	8a 81       	ldd	r24, Y+2	; 0x02
     4d2:	9b 81       	ldd	r25, Y+3	; 0x03
     4d4:	fc 01       	movw	r30, r24
     4d6:	84 81       	ldd	r24, Z+4	; 0x04
     4d8:	f9 de       	rcall	.-526    	; 0x2cc <can_check_free>
     4da:	88 23       	and	r24, r24
     4dc:	09 f4       	brne	.+2      	; 0x4e0 <can_tx+0x8c>
     4de:	44 c0       	rjmp	.+136    	; 0x568 <can_tx+0x114>
		CANSTMOB = 0;
     4e0:	8e ee       	ldi	r24, 0xEE	; 238
     4e2:	90 e0       	ldi	r25, 0x00	; 0
     4e4:	fc 01       	movw	r30, r24
     4e6:	10 82       	st	Z, r1
		CANIDT1 = to_send->mob_id>>3;
     4e8:	83 ef       	ldi	r24, 0xF3	; 243
     4ea:	90 e0       	ldi	r25, 0x00	; 0
     4ec:	2a 81       	ldd	r18, Y+2	; 0x02
     4ee:	3b 81       	ldd	r19, Y+3	; 0x03
     4f0:	f9 01       	movw	r30, r18
     4f2:	20 81       	ld	r18, Z
     4f4:	31 81       	ldd	r19, Z+1	; 0x01
     4f6:	36 95       	lsr	r19
     4f8:	27 95       	ror	r18
     4fa:	36 95       	lsr	r19
     4fc:	27 95       	ror	r18
     4fe:	36 95       	lsr	r19
     500:	27 95       	ror	r18
     502:	fc 01       	movw	r30, r24
     504:	20 83       	st	Z, r18
		CANIDT2 = (to_send->mob_id << 5) & 0b11100000;
     506:	82 ef       	ldi	r24, 0xF2	; 242
     508:	90 e0       	ldi	r25, 0x00	; 0
     50a:	2a 81       	ldd	r18, Y+2	; 0x02
     50c:	3b 81       	ldd	r19, Y+3	; 0x03
     50e:	f9 01       	movw	r30, r18
     510:	20 81       	ld	r18, Z
     512:	31 81       	ldd	r19, Z+1	; 0x01
     514:	22 95       	swap	r18
     516:	22 0f       	add	r18, r18
     518:	20 7e       	andi	r18, 0xE0	; 224
     51a:	fc 01       	movw	r30, r24
     51c:	20 83       	st	Z, r18
		CANIDT3 = 0;
     51e:	81 ef       	ldi	r24, 0xF1	; 241
     520:	90 e0       	ldi	r25, 0x00	; 0
     522:	fc 01       	movw	r30, r24
     524:	10 82       	st	Z, r1
		CANIDT4 = 0;
     526:	80 ef       	ldi	r24, 0xF0	; 240
     528:	90 e0       	ldi	r25, 0x00	; 0
     52a:	fc 01       	movw	r30, r24
     52c:	10 82       	st	Z, r1
		CANIDM1 = 0; //0b11111111;
     52e:	87 ef       	ldi	r24, 0xF7	; 247
     530:	90 e0       	ldi	r25, 0x00	; 0
     532:	fc 01       	movw	r30, r24
     534:	10 82       	st	Z, r1
		CANIDM2 = 0; //0b11100000;
     536:	86 ef       	ldi	r24, 0xF6	; 246
     538:	90 e0       	ldi	r25, 0x00	; 0
     53a:	fc 01       	movw	r30, r24
     53c:	10 82       	st	Z, r1
		CANIDM3 = 0;
     53e:	85 ef       	ldi	r24, 0xF5	; 245
     540:	90 e0       	ldi	r25, 0x00	; 0
     542:	fc 01       	movw	r30, r24
     544:	10 82       	st	Z, r1
		CANIDM4 = 0;
     546:	84 ef       	ldi	r24, 0xF4	; 244
     548:	90 e0       	ldi	r25, 0x00	; 0
     54a:	fc 01       	movw	r30, r24
     54c:	10 82       	st	Z, r1
		CANSTMOB = 0;
     54e:	8e ee       	ldi	r24, 0xEE	; 238
     550:	90 e0       	ldi	r25, 0x00	; 0
     552:	fc 01       	movw	r30, r24
     554:	10 82       	st	Z, r1
		CANCDMOB = (1<<CONMOB0) | 1 << DLC3;
     556:	8f ee       	ldi	r24, 0xEF	; 239
     558:	90 e0       	ldi	r25, 0x00	; 0
     55a:	28 e4       	ldi	r18, 0x48	; 72
     55c:	fc 01       	movw	r30, r24
     55e:	20 83       	st	Z, r18
		CANSTMOB = 0;
     560:	8e ee       	ldi	r24, 0xEE	; 238
     562:	90 e0       	ldi	r25, 0x00	; 0
     564:	fc 01       	movw	r30, r24
     566:	10 82       	st	Z, r1
	}
	
     568:	00 00       	nop
     56a:	0f 90       	pop	r0
     56c:	0f 90       	pop	r0
     56e:	0f 90       	pop	r0
     570:	0f 90       	pop	r0
     572:	0f 90       	pop	r0
     574:	df 91       	pop	r29
     576:	cf 91       	pop	r28
     578:	08 95       	ret

0000057a <main>:
extern struct CAN_MOB can_SensorHub1_mob;
extern struct CAN_MOB can_SensorHub2_mob;


int main(void)
{
     57a:	8f 92       	push	r8
     57c:	9f 92       	push	r9
     57e:	af 92       	push	r10
     580:	cf 92       	push	r12
     582:	df 92       	push	r13
     584:	ef 92       	push	r14
     586:	ff 92       	push	r15
     588:	0f 93       	push	r16
     58a:	1f 93       	push	r17
     58c:	cf 93       	push	r28
     58e:	df 93       	push	r29
     590:	cd b7       	in	r28, 0x3d	; 61
     592:	de b7       	in	r29, 0x3e	; 62
     594:	ad 97       	sbiw	r28, 0x2d	; 45
     596:	0f b6       	in	r0, 0x3f	; 63
     598:	f8 94       	cli
     59a:	de bf       	out	0x3e, r29	; 62
     59c:	0f be       	out	0x3f, r0	; 63
     59e:	cd bf       	out	0x3d, r28	; 61
	port_config();
     5a0:	4e d2       	rcall	.+1180   	; 0xa3e <port_config>
    sys_timer_config();
     5a2:	67 d2       	rcall	.+1230   	; 0xa72 <sys_timer_config>
	adc_config(); //CHECK WHICH ADC INPUTS CORRESPOND WITH WHAT DATABYTE WE SEND
     5a4:	d7 dd       	rcall	.-1106   	; 0x154 <adc_config>
	SPI_MasterInit();
     5a6:	6f d4       	rcall	.+2270   	; 0xe86 <SPI_MasterInit>
     5a8:	ce de       	rcall	.-612    	; 0x346 <can_cfg>
	can_cfg();
     5aa:	5c de       	rcall	.-840    	; 0x264 <CAN_Init_Messages>
     5ac:	80 e0       	ldi	r24, 0x00	; 0
	CAN_Init_Messages();
     5ae:	94 e0       	ldi	r25, 0x04	; 4
     5b0:	98 87       	std	Y+8, r25	; 0x08
	
	struct CAN_MOB can_SensorHub0_mob;
	can_SensorHub0_mob.mob_id = 0x400;
     5b2:	8f 83       	std	Y+7, r24	; 0x07
     5b4:	8f ef       	ldi	r24, 0xFF	; 255
     5b6:	9f ef       	ldi	r25, 0xFF	; 255
     5b8:	9a 87       	std	Y+10, r25	; 0x0a
	can_SensorHub0_mob.mob_idmask = 0xFFFF;//sent
     5ba:	89 87       	std	Y+9, r24	; 0x09
     5bc:	1b 86       	std	Y+11, r1	; 0x0b
     5be:	28 e0       	ldi	r18, 0x08	; 8
     5c0:	ce 01       	movw	r24, r28
	can_SensorHub0_mob.mob_number = 0;
     5c2:	0c 96       	adiw	r24, 0x0c	; 12
	uint8_t SensorHub0_databytes[8] = {0};
     5c4:	fc 01       	movw	r30, r24
     5c6:	e2 2e       	mov	r14, r18
     5c8:	11 92       	st	Z+, r1
     5ca:	ea 94       	dec	r14
     5cc:	e9 f7       	brne	.-6      	; 0x5c8 <main+0x4e>
     5ce:	80 e1       	ldi	r24, 0x10	; 16
     5d0:	94 e0       	ldi	r25, 0x04	; 4
     5d2:	9d 8b       	std	Y+21, r25	; 0x15
		
	struct CAN_MOB can_SensorHub1_mob;
	can_SensorHub1_mob.mob_id = 0x410;
     5d4:	8c 8b       	std	Y+20, r24	; 0x14
     5d6:	8f ef       	ldi	r24, 0xFF	; 255
     5d8:	9f ef       	ldi	r25, 0xFF	; 255
     5da:	9f 8b       	std	Y+23, r25	; 0x17
	can_SensorHub1_mob.mob_idmask = 0xFFFF;//sent
     5dc:	8e 8b       	std	Y+22, r24	; 0x16
     5de:	81 e0       	ldi	r24, 0x01	; 1
     5e0:	88 8f       	std	Y+24, r24	; 0x18
     5e2:	28 e0       	ldi	r18, 0x08	; 8
	can_SensorHub1_mob.mob_number = 1;
     5e4:	ce 01       	movw	r24, r28
     5e6:	49 96       	adiw	r24, 0x19	; 25
	uint8_t SensorHub1_databytes[8] = {0};
     5e8:	fc 01       	movw	r30, r24
     5ea:	e2 2e       	mov	r14, r18
     5ec:	11 92       	st	Z+, r1
     5ee:	ea 94       	dec	r14
     5f0:	e9 f7       	brne	.-6      	; 0x5ec <main+0x72>
     5f2:	80 e2       	ldi	r24, 0x20	; 32
     5f4:	94 e0       	ldi	r25, 0x04	; 4
     5f6:	9a a3       	std	Y+34, r25	; 0x22

	struct CAN_MOB can_SensorHub2_mob;
	can_SensorHub2_mob.mob_id = 0x420;
     5f8:	89 a3       	std	Y+33, r24	; 0x21
     5fa:	8f ef       	ldi	r24, 0xFF	; 255
     5fc:	9f ef       	ldi	r25, 0xFF	; 255
     5fe:	9c a3       	std	Y+36, r25	; 0x24
	can_SensorHub2_mob.mob_idmask = 0xFFFF;//sent
     600:	8b a3       	std	Y+35, r24	; 0x23
     602:	82 e0       	ldi	r24, 0x02	; 2
     604:	8d a3       	std	Y+37, r24	; 0x25
     606:	28 e0       	ldi	r18, 0x08	; 8
	can_SensorHub2_mob.mob_number = 2;
     608:	ce 01       	movw	r24, r28
     60a:	86 96       	adiw	r24, 0x26	; 38
	uint8_t SensorHub2_databytes[8] = {0};
     60c:	fc 01       	movw	r30, r24
     60e:	e2 2e       	mov	r14, r18
     610:	11 92       	st	Z+, r1
     612:	ea 94       	dec	r14
     614:	e9 f7       	brne	.-6      	; 0x610 <main+0x96>
     616:	78 94       	sei
     618:	20 91 16 01 	lds	r18, 0x0116	; 0x800116 <sys_time>
	
	sei();	
     61c:	30 91 17 01 	lds	r19, 0x0117	; 0x800117 <sys_time+0x1>
	
	//	SUPERLOOP STARTS HERE
	
    while (1) 
    {
		if(TIME_PASSED_1_MS)
     620:	40 91 18 01 	lds	r20, 0x0118	; 0x800118 <sys_time+0x2>
     624:	50 91 19 01 	lds	r21, 0x0119	; 0x800119 <sys_time+0x3>
     628:	80 91 03 01 	lds	r24, 0x0103	; 0x800103 <time_1ms>
     62c:	90 91 04 01 	lds	r25, 0x0104	; 0x800104 <time_1ms+0x1>
     630:	a0 91 05 01 	lds	r26, 0x0105	; 0x800105 <time_1ms+0x2>
     634:	b0 91 06 01 	lds	r27, 0x0106	; 0x800106 <time_1ms+0x3>
     638:	28 17       	cp	r18, r24
     63a:	39 07       	cpc	r19, r25
     63c:	4a 07       	cpc	r20, r26
     63e:	5b 07       	cpc	r21, r27
     640:	89 f0       	breq	.+34     	; 0x664 <main+0xea>
     642:	80 91 16 01 	lds	r24, 0x0116	; 0x800116 <sys_time>
     646:	90 91 17 01 	lds	r25, 0x0117	; 0x800117 <sys_time+0x1>
		{
			time_1ms = sys_time;
     64a:	a0 91 18 01 	lds	r26, 0x0118	; 0x800118 <sys_time+0x2>
     64e:	b0 91 19 01 	lds	r27, 0x0119	; 0x800119 <sys_time+0x3>
     652:	80 93 03 01 	sts	0x0103, r24	; 0x800103 <time_1ms>
     656:	90 93 04 01 	sts	0x0104, r25	; 0x800104 <time_1ms+0x1>
     65a:	a0 93 05 01 	sts	0x0105, r26	; 0x800105 <time_1ms+0x2>
     65e:	b0 93 06 01 	sts	0x0106, r27	; 0x800106 <time_1ms+0x3>
     662:	93 dd       	rcall	.-1242   	; 0x18a <adc_start_conversion>
     664:	20 91 16 01 	lds	r18, 0x0116	; 0x800116 <sys_time>
			adc_start_conversion();
     668:	30 91 17 01 	lds	r19, 0x0117	; 0x800117 <sys_time+0x1>
			
		} // end of 1ms
		
		if(TIME_PASSED_10_MS)
     66c:	40 91 18 01 	lds	r20, 0x0118	; 0x800118 <sys_time+0x2>
     670:	50 91 19 01 	lds	r21, 0x0119	; 0x800119 <sys_time+0x3>
     674:	80 91 07 01 	lds	r24, 0x0107	; 0x800107 <time_10ms>
     678:	90 91 08 01 	lds	r25, 0x0108	; 0x800108 <time_10ms+0x1>
     67c:	a0 91 09 01 	lds	r26, 0x0109	; 0x800109 <time_10ms+0x2>
     680:	b0 91 0a 01 	lds	r27, 0x010A	; 0x80010a <time_10ms+0x3>
     684:	79 01       	movw	r14, r18
     686:	8a 01       	movw	r16, r20
     688:	e8 1a       	sub	r14, r24
     68a:	f9 0a       	sbc	r15, r25
     68c:	0a 0b       	sbc	r16, r26
     68e:	1b 0b       	sbc	r17, r27
     690:	d8 01       	movw	r26, r16
     692:	c7 01       	movw	r24, r14
     694:	0a 97       	sbiw	r24, 0x0a	; 10
     696:	a1 05       	cpc	r26, r1
     698:	b1 05       	cpc	r27, r1
     69a:	c8 f1       	brcs	.+114    	; 0x70e <main+0x194>
     69c:	80 91 00 01 	lds	r24, 0x0100	; 0x800100 <__DATA_REGION_ORIGIN__>
     6a0:	81 30       	cpi	r24, 0x01	; 1
		{
			if(switchi == 1){
     6a2:	91 f5       	brne	.+100    	; 0x708 <main+0x18e>
     6a4:	80 91 16 01 	lds	r24, 0x0116	; 0x800116 <sys_time>
     6a8:	90 91 17 01 	lds	r25, 0x0117	; 0x800117 <sys_time+0x1>
 			time_10ms = sys_time;
     6ac:	a0 91 18 01 	lds	r26, 0x0118	; 0x800118 <sys_time+0x2>
     6b0:	b0 91 19 01 	lds	r27, 0x0119	; 0x800119 <sys_time+0x3>
     6b4:	80 93 07 01 	sts	0x0107, r24	; 0x800107 <time_10ms>
     6b8:	90 93 08 01 	sts	0x0108, r25	; 0x800108 <time_10ms+0x1>
     6bc:	a0 93 09 01 	sts	0x0109, r26	; 0x800109 <time_10ms+0x2>
     6c0:	b0 93 0a 01 	sts	0x010A, r27	; 0x80010a <time_10ms+0x3>
     6c4:	8e e2       	ldi	r24, 0x2E	; 46
     6c6:	90 e0       	ldi	r25, 0x00	; 0
     6c8:	2e e2       	ldi	r18, 0x2E	; 46
 			PORTE &= ~(1<<SS_uC);
     6ca:	30 e0       	ldi	r19, 0x00	; 0
     6cc:	f9 01       	movw	r30, r18
     6ce:	20 81       	ld	r18, Z
     6d0:	2f 7e       	andi	r18, 0xEF	; 239
     6d2:	fc 01       	movw	r30, r24
     6d4:	20 83       	st	Z, r18
     6d6:	8e e4       	ldi	r24, 0x4E	; 78
     6d8:	90 e0       	ldi	r25, 0x00	; 0
     6da:	22 e2       	ldi	r18, 0x22	; 34
 			SPDR = 0x22;										// Write the Register will start the conversation
     6dc:	fc 01       	movw	r30, r24
     6de:	20 83       	st	Z, r18
     6e0:	00 00       	nop
     6e2:	8d e4       	ldi	r24, 0x4D	; 77
     6e4:	90 e0       	ldi	r25, 0x00	; 0
 			while(!(SPSR & (1<<SPIF)));
     6e6:	fc 01       	movw	r30, r24
     6e8:	80 81       	ld	r24, Z
     6ea:	88 23       	and	r24, r24
     6ec:	d4 f7       	brge	.-12     	; 0x6e2 <main+0x168>
     6ee:	8e e4       	ldi	r24, 0x4E	; 78
     6f0:	90 e0       	ldi	r25, 0x00	; 0
     6f2:	fc 01       	movw	r30, r24
 			//PORTE |= (1<<SS_uC);
 			wheelspeed [0] = SPI_Data_Reg;
     6f4:	80 81       	ld	r24, Z
     6f6:	88 2f       	mov	r24, r24
     6f8:	90 e0       	ldi	r25, 0x00	; 0
     6fa:	90 93 4c 01 	sts	0x014C, r25	; 0x80014c <wheelspeed+0x1>
     6fe:	80 93 4b 01 	sts	0x014B, r24	; 0x80014b <wheelspeed>
     702:	10 92 00 01 	sts	0x0100, r1	; 0x800100 <__DATA_REGION_ORIGIN__>
     706:	03 c0       	rjmp	.+6      	; 0x70e <main+0x194>
			
			switchi = 0;
     708:	81 e0       	ldi	r24, 0x01	; 1
     70a:	80 93 00 01 	sts	0x0100, r24	; 0x800100 <__DATA_REGION_ORIGIN__>
			//SPDR = 0x33;										// Write the Register will start the conversation
			//while(!(SPSR & (1<<SPIF)));
			//PORTE |= (1<<SS_uC);
			//wheelspeed [1] = SPI_Data_Reg;
			
			switchi = 1;
     70e:	20 91 16 01 	lds	r18, 0x0116	; 0x800116 <sys_time>
     712:	30 91 17 01 	lds	r19, 0x0117	; 0x800117 <sys_time+0x1>
			}
			
		} // end of 10ms

		if (TIME_PASSED_100_MS)
     716:	40 91 18 01 	lds	r20, 0x0118	; 0x800118 <sys_time+0x2>
     71a:	50 91 19 01 	lds	r21, 0x0119	; 0x800119 <sys_time+0x3>
     71e:	80 91 0b 01 	lds	r24, 0x010B	; 0x80010b <time_100ms>
     722:	90 91 0c 01 	lds	r25, 0x010C	; 0x80010c <time_100ms+0x1>
     726:	a0 91 0d 01 	lds	r26, 0x010D	; 0x80010d <time_100ms+0x2>
     72a:	b0 91 0e 01 	lds	r27, 0x010E	; 0x80010e <time_100ms+0x3>
     72e:	79 01       	movw	r14, r18
     730:	8a 01       	movw	r16, r20
     732:	e8 1a       	sub	r14, r24
     734:	f9 0a       	sbc	r15, r25
     736:	0a 0b       	sbc	r16, r26
     738:	1b 0b       	sbc	r17, r27
     73a:	d8 01       	movw	r26, r16
     73c:	c7 01       	movw	r24, r14
     73e:	84 36       	cpi	r24, 0x64	; 100
     740:	91 05       	cpc	r25, r1
     742:	a1 05       	cpc	r26, r1
     744:	b1 05       	cpc	r27, r1
     746:	08 f4       	brcc	.+2      	; 0x74a <main+0x1d0>
     748:	4b c1       	rjmp	.+662    	; 0x9e0 <main+0x466>
     74a:	80 91 16 01 	lds	r24, 0x0116	; 0x800116 <sys_time>
     74e:	90 91 17 01 	lds	r25, 0x0117	; 0x800117 <sys_time+0x1>
		{
			time_100ms = sys_time;
     752:	a0 91 18 01 	lds	r26, 0x0118	; 0x800118 <sys_time+0x2>
     756:	b0 91 19 01 	lds	r27, 0x0119	; 0x800119 <sys_time+0x3>
     75a:	80 93 0b 01 	sts	0x010B, r24	; 0x80010b <time_100ms>
     75e:	90 93 0c 01 	sts	0x010C, r25	; 0x80010c <time_100ms+0x1>
     762:	a0 93 0d 01 	sts	0x010D, r26	; 0x80010d <time_100ms+0x2>
     766:	b0 93 0e 01 	sts	0x010E, r27	; 0x80010e <time_100ms+0x3>
     76a:	82 e0       	ldi	r24, 0x02	; 2
     76c:	67 dd       	rcall	.-1330   	; 0x23c <adc_get>
			
			//steering angle
			uint16_t steering_percentage = calculate_steering_percent((double) adc_get(2));
     76e:	cc 01       	movw	r24, r24
     770:	a0 e0       	ldi	r26, 0x00	; 0
     772:	b0 e0       	ldi	r27, 0x00	; 0
     774:	bc 01       	movw	r22, r24
     776:	cd 01       	movw	r24, r26
     778:	b8 d4       	rcall	.+2416   	; 0x10ea <__floatunsisf>
     77a:	dc 01       	movw	r26, r24
     77c:	cb 01       	movw	r24, r22
     77e:	bc 01       	movw	r22, r24
     780:	cd 01       	movw	r24, r26
     782:	11 d3       	rcall	.+1570   	; 0xda6 <calculate_steering_percent>
     784:	dc 01       	movw	r26, r24
     786:	cb 01       	movw	r24, r22
     788:	bc 01       	movw	r22, r24
     78a:	cd 01       	movw	r24, r26
     78c:	82 d4       	rcall	.+2308   	; 0x1092 <__fixunssfsi>
     78e:	dc 01       	movw	r26, r24
     790:	cb 01       	movw	r24, r22
     792:	9a 83       	std	Y+2, r25	; 0x02
     794:	89 83       	std	Y+1, r24	; 0x01
     796:	82 e0       	ldi	r24, 0x02	; 2
     798:	51 dd       	rcall	.-1374   	; 0x23c <adc_get>
			
			if (adc_get(2) <= POT_MID){		//left from middle position
     79a:	81 30       	cpi	r24, 0x01	; 1
     79c:	92 40       	sbci	r25, 0x02	; 2
     79e:	18 f4       	brcc	.+6      	; 0x7a6 <main+0x22c>
     7a0:	80 e8       	ldi	r24, 0x80	; 128
     7a2:	80 93 13 01 	sts	0x0113, r24	; 0x800113 <steering_sign>
				steering_sign = 0x80;
     7a6:	82 e0       	ldi	r24, 0x02	; 2
     7a8:	49 dd       	rcall	.-1390   	; 0x23c <adc_get>
			}
			if (adc_get(2) > POT_MID){		//right from middle position
     7aa:	81 30       	cpi	r24, 0x01	; 1
     7ac:	92 40       	sbci	r25, 0x02	; 2
     7ae:	10 f0       	brcs	.+4      	; 0x7b4 <main+0x23a>
     7b0:	10 92 13 01 	sts	0x0113, r1	; 0x800113 <steering_sign>
				steering_sign = 0x00;
     7b4:	83 e0       	ldi	r24, 0x03	; 3
     7b6:	42 dd       	rcall	.-1404   	; 0x23c <adc_get>
			}
			APPS_value = adc_get(3);//(100/(APPS_MAX-APPS_MIN)) * (adc_get(3) - APPS_MIN);
     7b8:	90 93 15 01 	sts	0x0115, r25	; 0x800115 <APPS_value+0x1>
     7bc:	80 93 14 01 	sts	0x0114, r24	; 0x800114 <APPS_value>
     7c0:	84 e0       	ldi	r24, 0x04	; 4
			
			//damper travel
			uint16_t federwegFL =  SPRINGTRAVEL_MAX - DAMP_MAX_FL + damper_poti((float)adc_get(4));
     7c2:	3c dd       	rcall	.-1416   	; 0x23c <adc_get>
     7c4:	cc 01       	movw	r24, r24
     7c6:	a0 e0       	ldi	r26, 0x00	; 0
     7c8:	b0 e0       	ldi	r27, 0x00	; 0
     7ca:	bc 01       	movw	r22, r24
     7cc:	cd 01       	movw	r24, r26
     7ce:	8d d4       	rcall	.+2330   	; 0x10ea <__floatunsisf>
     7d0:	dc 01       	movw	r26, r24
     7d2:	cb 01       	movw	r24, r22
     7d4:	bc 01       	movw	r22, r24
     7d6:	cd 01       	movw	r24, r26
     7d8:	a4 d2       	rcall	.+1352   	; 0xd22 <damper_poti>
     7da:	dc 01       	movw	r26, r24
     7dc:	cb 01       	movw	r24, r22
     7de:	20 e0       	ldi	r18, 0x00	; 0
     7e0:	30 e0       	ldi	r19, 0x00	; 0
     7e2:	4a ed       	ldi	r20, 0xDA	; 218
     7e4:	52 e4       	ldi	r21, 0x42	; 66
     7e6:	bc 01       	movw	r22, r24
     7e8:	cd 01       	movw	r24, r26
     7ea:	83 d3       	rcall	.+1798   	; 0xef2 <__addsf3>
     7ec:	dc 01       	movw	r26, r24
     7ee:	cb 01       	movw	r24, r22
     7f0:	bc 01       	movw	r22, r24
     7f2:	cd 01       	movw	r24, r26
     7f4:	4e d4       	rcall	.+2204   	; 0x1092 <__fixunssfsi>
     7f6:	dc 01       	movw	r26, r24
     7f8:	cb 01       	movw	r24, r22
     7fa:	9c 83       	std	Y+4, r25	; 0x04
     7fc:	8b 83       	std	Y+3, r24	; 0x03
     7fe:	85 e0       	ldi	r24, 0x05	; 5
			uint16_t federwegFR =  SPRINGTRAVEL_MAX - DAMP_MAX_FR + damper_poti((float)adc_get(5));
     800:	1d dd       	rcall	.-1478   	; 0x23c <adc_get>
     802:	cc 01       	movw	r24, r24
     804:	a0 e0       	ldi	r26, 0x00	; 0
     806:	b0 e0       	ldi	r27, 0x00	; 0
     808:	bc 01       	movw	r22, r24
     80a:	cd 01       	movw	r24, r26
     80c:	6e d4       	rcall	.+2268   	; 0x10ea <__floatunsisf>
     80e:	dc 01       	movw	r26, r24
     810:	cb 01       	movw	r24, r22
     812:	bc 01       	movw	r22, r24
     814:	cd 01       	movw	r24, r26
     816:	85 d2       	rcall	.+1290   	; 0xd22 <damper_poti>
     818:	dc 01       	movw	r26, r24
     81a:	cb 01       	movw	r24, r22
     81c:	20 e0       	ldi	r18, 0x00	; 0
     81e:	30 e0       	ldi	r19, 0x00	; 0
     820:	4a ee       	ldi	r20, 0xEA	; 234
     822:	52 e4       	ldi	r21, 0x42	; 66
     824:	bc 01       	movw	r22, r24
     826:	cd 01       	movw	r24, r26
     828:	64 d3       	rcall	.+1736   	; 0xef2 <__addsf3>
     82a:	dc 01       	movw	r26, r24
     82c:	cb 01       	movw	r24, r22
     82e:	bc 01       	movw	r22, r24
     830:	cd 01       	movw	r24, r26
     832:	2f d4       	rcall	.+2142   	; 0x1092 <__fixunssfsi>
     834:	dc 01       	movw	r26, r24
     836:	cb 01       	movw	r24, r22
     838:	9e 83       	std	Y+6, r25	; 0x06
     83a:	8d 83       	std	Y+5, r24	; 0x05
     83c:	80 91 14 01 	lds	r24, 0x0114	; 0x800114 <APPS_value>
     840:	90 91 15 01 	lds	r25, 0x0115	; 0x800115 <APPS_value+0x1>
			
			
			SensorHub0_databytes[0]	=	(APPS_value>>8)		&0xFF								;	//lsb APPS1
     844:	89 2f       	mov	r24, r25
     846:	99 27       	eor	r25, r25
     848:	8c 87       	std	Y+12, r24	; 0x0c
     84a:	80 91 14 01 	lds	r24, 0x0114	; 0x800114 <APPS_value>
     84e:	90 91 15 01 	lds	r25, 0x0115	; 0x800115 <APPS_value+0x1>
			SensorHub0_databytes[1]	=	(APPS_value)			&0xFF								;	//msb APPS1
     852:	8d 87       	std	Y+13, r24	; 0x0d
     854:	80 91 14 01 	lds	r24, 0x0114	; 0x800114 <APPS_value>
     858:	90 91 15 01 	lds	r25, 0x0115	; 0x800115 <APPS_value+0x1>
			SensorHub0_databytes[2]	=	(APPS_value>>8)		&0xFF								;	//lsb APPS2
     85c:	89 2f       	mov	r24, r25
     85e:	99 27       	eor	r25, r25
     860:	8e 87       	std	Y+14, r24	; 0x0e
     862:	80 91 14 01 	lds	r24, 0x0114	; 0x800114 <APPS_value>
     866:	90 91 15 01 	lds	r25, 0x0115	; 0x800115 <APPS_value+0x1>
			SensorHub0_databytes[3]	=	(APPS_value)			&0xFF								;	//msb APPS2
     86a:	8f 87       	std	Y+15, r24	; 0x0f
     86c:	18 8a       	std	Y+16, r1	; 0x10
     86e:	19 8a       	std	Y+17, r1	; 0x11
     870:	1a 8a       	std	Y+18, r1	; 0x12
			SensorHub0_databytes[4]	=	0														;	
     872:	99 81       	ldd	r25, Y+1	; 0x01
			SensorHub0_databytes[5]	=	0														;
     874:	80 91 13 01 	lds	r24, 0x0113	; 0x800113 <steering_sign>
			SensorHub0_databytes[6]	=	0														;	//SDC
			SensorHub0_databytes[7]	=	steering_sign | (steering_percentage)					;	//SA	
     878:	89 2b       	or	r24, r25
     87a:	8b 8b       	std	Y+19, r24	; 0x13
     87c:	80 e0       	ldi	r24, 0x00	; 0
     87e:	de dc       	rcall	.-1604   	; 0x23c <adc_get>
     880:	0f 2e       	mov	r0, r31
			
			//uint16_t testBPS = ADC2Sensor(adc_get(0),0.0,5.0,100,10,5,100);
			SensorHub1_databytes[0]	=	ADC2Sensor(adc_get(0),0.5,4.5,100,10,5,10) & 0xff		;	//lsb BPS_F
     882:	fa e0       	ldi	r31, 0x0A	; 10
     884:	8f 2e       	mov	r8, r31
     886:	91 2c       	mov	r9, r1
     888:	f0 2d       	mov	r31, r0
     88a:	0f 2e       	mov	r0, r31
     88c:	f5 e0       	ldi	r31, 0x05	; 5
     88e:	af 2e       	mov	r10, r31
     890:	f0 2d       	mov	r31, r0
     892:	0f 2e       	mov	r0, r31
     894:	fa e0       	ldi	r31, 0x0A	; 10
     896:	cf 2e       	mov	r12, r31
     898:	d1 2c       	mov	r13, r1
     89a:	f0 2d       	mov	r31, r0
     89c:	0f 2e       	mov	r0, r31
     89e:	f4 e6       	ldi	r31, 0x64	; 100
     8a0:	ef 2e       	mov	r14, r31
     8a2:	f0 2d       	mov	r31, r0
     8a4:	00 e0       	ldi	r16, 0x00	; 0
     8a6:	10 e0       	ldi	r17, 0x00	; 0
     8a8:	20 e9       	ldi	r18, 0x90	; 144
     8aa:	30 e4       	ldi	r19, 0x40	; 64
     8ac:	40 e0       	ldi	r20, 0x00	; 0
     8ae:	50 e0       	ldi	r21, 0x00	; 0
     8b0:	60 e0       	ldi	r22, 0x00	; 0
     8b2:	7f e3       	ldi	r23, 0x3F	; 63
     8b4:	35 d1       	rcall	.+618    	; 0xb20 <ADC2Sensor>
     8b6:	89 8f       	std	Y+25, r24	; 0x19
     8b8:	80 e0       	ldi	r24, 0x00	; 0
     8ba:	c0 dc       	rcall	.-1664   	; 0x23c <adc_get>
     8bc:	0f 2e       	mov	r0, r31
			SensorHub1_databytes[1]	=	ADC2Sensor(adc_get(0),0.5,4.5,100,10,5,10) >>8			;	//msb BPS_F
     8be:	fa e0       	ldi	r31, 0x0A	; 10
     8c0:	8f 2e       	mov	r8, r31
     8c2:	91 2c       	mov	r9, r1
     8c4:	f0 2d       	mov	r31, r0
     8c6:	0f 2e       	mov	r0, r31
     8c8:	f5 e0       	ldi	r31, 0x05	; 5
     8ca:	af 2e       	mov	r10, r31
     8cc:	f0 2d       	mov	r31, r0
     8ce:	0f 2e       	mov	r0, r31
     8d0:	fa e0       	ldi	r31, 0x0A	; 10
     8d2:	cf 2e       	mov	r12, r31
     8d4:	d1 2c       	mov	r13, r1
     8d6:	f0 2d       	mov	r31, r0
     8d8:	0f 2e       	mov	r0, r31
     8da:	f4 e6       	ldi	r31, 0x64	; 100
     8dc:	ef 2e       	mov	r14, r31
     8de:	f0 2d       	mov	r31, r0
     8e0:	00 e0       	ldi	r16, 0x00	; 0
     8e2:	10 e0       	ldi	r17, 0x00	; 0
     8e4:	20 e9       	ldi	r18, 0x90	; 144
     8e6:	30 e4       	ldi	r19, 0x40	; 64
     8e8:	40 e0       	ldi	r20, 0x00	; 0
     8ea:	50 e0       	ldi	r21, 0x00	; 0
     8ec:	60 e0       	ldi	r22, 0x00	; 0
     8ee:	7f e3       	ldi	r23, 0x3F	; 63
     8f0:	17 d1       	rcall	.+558    	; 0xb20 <ADC2Sensor>
     8f2:	89 2f       	mov	r24, r25
     8f4:	99 27       	eor	r25, r25
     8f6:	8a 8f       	std	Y+26, r24	; 0x1a
     8f8:	81 e0       	ldi	r24, 0x01	; 1
     8fa:	a0 dc       	rcall	.-1728   	; 0x23c <adc_get>
     8fc:	0f 2e       	mov	r0, r31
			SensorHub1_databytes[2]	=	ADC2Sensor(adc_get(1),0.5,4.5,100,10,5,10) & 0xff		;	//lsb BPS_R
     8fe:	fa e0       	ldi	r31, 0x0A	; 10
     900:	8f 2e       	mov	r8, r31
     902:	91 2c       	mov	r9, r1
     904:	f0 2d       	mov	r31, r0
     906:	0f 2e       	mov	r0, r31
     908:	f5 e0       	ldi	r31, 0x05	; 5
     90a:	af 2e       	mov	r10, r31
     90c:	f0 2d       	mov	r31, r0
     90e:	0f 2e       	mov	r0, r31
     910:	fa e0       	ldi	r31, 0x0A	; 10
     912:	cf 2e       	mov	r12, r31
     914:	d1 2c       	mov	r13, r1
     916:	f0 2d       	mov	r31, r0
     918:	0f 2e       	mov	r0, r31
     91a:	f4 e6       	ldi	r31, 0x64	; 100
     91c:	ef 2e       	mov	r14, r31
     91e:	f0 2d       	mov	r31, r0
     920:	00 e0       	ldi	r16, 0x00	; 0
     922:	10 e0       	ldi	r17, 0x00	; 0
     924:	20 e9       	ldi	r18, 0x90	; 144
     926:	30 e4       	ldi	r19, 0x40	; 64
     928:	40 e0       	ldi	r20, 0x00	; 0
     92a:	50 e0       	ldi	r21, 0x00	; 0
     92c:	60 e0       	ldi	r22, 0x00	; 0
     92e:	7f e3       	ldi	r23, 0x3F	; 63
     930:	f7 d0       	rcall	.+494    	; 0xb20 <ADC2Sensor>
     932:	8b 8f       	std	Y+27, r24	; 0x1b
     934:	81 e0       	ldi	r24, 0x01	; 1
     936:	82 dc       	rcall	.-1788   	; 0x23c <adc_get>
     938:	0f 2e       	mov	r0, r31
			SensorHub1_databytes[3]	=	ADC2Sensor(adc_get(1),0.5,4.5,100,10,5,10) >>8			;	//msb BPS_R
     93a:	fa e0       	ldi	r31, 0x0A	; 10
     93c:	8f 2e       	mov	r8, r31
     93e:	91 2c       	mov	r9, r1
     940:	f0 2d       	mov	r31, r0
     942:	0f 2e       	mov	r0, r31
     944:	f5 e0       	ldi	r31, 0x05	; 5
     946:	af 2e       	mov	r10, r31
     948:	f0 2d       	mov	r31, r0
     94a:	0f 2e       	mov	r0, r31
     94c:	fa e0       	ldi	r31, 0x0A	; 10
     94e:	cf 2e       	mov	r12, r31
     950:	d1 2c       	mov	r13, r1
     952:	f0 2d       	mov	r31, r0
     954:	0f 2e       	mov	r0, r31
     956:	f4 e6       	ldi	r31, 0x64	; 100
     958:	ef 2e       	mov	r14, r31
     95a:	f0 2d       	mov	r31, r0
     95c:	00 e0       	ldi	r16, 0x00	; 0
     95e:	10 e0       	ldi	r17, 0x00	; 0
     960:	20 e9       	ldi	r18, 0x90	; 144
     962:	30 e4       	ldi	r19, 0x40	; 64
     964:	40 e0       	ldi	r20, 0x00	; 0
     966:	50 e0       	ldi	r21, 0x00	; 0
     968:	60 e0       	ldi	r22, 0x00	; 0
     96a:	7f e3       	ldi	r23, 0x3F	; 63
     96c:	d9 d0       	rcall	.+434    	; 0xb20 <ADC2Sensor>
     96e:	89 2f       	mov	r24, r25
     970:	99 27       	eor	r25, r25
     972:	8c 8f       	std	Y+28, r24	; 0x1c
     974:	80 91 4b 01 	lds	r24, 0x014B	; 0x80014b <wheelspeed>
     978:	90 91 4c 01 	lds	r25, 0x014C	; 0x80014c <wheelspeed+0x1>
     97c:	8d 8f       	std	Y+29, r24	; 0x1d
			SensorHub1_databytes[4]	=	wheelspeed[0]&0xff										;	//wheelspeed[0]&0xff	
     97e:	80 91 4d 01 	lds	r24, 0x014D	; 0x80014d <wheelspeed+0x2>
     982:	90 91 4e 01 	lds	r25, 0x014E	; 0x80014e <wheelspeed+0x3>
     986:	89 2f       	mov	r24, r25
			SensorHub1_databytes[5]	=	(wheelspeed[1]>>8)&0xff									;	//(wheelspeed[1]>>8)&0xff
     988:	99 27       	eor	r25, r25
     98a:	8e 8f       	std	Y+30, r24	; 0x1e
     98c:	1f 8e       	std	Y+31, r1	; 0x1f
     98e:	18 a2       	std	Y+32, r1	; 0x20
     990:	8b 81       	ldd	r24, Y+3	; 0x03
     992:	89 8f       	std	Y+25, r24	; 0x19
			SensorHub1_databytes[6]	=	0														;
     994:	8b 81       	ldd	r24, Y+3	; 0x03
			SensorHub1_databytes[7]	=	0														;
			
			SensorHub1_databytes[0]	=	(uint16_t) federwegFL;									;	//lsb DTS_FL
     996:	9c 81       	ldd	r25, Y+4	; 0x04
     998:	89 2f       	mov	r24, r25
			SensorHub1_databytes[1]	=	((uint16_t) federwegFL)>>8;								;	//msb DTS_FL
     99a:	99 27       	eor	r25, r25
     99c:	8a 8f       	std	Y+26, r24	; 0x1a
     99e:	8d 81       	ldd	r24, Y+5	; 0x05
     9a0:	8b 8f       	std	Y+27, r24	; 0x1b
			SensorHub1_databytes[2]	=	(uint16_t) federwegFR;									;	//lsb DTS_FR
     9a2:	8d 81       	ldd	r24, Y+5	; 0x05
			SensorHub1_databytes[3]	=	((uint16_t) federwegFR)>>8;								;	//msb DTS_FR
     9a4:	9e 81       	ldd	r25, Y+6	; 0x06
     9a6:	89 2f       	mov	r24, r25
     9a8:	99 27       	eor	r25, r25
     9aa:	8c 8f       	std	Y+28, r24	; 0x1c
     9ac:	1d 8e       	std	Y+29, r1	; 0x1d
			SensorHub1_databytes[4]	=	0														;	//
     9ae:	1e 8e       	std	Y+30, r1	; 0x1e
			SensorHub1_databytes[5]	=	0														;	//
     9b0:	1f 8e       	std	Y+31, r1	; 0x1f
			SensorHub1_databytes[6]	=	0														;
     9b2:	18 a2       	std	Y+32, r1	; 0x20
			SensorHub1_databytes[7]	=	0														;
     9b4:	9e 01       	movw	r18, r28
			
			can_tx(&can_SensorHub0_mob, SensorHub0_databytes);			
     9b6:	24 5f       	subi	r18, 0xF4	; 244
     9b8:	3f 4f       	sbci	r19, 0xFF	; 255
     9ba:	ce 01       	movw	r24, r28
     9bc:	07 96       	adiw	r24, 0x07	; 7
     9be:	b9 01       	movw	r22, r18
     9c0:	49 dd       	rcall	.-1390   	; 0x454 <can_tx>
     9c2:	9e 01       	movw	r18, r28
     9c4:	27 5e       	subi	r18, 0xE7	; 231
			can_tx(&can_SensorHub1_mob, SensorHub1_databytes);
     9c6:	3f 4f       	sbci	r19, 0xFF	; 255
     9c8:	ce 01       	movw	r24, r28
     9ca:	44 96       	adiw	r24, 0x14	; 20
     9cc:	b9 01       	movw	r22, r18
     9ce:	42 dd       	rcall	.-1404   	; 0x454 <can_tx>
     9d0:	9e 01       	movw	r18, r28
     9d2:	2a 5d       	subi	r18, 0xDA	; 218
     9d4:	3f 4f       	sbci	r19, 0xFF	; 255
			can_tx(&can_SensorHub2_mob, SensorHub2_databytes);
     9d6:	ce 01       	movw	r24, r28
     9d8:	81 96       	adiw	r24, 0x21	; 33
     9da:	b9 01       	movw	r22, r18
     9dc:	3b dd       	rcall	.-1418   	; 0x454 <can_tx>
     9de:	60 d0       	rcall	.+192    	; 0xaa0 <sys_tick_heart>
     9e0:	20 91 16 01 	lds	r18, 0x0116	; 0x800116 <sys_time>
     9e4:	30 91 17 01 	lds	r19, 0x0117	; 0x800117 <sys_time+0x1>
			
			sys_tick_heart();
     9e8:	40 91 18 01 	lds	r20, 0x0118	; 0x800118 <sys_time+0x2>
			
		} // end of 100ms
		
		if (TIME_PASSED_200_MS)
     9ec:	50 91 19 01 	lds	r21, 0x0119	; 0x800119 <sys_time+0x3>
     9f0:	80 91 0f 01 	lds	r24, 0x010F	; 0x80010f <time_200ms>
     9f4:	90 91 10 01 	lds	r25, 0x0110	; 0x800110 <time_200ms+0x1>
     9f8:	a0 91 11 01 	lds	r26, 0x0111	; 0x800111 <time_200ms+0x2>
     9fc:	b0 91 12 01 	lds	r27, 0x0112	; 0x800112 <time_200ms+0x3>
     a00:	79 01       	movw	r14, r18
     a02:	8a 01       	movw	r16, r20
     a04:	e8 1a       	sub	r14, r24
     a06:	f9 0a       	sbc	r15, r25
     a08:	0a 0b       	sbc	r16, r26
     a0a:	1b 0b       	sbc	r17, r27
     a0c:	d8 01       	movw	r26, r16
     a0e:	c7 01       	movw	r24, r14
     a10:	88 3c       	cpi	r24, 0xC8	; 200
     a12:	91 05       	cpc	r25, r1
     a14:	a1 05       	cpc	r26, r1
     a16:	b1 05       	cpc	r27, r1
     a18:	08 f4       	brcc	.+2      	; 0xa1c <main+0x4a2>
     a1a:	fe cd       	rjmp	.-1028   	; 0x618 <main+0x9e>
     a1c:	80 91 16 01 	lds	r24, 0x0116	; 0x800116 <sys_time>
     a20:	90 91 17 01 	lds	r25, 0x0117	; 0x800117 <sys_time+0x1>
     a24:	a0 91 18 01 	lds	r26, 0x0118	; 0x800118 <sys_time+0x2>
		{
			time_200ms = sys_time;
     a28:	b0 91 19 01 	lds	r27, 0x0119	; 0x800119 <sys_time+0x3>
     a2c:	80 93 0f 01 	sts	0x010F, r24	; 0x80010f <time_200ms>
     a30:	90 93 10 01 	sts	0x0110, r25	; 0x800110 <time_200ms+0x1>
     a34:	a0 93 11 01 	sts	0x0111, r26	; 0x800111 <time_200ms+0x2>
     a38:	b0 93 12 01 	sts	0x0112, r27	; 0x800112 <time_200ms+0x3>
     a3c:	ed cd       	rjmp	.-1062   	; 0x618 <main+0x9e>

00000a3e <port_config>:
     a3e:	cf 93       	push	r28
     a40:	df 93       	push	r29
     a42:	cd b7       	in	r28, 0x3d	; 61
     a44:	de b7       	in	r29, 0x3e	; 62
			
		} // end of 200ms

    }
     a46:	87 e2       	ldi	r24, 0x27	; 39
}

void fault_detected()
{
	PORTC |= (1<<PC0); //turn on red led when called (fault present)
}
     a48:	90 e0       	ldi	r25, 0x00	; 0
     a4a:	27 e2       	ldi	r18, 0x27	; 39
     a4c:	30 e0       	ldi	r19, 0x00	; 0
     a4e:	f9 01       	movw	r30, r18
     a50:	20 81       	ld	r18, Z
     a52:	25 60       	ori	r18, 0x05	; 5
     a54:	fc 01       	movw	r30, r24
     a56:	20 83       	st	Z, r18
     a58:	80 e3       	ldi	r24, 0x30	; 48
     a5a:	90 e0       	ldi	r25, 0x00	; 0
     a5c:	20 e3       	ldi	r18, 0x30	; 48
     a5e:	30 e0       	ldi	r19, 0x00	; 0
     a60:	f9 01       	movw	r30, r18
     a62:	20 81       	ld	r18, Z
     a64:	28 7f       	andi	r18, 0xF8	; 248
     a66:	fc 01       	movw	r30, r24
     a68:	20 83       	st	Z, r18
     a6a:	00 00       	nop
     a6c:	df 91       	pop	r29
     a6e:	cf 91       	pop	r28
     a70:	08 95       	ret

00000a72 <sys_timer_config>:
     a72:	cf 93       	push	r28
     a74:	df 93       	push	r29
     a76:	cd b7       	in	r28, 0x3d	; 61
     a78:	de b7       	in	r29, 0x3e	; 62
     a7a:	84 e4       	ldi	r24, 0x44	; 68
     a7c:	90 e0       	ldi	r25, 0x00	; 0
     a7e:	2b e0       	ldi	r18, 0x0B	; 11
     a80:	fc 01       	movw	r30, r24
     a82:	20 83       	st	Z, r18
     a84:	8e e6       	ldi	r24, 0x6E	; 110
     a86:	90 e0       	ldi	r25, 0x00	; 0
     a88:	22 e0       	ldi	r18, 0x02	; 2
     a8a:	fc 01       	movw	r30, r24
     a8c:	20 83       	st	Z, r18
     a8e:	87 e4       	ldi	r24, 0x47	; 71
     a90:	90 e0       	ldi	r25, 0x00	; 0
     a92:	29 ef       	ldi	r18, 0xF9	; 249
     a94:	fc 01       	movw	r30, r24
     a96:	20 83       	st	Z, r18
     a98:	00 00       	nop
     a9a:	df 91       	pop	r29
     a9c:	cf 91       	pop	r28
     a9e:	08 95       	ret

00000aa0 <sys_tick_heart>:
     aa0:	cf 93       	push	r28
     aa2:	df 93       	push	r29
     aa4:	cd b7       	in	r28, 0x3d	; 61
     aa6:	de b7       	in	r29, 0x3e	; 62
     aa8:	88 e2       	ldi	r24, 0x28	; 40
     aaa:	90 e0       	ldi	r25, 0x00	; 0
     aac:	28 e2       	ldi	r18, 0x28	; 40
     aae:	30 e0       	ldi	r19, 0x00	; 0
     ab0:	f9 01       	movw	r30, r18
     ab2:	30 81       	ld	r19, Z
     ab4:	24 e0       	ldi	r18, 0x04	; 4
     ab6:	23 27       	eor	r18, r19
     ab8:	fc 01       	movw	r30, r24
     aba:	20 83       	st	Z, r18
     abc:	00 00       	nop
     abe:	df 91       	pop	r29
     ac0:	cf 91       	pop	r28
     ac2:	08 95       	ret

00000ac4 <__vector_16>:

ISR(TIMER0_COMP_vect)
{
     ac4:	1f 92       	push	r1
     ac6:	0f 92       	push	r0
     ac8:	00 90 5f 00 	lds	r0, 0x005F	; 0x80005f <__TEXT_REGION_LENGTH__+0x7e005f>
     acc:	0f 92       	push	r0
     ace:	11 24       	eor	r1, r1
     ad0:	8f 93       	push	r24
     ad2:	9f 93       	push	r25
     ad4:	af 93       	push	r26
     ad6:	bf 93       	push	r27
     ad8:	cf 93       	push	r28
     ada:	df 93       	push	r29
     adc:	cd b7       	in	r28, 0x3d	; 61
     ade:	de b7       	in	r29, 0x3e	; 62
	sys_time++;
     ae0:	80 91 16 01 	lds	r24, 0x0116	; 0x800116 <sys_time>
     ae4:	90 91 17 01 	lds	r25, 0x0117	; 0x800117 <sys_time+0x1>
     ae8:	a0 91 18 01 	lds	r26, 0x0118	; 0x800118 <sys_time+0x2>
     aec:	b0 91 19 01 	lds	r27, 0x0119	; 0x800119 <sys_time+0x3>
     af0:	01 96       	adiw	r24, 0x01	; 1
     af2:	a1 1d       	adc	r26, r1
     af4:	b1 1d       	adc	r27, r1
     af6:	80 93 16 01 	sts	0x0116, r24	; 0x800116 <sys_time>
     afa:	90 93 17 01 	sts	0x0117, r25	; 0x800117 <sys_time+0x1>
     afe:	a0 93 18 01 	sts	0x0118, r26	; 0x800118 <sys_time+0x2>
     b02:	b0 93 19 01 	sts	0x0119, r27	; 0x800119 <sys_time+0x3>
     b06:	00 00       	nop
     b08:	df 91       	pop	r29
     b0a:	cf 91       	pop	r28
     b0c:	bf 91       	pop	r27
     b0e:	af 91       	pop	r26
     b10:	9f 91       	pop	r25
     b12:	8f 91       	pop	r24
     b14:	0f 90       	pop	r0
     b16:	00 92 5f 00 	sts	0x005F, r0	; 0x80005f <__TEXT_REGION_LENGTH__+0x7e005f>
     b1a:	0f 90       	pop	r0
     b1c:	1f 90       	pop	r1
     b1e:	18 95       	reti

00000b20 <ADC2Sensor>:

#include "sensor_function.h"
#include <avr/io.h>
#include <math.h>

uint16_t ADC2Sensor(uint16_t data, float start_Volt, float end_Volt, uint8_t sensor_max, uint16_t ADC_bit, uint8_t ADC_Volt, uint16_t precision){
     b20:	8f 92       	push	r8
     b22:	9f 92       	push	r9
     b24:	af 92       	push	r10
     b26:	cf 92       	push	r12
     b28:	df 92       	push	r13
     b2a:	ef 92       	push	r14
     b2c:	ff 92       	push	r15
     b2e:	0f 93       	push	r16
     b30:	1f 93       	push	r17
     b32:	cf 93       	push	r28
     b34:	df 93       	push	r29
     b36:	cd b7       	in	r28, 0x3d	; 61
     b38:	de b7       	in	r29, 0x3e	; 62
     b3a:	6e 97       	sbiw	r28, 0x1e	; 30
     b3c:	0f b6       	in	r0, 0x3f	; 63
     b3e:	f8 94       	cli
     b40:	de bf       	out	0x3e, r29	; 62
     b42:	0f be       	out	0x3f, r0	; 63
     b44:	cd bf       	out	0x3d, r28	; 61
     b46:	98 8b       	std	Y+16, r25	; 0x10
     b48:	8f 87       	std	Y+15, r24	; 0x0f
     b4a:	49 8b       	std	Y+17, r20	; 0x11
     b4c:	5a 8b       	std	Y+18, r21	; 0x12
     b4e:	6b 8b       	std	Y+19, r22	; 0x13
     b50:	7c 8b       	std	Y+20, r23	; 0x14
     b52:	0d 8b       	std	Y+21, r16	; 0x15
     b54:	1e 8b       	std	Y+22, r17	; 0x16
     b56:	2f 8b       	std	Y+23, r18	; 0x17
     b58:	38 8f       	std	Y+24, r19	; 0x18
     b5a:	e9 8e       	std	Y+25, r14	; 0x19
     b5c:	db 8e       	std	Y+27, r13	; 0x1b
     b5e:	ca 8e       	std	Y+26, r12	; 0x1a
     b60:	ac 8e       	std	Y+28, r10	; 0x1c
     b62:	9e 8e       	std	Y+30, r9	; 0x1e
     b64:	8d 8e       	std	Y+29, r8	; 0x1d
	uint16_t start_ADC = (pow(2,ADC_bit))/ADC_Volt*start_Volt;	
     b66:	8a 8d       	ldd	r24, Y+26	; 0x1a
     b68:	9b 8d       	ldd	r25, Y+27	; 0x1b
     b6a:	cc 01       	movw	r24, r24
     b6c:	a0 e0       	ldi	r26, 0x00	; 0
     b6e:	b0 e0       	ldi	r27, 0x00	; 0
     b70:	bc 01       	movw	r22, r24
     b72:	cd 01       	movw	r24, r26
     b74:	ba d2       	rcall	.+1396   	; 0x10ea <__floatunsisf>
     b76:	dc 01       	movw	r26, r24
     b78:	cb 01       	movw	r24, r22
     b7a:	9c 01       	movw	r18, r24
     b7c:	ad 01       	movw	r20, r26
     b7e:	60 e0       	ldi	r22, 0x00	; 0
     b80:	70 e0       	ldi	r23, 0x00	; 0
     b82:	80 e0       	ldi	r24, 0x00	; 0
     b84:	90 e4       	ldi	r25, 0x40	; 64
     b86:	ca d3       	rcall	.+1940   	; 0x131c <pow>
     b88:	6b 01       	movw	r12, r22
     b8a:	7c 01       	movw	r14, r24
     b8c:	8c 8d       	ldd	r24, Y+28	; 0x1c
     b8e:	88 2f       	mov	r24, r24
     b90:	90 e0       	ldi	r25, 0x00	; 0
     b92:	09 2e       	mov	r0, r25
     b94:	00 0c       	add	r0, r0
     b96:	aa 0b       	sbc	r26, r26
     b98:	bb 0b       	sbc	r27, r27
     b9a:	bc 01       	movw	r22, r24
     b9c:	cd 01       	movw	r24, r26
     b9e:	a7 d2       	rcall	.+1358   	; 0x10ee <__floatsisf>
     ba0:	dc 01       	movw	r26, r24
     ba2:	cb 01       	movw	r24, r22
     ba4:	9c 01       	movw	r18, r24
     ba6:	ad 01       	movw	r20, r26
     ba8:	c7 01       	movw	r24, r14
     baa:	b6 01       	movw	r22, r12
     bac:	0a d2       	rcall	.+1044   	; 0xfc2 <__divsf3>
     bae:	dc 01       	movw	r26, r24
     bb0:	cb 01       	movw	r24, r22
     bb2:	29 89       	ldd	r18, Y+17	; 0x11
     bb4:	3a 89       	ldd	r19, Y+18	; 0x12
     bb6:	4b 89       	ldd	r20, Y+19	; 0x13
     bb8:	5c 89       	ldd	r21, Y+20	; 0x14
     bba:	bc 01       	movw	r22, r24
     bbc:	cd 01       	movw	r24, r26
     bbe:	4b d3       	rcall	.+1686   	; 0x1256 <__mulsf3>
     bc0:	dc 01       	movw	r26, r24
     bc2:	cb 01       	movw	r24, r22
     bc4:	bc 01       	movw	r22, r24
     bc6:	cd 01       	movw	r24, r26
     bc8:	64 d2       	rcall	.+1224   	; 0x1092 <__fixunssfsi>
     bca:	dc 01       	movw	r26, r24
     bcc:	cb 01       	movw	r24, r22
     bce:	9c 83       	std	Y+4, r25	; 0x04
     bd0:	8b 83       	std	Y+3, r24	; 0x03
	uint16_t end_ADC = (pow(2,ADC_bit))/ADC_Volt*end_Volt ;		
     bd2:	8a 8d       	ldd	r24, Y+26	; 0x1a
     bd4:	9b 8d       	ldd	r25, Y+27	; 0x1b
     bd6:	cc 01       	movw	r24, r24
     bd8:	a0 e0       	ldi	r26, 0x00	; 0
     bda:	b0 e0       	ldi	r27, 0x00	; 0
     bdc:	bc 01       	movw	r22, r24
     bde:	cd 01       	movw	r24, r26
     be0:	84 d2       	rcall	.+1288   	; 0x10ea <__floatunsisf>
     be2:	dc 01       	movw	r26, r24
     be4:	cb 01       	movw	r24, r22
     be6:	9c 01       	movw	r18, r24
     be8:	ad 01       	movw	r20, r26
     bea:	60 e0       	ldi	r22, 0x00	; 0
     bec:	70 e0       	ldi	r23, 0x00	; 0
     bee:	80 e0       	ldi	r24, 0x00	; 0
     bf0:	90 e4       	ldi	r25, 0x40	; 64
     bf2:	94 d3       	rcall	.+1832   	; 0x131c <pow>
     bf4:	6b 01       	movw	r12, r22
     bf6:	7c 01       	movw	r14, r24
     bf8:	8c 8d       	ldd	r24, Y+28	; 0x1c
     bfa:	88 2f       	mov	r24, r24
     bfc:	90 e0       	ldi	r25, 0x00	; 0
     bfe:	09 2e       	mov	r0, r25
     c00:	00 0c       	add	r0, r0
     c02:	aa 0b       	sbc	r26, r26
     c04:	bb 0b       	sbc	r27, r27
     c06:	bc 01       	movw	r22, r24
     c08:	cd 01       	movw	r24, r26
     c0a:	71 d2       	rcall	.+1250   	; 0x10ee <__floatsisf>
     c0c:	dc 01       	movw	r26, r24
     c0e:	cb 01       	movw	r24, r22
     c10:	9c 01       	movw	r18, r24
     c12:	ad 01       	movw	r20, r26
     c14:	c7 01       	movw	r24, r14
     c16:	b6 01       	movw	r22, r12
     c18:	d4 d1       	rcall	.+936    	; 0xfc2 <__divsf3>
     c1a:	dc 01       	movw	r26, r24
     c1c:	cb 01       	movw	r24, r22
     c1e:	2d 89       	ldd	r18, Y+21	; 0x15
     c20:	3e 89       	ldd	r19, Y+22	; 0x16
     c22:	4f 89       	ldd	r20, Y+23	; 0x17
     c24:	58 8d       	ldd	r21, Y+24	; 0x18
     c26:	bc 01       	movw	r22, r24
     c28:	cd 01       	movw	r24, r26
     c2a:	15 d3       	rcall	.+1578   	; 0x1256 <__mulsf3>
     c2c:	dc 01       	movw	r26, r24
     c2e:	cb 01       	movw	r24, r22
     c30:	bc 01       	movw	r22, r24
     c32:	cd 01       	movw	r24, r26
     c34:	2e d2       	rcall	.+1116   	; 0x1092 <__fixunssfsi>
     c36:	dc 01       	movw	r26, r24
     c38:	cb 01       	movw	r24, r22
     c3a:	9e 83       	std	Y+6, r25	; 0x06
     c3c:	8d 83       	std	Y+5, r24	; 0x05
	float ADC_range = end_ADC - start_ADC;						
     c3e:	2d 81       	ldd	r18, Y+5	; 0x05
     c40:	3e 81       	ldd	r19, Y+6	; 0x06
     c42:	8b 81       	ldd	r24, Y+3	; 0x03
     c44:	9c 81       	ldd	r25, Y+4	; 0x04
     c46:	a9 01       	movw	r20, r18
     c48:	48 1b       	sub	r20, r24
     c4a:	59 0b       	sbc	r21, r25
     c4c:	ca 01       	movw	r24, r20
     c4e:	cc 01       	movw	r24, r24
     c50:	a0 e0       	ldi	r26, 0x00	; 0
     c52:	b0 e0       	ldi	r27, 0x00	; 0
     c54:	bc 01       	movw	r22, r24
     c56:	cd 01       	movw	r24, r26
     c58:	48 d2       	rcall	.+1168   	; 0x10ea <__floatunsisf>
     c5a:	dc 01       	movw	r26, r24
     c5c:	cb 01       	movw	r24, r22
     c5e:	8f 83       	std	Y+7, r24	; 0x07
     c60:	98 87       	std	Y+8, r25	; 0x08
     c62:	a9 87       	std	Y+9, r26	; 0x09
	float sensor_factor = sensor_max/ADC_range;					
     c64:	ba 87       	std	Y+10, r27	; 0x0a
     c66:	89 8d       	ldd	r24, Y+25	; 0x19
     c68:	88 2f       	mov	r24, r24
     c6a:	90 e0       	ldi	r25, 0x00	; 0
     c6c:	09 2e       	mov	r0, r25
     c6e:	00 0c       	add	r0, r0
     c70:	aa 0b       	sbc	r26, r26
     c72:	bb 0b       	sbc	r27, r27
     c74:	bc 01       	movw	r22, r24
     c76:	cd 01       	movw	r24, r26
     c78:	3a d2       	rcall	.+1140   	; 0x10ee <__floatsisf>
     c7a:	dc 01       	movw	r26, r24
     c7c:	cb 01       	movw	r24, r22
     c7e:	2f 81       	ldd	r18, Y+7	; 0x07
     c80:	38 85       	ldd	r19, Y+8	; 0x08
     c82:	49 85       	ldd	r20, Y+9	; 0x09
     c84:	5a 85       	ldd	r21, Y+10	; 0x0a
     c86:	bc 01       	movw	r22, r24
     c88:	cd 01       	movw	r24, r26
     c8a:	9b d1       	rcall	.+822    	; 0xfc2 <__divsf3>
     c8c:	dc 01       	movw	r26, r24
     c8e:	cb 01       	movw	r24, r22
     c90:	8b 87       	std	Y+11, r24	; 0x0b
     c92:	9c 87       	std	Y+12, r25	; 0x0c
     c94:	ad 87       	std	Y+13, r26	; 0x0d
     c96:	be 87       	std	Y+14, r27	; 0x0e
	uint16_t Sensor_Data = (data-start_ADC)*precision*sensor_factor;
     c98:	2f 85       	ldd	r18, Y+15	; 0x0f
     c9a:	38 89       	ldd	r19, Y+16	; 0x10
     c9c:	8b 81       	ldd	r24, Y+3	; 0x03
     c9e:	9c 81       	ldd	r25, Y+4	; 0x04
     ca0:	a9 01       	movw	r20, r18
     ca2:	48 1b       	sub	r20, r24
     ca4:	59 0b       	sbc	r21, r25
     ca6:	2d 8d       	ldd	r18, Y+29	; 0x1d
     ca8:	3e 8d       	ldd	r19, Y+30	; 0x1e
     caa:	42 9f       	mul	r20, r18
     cac:	c0 01       	movw	r24, r0
     cae:	43 9f       	mul	r20, r19
     cb0:	90 0d       	add	r25, r0
     cb2:	52 9f       	mul	r21, r18
     cb4:	90 0d       	add	r25, r0
     cb6:	11 24       	eor	r1, r1
     cb8:	cc 01       	movw	r24, r24
     cba:	a0 e0       	ldi	r26, 0x00	; 0
     cbc:	b0 e0       	ldi	r27, 0x00	; 0
     cbe:	bc 01       	movw	r22, r24
     cc0:	cd 01       	movw	r24, r26
     cc2:	13 d2       	rcall	.+1062   	; 0x10ea <__floatunsisf>
     cc4:	dc 01       	movw	r26, r24
     cc6:	cb 01       	movw	r24, r22
     cc8:	2b 85       	ldd	r18, Y+11	; 0x0b
     cca:	3c 85       	ldd	r19, Y+12	; 0x0c
     ccc:	4d 85       	ldd	r20, Y+13	; 0x0d
     cce:	5e 85       	ldd	r21, Y+14	; 0x0e
     cd0:	bc 01       	movw	r22, r24
     cd2:	cd 01       	movw	r24, r26
     cd4:	c0 d2       	rcall	.+1408   	; 0x1256 <__mulsf3>
     cd6:	dc 01       	movw	r26, r24
     cd8:	cb 01       	movw	r24, r22
     cda:	bc 01       	movw	r22, r24
     cdc:	cd 01       	movw	r24, r26
     cde:	d9 d1       	rcall	.+946    	; 0x1092 <__fixunssfsi>
     ce0:	dc 01       	movw	r26, r24
     ce2:	cb 01       	movw	r24, r22
     ce4:	9a 83       	std	Y+2, r25	; 0x02
     ce6:	89 83       	std	Y+1, r24	; 0x01
	if (data<start_ADC){//Set sensor value to zero if below the ADC Threshold
     ce8:	2f 85       	ldd	r18, Y+15	; 0x0f
     cea:	38 89       	ldd	r19, Y+16	; 0x10
     cec:	8b 81       	ldd	r24, Y+3	; 0x03
     cee:	9c 81       	ldd	r25, Y+4	; 0x04
     cf0:	28 17       	cp	r18, r24
     cf2:	39 07       	cpc	r19, r25
     cf4:	10 f4       	brcc	.+4      	; 0xcfa <ADC2Sensor+0x1da>
		Sensor_Data = 0;
     cf6:	1a 82       	std	Y+2, r1	; 0x02
     cf8:	19 82       	std	Y+1, r1	; 0x01
	}
	return Sensor_Data;
     cfa:	89 81       	ldd	r24, Y+1	; 0x01
     cfc:	9a 81       	ldd	r25, Y+2	; 0x02
}
     cfe:	6e 96       	adiw	r28, 0x1e	; 30
     d00:	0f b6       	in	r0, 0x3f	; 63
     d02:	f8 94       	cli
     d04:	de bf       	out	0x3e, r29	; 62
     d06:	0f be       	out	0x3f, r0	; 63
     d08:	cd bf       	out	0x3d, r28	; 61
     d0a:	df 91       	pop	r29
     d0c:	cf 91       	pop	r28
     d0e:	1f 91       	pop	r17
     d10:	0f 91       	pop	r16
     d12:	ff 90       	pop	r15
     d14:	ef 90       	pop	r14
     d16:	df 90       	pop	r13
     d18:	cf 90       	pop	r12
     d1a:	af 90       	pop	r10
     d1c:	9f 90       	pop	r9
     d1e:	8f 90       	pop	r8
     d20:	08 95       	ret

00000d22 <damper_poti>:

double damper_poti(double dp_adc){
     d22:	cf 93       	push	r28
     d24:	df 93       	push	r29
     d26:	cd b7       	in	r28, 0x3d	; 61
     d28:	de b7       	in	r29, 0x3e	; 62
     d2a:	28 97       	sbiw	r28, 0x08	; 8
     d2c:	0f b6       	in	r0, 0x3f	; 63
     d2e:	f8 94       	cli
     d30:	de bf       	out	0x3e, r29	; 62
     d32:	0f be       	out	0x3f, r0	; 63
     d34:	cd bf       	out	0x3d, r28	; 61
     d36:	6d 83       	std	Y+5, r22	; 0x05
     d38:	7e 83       	std	Y+6, r23	; 0x06
     d3a:	8f 83       	std	Y+7, r24	; 0x07
     d3c:	98 87       	std	Y+8, r25	; 0x08
	double travel = 0;
     d3e:	19 82       	std	Y+1, r1	; 0x01
     d40:	1a 82       	std	Y+2, r1	; 0x02
     d42:	1b 82       	std	Y+3, r1	; 0x03
     d44:	1c 82       	std	Y+4, r1	; 0x04
	
	//travel = (80*dp_adc)/1024;
	
	travel = DAMP_MM_MIN + (dp_adc-DAMP_ADC_MIN)*((DAMP_MM_MAX - DAMP_MM_MIN)/(DAMP_ADC_MAX - DAMP_ADC_MIN)); //interpolate with 2 values
     d46:	20 e0       	ldi	r18, 0x00	; 0
     d48:	30 e0       	ldi	r19, 0x00	; 0
     d4a:	48 e8       	ldi	r20, 0x88	; 136
     d4c:	52 e4       	ldi	r21, 0x42	; 66
     d4e:	6d 81       	ldd	r22, Y+5	; 0x05
     d50:	7e 81       	ldd	r23, Y+6	; 0x06
     d52:	8f 81       	ldd	r24, Y+7	; 0x07
     d54:	98 85       	ldd	r25, Y+8	; 0x08
     d56:	cc d0       	rcall	.+408    	; 0xef0 <__subsf3>
     d58:	dc 01       	movw	r26, r24
     d5a:	cb 01       	movw	r24, r22
     d5c:	2e ef       	ldi	r18, 0xFE	; 254
     d5e:	32 ea       	ldi	r19, 0xA2	; 162
     d60:	4c e9       	ldi	r20, 0x9C	; 156
     d62:	5d e3       	ldi	r21, 0x3D	; 61
     d64:	bc 01       	movw	r22, r24
     d66:	cd 01       	movw	r24, r26
     d68:	76 d2       	rcall	.+1260   	; 0x1256 <__mulsf3>
     d6a:	dc 01       	movw	r26, r24
     d6c:	cb 01       	movw	r24, r22
     d6e:	20 e0       	ldi	r18, 0x00	; 0
     d70:	30 e0       	ldi	r19, 0x00	; 0
     d72:	48 eb       	ldi	r20, 0xB8	; 184
     d74:	51 e4       	ldi	r21, 0x41	; 65
     d76:	bc 01       	movw	r22, r24
     d78:	cd 01       	movw	r24, r26
     d7a:	bb d0       	rcall	.+374    	; 0xef2 <__addsf3>
     d7c:	dc 01       	movw	r26, r24
     d7e:	cb 01       	movw	r24, r22
     d80:	89 83       	std	Y+1, r24	; 0x01
     d82:	9a 83       	std	Y+2, r25	; 0x02
     d84:	ab 83       	std	Y+3, r26	; 0x03
     d86:	bc 83       	std	Y+4, r27	; 0x04
	
	return travel;
     d88:	89 81       	ldd	r24, Y+1	; 0x01
     d8a:	9a 81       	ldd	r25, Y+2	; 0x02
     d8c:	ab 81       	ldd	r26, Y+3	; 0x03
     d8e:	bc 81       	ldd	r27, Y+4	; 0x04
}
     d90:	bc 01       	movw	r22, r24
     d92:	cd 01       	movw	r24, r26
     d94:	28 96       	adiw	r28, 0x08	; 8
     d96:	0f b6       	in	r0, 0x3f	; 63
     d98:	f8 94       	cli
     d9a:	de bf       	out	0x3e, r29	; 62
     d9c:	0f be       	out	0x3f, r0	; 63
     d9e:	cd bf       	out	0x3d, r28	; 61
     da0:	df 91       	pop	r29
     da2:	cf 91       	pop	r28
     da4:	08 95       	ret

00000da6 <calculate_steering_percent>:

double calculate_steering_percent(double pot_adc) {
     da6:	cf 93       	push	r28
     da8:	df 93       	push	r29
     daa:	cd b7       	in	r28, 0x3d	; 61
     dac:	de b7       	in	r29, 0x3e	; 62
     dae:	28 97       	sbiw	r28, 0x08	; 8
     db0:	0f b6       	in	r0, 0x3f	; 63
     db2:	f8 94       	cli
     db4:	de bf       	out	0x3e, r29	; 62
     db6:	0f be       	out	0x3f, r0	; 63
     db8:	cd bf       	out	0x3d, r28	; 61
     dba:	6d 83       	std	Y+5, r22	; 0x05
     dbc:	7e 83       	std	Y+6, r23	; 0x06
     dbe:	8f 83       	std	Y+7, r24	; 0x07
     dc0:	98 87       	std	Y+8, r25	; 0x08
	double steering_value = 0;
     dc2:	19 82       	std	Y+1, r1	; 0x01
     dc4:	1a 82       	std	Y+2, r1	; 0x02
     dc6:	1b 82       	std	Y+3, r1	; 0x03
     dc8:	1c 82       	std	Y+4, r1	; 0x04
	
	if(pot_adc <= POT_MID){
     dca:	20 e0       	ldi	r18, 0x00	; 0
     dcc:	30 e0       	ldi	r19, 0x00	; 0
     dce:	40 e0       	ldi	r20, 0x00	; 0
     dd0:	54 e4       	ldi	r21, 0x44	; 68
     dd2:	6d 81       	ldd	r22, Y+5	; 0x05
     dd4:	7e 81       	ldd	r23, Y+6	; 0x06
     dd6:	8f 81       	ldd	r24, Y+7	; 0x07
     dd8:	98 85       	ldd	r25, Y+8	; 0x08
     dda:	ef d0       	rcall	.+478    	; 0xfba <__cmpsf2>
     ddc:	18 16       	cp	r1, r24
     dde:	c4 f0       	brlt	.+48     	; 0xe10 <calculate_steering_percent+0x6a>
		steering_value = 100 - ((100 / (double)(POT_MID - POT_MIN)) * (pot_adc - (double)POT_MIN));
     de0:	20 e0       	ldi	r18, 0x00	; 0
     de2:	30 e0       	ldi	r19, 0x00	; 0
     de4:	48 e4       	ldi	r20, 0x48	; 72
     de6:	5e e3       	ldi	r21, 0x3E	; 62
     de8:	6d 81       	ldd	r22, Y+5	; 0x05
     dea:	7e 81       	ldd	r23, Y+6	; 0x06
     dec:	8f 81       	ldd	r24, Y+7	; 0x07
     dee:	98 85       	ldd	r25, Y+8	; 0x08
     df0:	32 d2       	rcall	.+1124   	; 0x1256 <__mulsf3>
     df2:	dc 01       	movw	r26, r24
     df4:	cb 01       	movw	r24, r22
     df6:	9c 01       	movw	r18, r24
     df8:	ad 01       	movw	r20, r26
     dfa:	60 e0       	ldi	r22, 0x00	; 0
     dfc:	70 e0       	ldi	r23, 0x00	; 0
     dfe:	88 ec       	ldi	r24, 0xC8	; 200
     e00:	92 e4       	ldi	r25, 0x42	; 66
     e02:	76 d0       	rcall	.+236    	; 0xef0 <__subsf3>
     e04:	dc 01       	movw	r26, r24
     e06:	cb 01       	movw	r24, r22
     e08:	89 83       	std	Y+1, r24	; 0x01
     e0a:	9a 83       	std	Y+2, r25	; 0x02
     e0c:	ab 83       	std	Y+3, r26	; 0x03
     e0e:	bc 83       	std	Y+4, r27	; 0x04
	}

	if(pot_adc > POT_MID){
     e10:	20 e0       	ldi	r18, 0x00	; 0
     e12:	30 e0       	ldi	r19, 0x00	; 0
     e14:	40 e0       	ldi	r20, 0x00	; 0
     e16:	54 e4       	ldi	r21, 0x44	; 68
     e18:	6d 81       	ldd	r22, Y+5	; 0x05
     e1a:	7e 81       	ldd	r23, Y+6	; 0x06
     e1c:	8f 81       	ldd	r24, Y+7	; 0x07
     e1e:	98 85       	ldd	r25, Y+8	; 0x08
     e20:	16 d2       	rcall	.+1068   	; 0x124e <__gesf2>
     e22:	18 16       	cp	r1, r24
     e24:	0c f5       	brge	.+66     	; 0xe68 <calculate_steering_percent+0xc2>
		steering_value = 100 - ((100 / (double)(POT_MID - POT_MAX)) * (pot_adc - (double)POT_MAX));
     e26:	20 e0       	ldi	r18, 0x00	; 0
     e28:	30 ec       	ldi	r19, 0xC0	; 192
     e2a:	4f e7       	ldi	r20, 0x7F	; 127
     e2c:	54 e4       	ldi	r21, 0x44	; 68
     e2e:	6d 81       	ldd	r22, Y+5	; 0x05
     e30:	7e 81       	ldd	r23, Y+6	; 0x06
     e32:	8f 81       	ldd	r24, Y+7	; 0x07
     e34:	98 85       	ldd	r25, Y+8	; 0x08
     e36:	5c d0       	rcall	.+184    	; 0xef0 <__subsf3>
     e38:	dc 01       	movw	r26, r24
     e3a:	cb 01       	movw	r24, r22
     e3c:	22 e3       	ldi	r18, 0x32	; 50
     e3e:	34 e6       	ldi	r19, 0x64	; 100
     e40:	48 e4       	ldi	r20, 0x48	; 72
     e42:	5e e3       	ldi	r21, 0x3E	; 62
     e44:	bc 01       	movw	r22, r24
     e46:	cd 01       	movw	r24, r26
     e48:	06 d2       	rcall	.+1036   	; 0x1256 <__mulsf3>
     e4a:	dc 01       	movw	r26, r24
     e4c:	cb 01       	movw	r24, r22
     e4e:	20 e0       	ldi	r18, 0x00	; 0
     e50:	30 e0       	ldi	r19, 0x00	; 0
     e52:	48 ec       	ldi	r20, 0xC8	; 200
     e54:	52 e4       	ldi	r21, 0x42	; 66
     e56:	bc 01       	movw	r22, r24
     e58:	cd 01       	movw	r24, r26
     e5a:	4b d0       	rcall	.+150    	; 0xef2 <__addsf3>
     e5c:	dc 01       	movw	r26, r24
     e5e:	cb 01       	movw	r24, r22
     e60:	89 83       	std	Y+1, r24	; 0x01
     e62:	9a 83       	std	Y+2, r25	; 0x02
     e64:	ab 83       	std	Y+3, r26	; 0x03
     e66:	bc 83       	std	Y+4, r27	; 0x04
	}
	
	return steering_value;
     e68:	89 81       	ldd	r24, Y+1	; 0x01
     e6a:	9a 81       	ldd	r25, Y+2	; 0x02
     e6c:	ab 81       	ldd	r26, Y+3	; 0x03
     e6e:	bc 81       	ldd	r27, Y+4	; 0x04
     e70:	bc 01       	movw	r22, r24
     e72:	cd 01       	movw	r24, r26
     e74:	28 96       	adiw	r28, 0x08	; 8
     e76:	0f b6       	in	r0, 0x3f	; 63
     e78:	f8 94       	cli
     e7a:	de bf       	out	0x3e, r29	; 62
     e7c:	0f be       	out	0x3f, r0	; 63
     e7e:	cd bf       	out	0x3d, r28	; 61
     e80:	df 91       	pop	r29
     e82:	cf 91       	pop	r28
     e84:	08 95       	ret

00000e86 <SPI_MasterInit>:
#include "SPI_lib.h"

extern volatile uint8_t wheelspeed;

void SPI_MasterInit()
{
     e86:	cf 93       	push	r28
     e88:	df 93       	push	r29
     e8a:	cd b7       	in	r28, 0x3d	; 61
     e8c:	de b7       	in	r29, 0x3e	; 62
	//Set MOSI, SCK, all SS as output
	DDRB |= (1<<MOSI) | (1<<SCK);
     e8e:	84 e2       	ldi	r24, 0x24	; 36
     e90:	90 e0       	ldi	r25, 0x00	; 0
     e92:	24 e2       	ldi	r18, 0x24	; 36
     e94:	30 e0       	ldi	r19, 0x00	; 0
     e96:	f9 01       	movw	r30, r18
     e98:	20 81       	ld	r18, Z
     e9a:	26 60       	ori	r18, 0x06	; 6
     e9c:	fc 01       	movw	r30, r24
     e9e:	20 83       	st	Z, r18
	DDRE |= (1<<SS_uC) | (1<<SS_TK1) | (1<<SS_TK2);
     ea0:	8d e2       	ldi	r24, 0x2D	; 45
     ea2:	90 e0       	ldi	r25, 0x00	; 0
     ea4:	2d e2       	ldi	r18, 0x2D	; 45
     ea6:	30 e0       	ldi	r19, 0x00	; 0
     ea8:	f9 01       	movw	r30, r18
     eaa:	20 81       	ld	r18, Z
     eac:	23 61       	ori	r18, 0x13	; 19
     eae:	fc 01       	movw	r30, r24
     eb0:	20 83       	st	Z, r18
	
	//Set MISO as input
	DDRB &= ~(1<<MISO);
     eb2:	84 e2       	ldi	r24, 0x24	; 36
     eb4:	90 e0       	ldi	r25, 0x00	; 0
     eb6:	24 e2       	ldi	r18, 0x24	; 36
     eb8:	30 e0       	ldi	r19, 0x00	; 0
     eba:	f9 01       	movw	r30, r18
     ebc:	20 81       	ld	r18, Z
     ebe:	27 7f       	andi	r18, 0xF7	; 247
     ec0:	fc 01       	movw	r30, r24
     ec2:	20 83       	st	Z, r18
	
	// Set internal pull-up for MISO
	//PORTB |= (1 << MISO);
	
	//enables SPI, Master-Mode, configure Clock_Select
	SPI_Control_Reg |= (1<<SPI_Enable) | (1<<SPI_Master) | (1<<SPI_Relation1) | (0<<SPI_Relation0);
     ec4:	8c e4       	ldi	r24, 0x4C	; 76
     ec6:	90 e0       	ldi	r25, 0x00	; 0
     ec8:	2c e4       	ldi	r18, 0x4C	; 76
     eca:	30 e0       	ldi	r19, 0x00	; 0
     ecc:	f9 01       	movw	r30, r18
     ece:	20 81       	ld	r18, Z
     ed0:	22 65       	ori	r18, 0x52	; 82
     ed2:	fc 01       	movw	r30, r24
     ed4:	20 83       	st	Z, r18
	
	//Set all SS High
	PORTE |= (1<<SS_uC) | (1<<SS_TK1) | (1<<SS_TK2);
     ed6:	8e e2       	ldi	r24, 0x2E	; 46
     ed8:	90 e0       	ldi	r25, 0x00	; 0
     eda:	2e e2       	ldi	r18, 0x2E	; 46
     edc:	30 e0       	ldi	r19, 0x00	; 0
     ede:	f9 01       	movw	r30, r18
     ee0:	20 81       	ld	r18, Z
     ee2:	23 61       	ori	r18, 0x13	; 19
     ee4:	fc 01       	movw	r30, r24
     ee6:	20 83       	st	Z, r18
}
     ee8:	00 00       	nop
     eea:	df 91       	pop	r29
     eec:	cf 91       	pop	r28
     eee:	08 95       	ret

00000ef0 <__subsf3>:
     ef0:	50 58       	subi	r21, 0x80	; 128

00000ef2 <__addsf3>:
     ef2:	bb 27       	eor	r27, r27
     ef4:	aa 27       	eor	r26, r26
     ef6:	0e d0       	rcall	.+28     	; 0xf14 <__addsf3x>
     ef8:	70 c1       	rjmp	.+736    	; 0x11da <__fp_round>
     efa:	61 d1       	rcall	.+706    	; 0x11be <__fp_pscA>
     efc:	30 f0       	brcs	.+12     	; 0xf0a <__addsf3+0x18>
     efe:	66 d1       	rcall	.+716    	; 0x11cc <__fp_pscB>
     f00:	20 f0       	brcs	.+8      	; 0xf0a <__addsf3+0x18>
     f02:	31 f4       	brne	.+12     	; 0xf10 <__addsf3+0x1e>
     f04:	9f 3f       	cpi	r25, 0xFF	; 255
     f06:	11 f4       	brne	.+4      	; 0xf0c <__addsf3+0x1a>
     f08:	1e f4       	brtc	.+6      	; 0xf10 <__addsf3+0x1e>
     f0a:	56 c1       	rjmp	.+684    	; 0x11b8 <__fp_nan>
     f0c:	0e f4       	brtc	.+2      	; 0xf10 <__addsf3+0x1e>
     f0e:	e0 95       	com	r30
     f10:	e7 fb       	bst	r30, 7
     f12:	4c c1       	rjmp	.+664    	; 0x11ac <__fp_inf>

00000f14 <__addsf3x>:
     f14:	e9 2f       	mov	r30, r25
     f16:	72 d1       	rcall	.+740    	; 0x11fc <__fp_split3>
     f18:	80 f3       	brcs	.-32     	; 0xefa <__addsf3+0x8>
     f1a:	ba 17       	cp	r27, r26
     f1c:	62 07       	cpc	r22, r18
     f1e:	73 07       	cpc	r23, r19
     f20:	84 07       	cpc	r24, r20
     f22:	95 07       	cpc	r25, r21
     f24:	18 f0       	brcs	.+6      	; 0xf2c <__addsf3x+0x18>
     f26:	71 f4       	brne	.+28     	; 0xf44 <__addsf3x+0x30>
     f28:	9e f5       	brtc	.+102    	; 0xf90 <__addsf3x+0x7c>
     f2a:	8a c1       	rjmp	.+788    	; 0x1240 <__fp_zero>
     f2c:	0e f4       	brtc	.+2      	; 0xf30 <__addsf3x+0x1c>
     f2e:	e0 95       	com	r30
     f30:	0b 2e       	mov	r0, r27
     f32:	ba 2f       	mov	r27, r26
     f34:	a0 2d       	mov	r26, r0
     f36:	0b 01       	movw	r0, r22
     f38:	b9 01       	movw	r22, r18
     f3a:	90 01       	movw	r18, r0
     f3c:	0c 01       	movw	r0, r24
     f3e:	ca 01       	movw	r24, r20
     f40:	a0 01       	movw	r20, r0
     f42:	11 24       	eor	r1, r1
     f44:	ff 27       	eor	r31, r31
     f46:	59 1b       	sub	r21, r25
     f48:	99 f0       	breq	.+38     	; 0xf70 <__addsf3x+0x5c>
     f4a:	59 3f       	cpi	r21, 0xF9	; 249
     f4c:	50 f4       	brcc	.+20     	; 0xf62 <__addsf3x+0x4e>
     f4e:	50 3e       	cpi	r21, 0xE0	; 224
     f50:	68 f1       	brcs	.+90     	; 0xfac <__addsf3x+0x98>
     f52:	1a 16       	cp	r1, r26
     f54:	f0 40       	sbci	r31, 0x00	; 0
     f56:	a2 2f       	mov	r26, r18
     f58:	23 2f       	mov	r18, r19
     f5a:	34 2f       	mov	r19, r20
     f5c:	44 27       	eor	r20, r20
     f5e:	58 5f       	subi	r21, 0xF8	; 248
     f60:	f3 cf       	rjmp	.-26     	; 0xf48 <__addsf3x+0x34>
     f62:	46 95       	lsr	r20
     f64:	37 95       	ror	r19
     f66:	27 95       	ror	r18
     f68:	a7 95       	ror	r26
     f6a:	f0 40       	sbci	r31, 0x00	; 0
     f6c:	53 95       	inc	r21
     f6e:	c9 f7       	brne	.-14     	; 0xf62 <__addsf3x+0x4e>
     f70:	7e f4       	brtc	.+30     	; 0xf90 <__addsf3x+0x7c>
     f72:	1f 16       	cp	r1, r31
     f74:	ba 0b       	sbc	r27, r26
     f76:	62 0b       	sbc	r22, r18
     f78:	73 0b       	sbc	r23, r19
     f7a:	84 0b       	sbc	r24, r20
     f7c:	ba f0       	brmi	.+46     	; 0xfac <__addsf3x+0x98>
     f7e:	91 50       	subi	r25, 0x01	; 1
     f80:	a1 f0       	breq	.+40     	; 0xfaa <__addsf3x+0x96>
     f82:	ff 0f       	add	r31, r31
     f84:	bb 1f       	adc	r27, r27
     f86:	66 1f       	adc	r22, r22
     f88:	77 1f       	adc	r23, r23
     f8a:	88 1f       	adc	r24, r24
     f8c:	c2 f7       	brpl	.-16     	; 0xf7e <__addsf3x+0x6a>
     f8e:	0e c0       	rjmp	.+28     	; 0xfac <__addsf3x+0x98>
     f90:	ba 0f       	add	r27, r26
     f92:	62 1f       	adc	r22, r18
     f94:	73 1f       	adc	r23, r19
     f96:	84 1f       	adc	r24, r20
     f98:	48 f4       	brcc	.+18     	; 0xfac <__addsf3x+0x98>
     f9a:	87 95       	ror	r24
     f9c:	77 95       	ror	r23
     f9e:	67 95       	ror	r22
     fa0:	b7 95       	ror	r27
     fa2:	f7 95       	ror	r31
     fa4:	9e 3f       	cpi	r25, 0xFE	; 254
     fa6:	08 f0       	brcs	.+2      	; 0xfaa <__addsf3x+0x96>
     fa8:	b3 cf       	rjmp	.-154    	; 0xf10 <__addsf3+0x1e>
     faa:	93 95       	inc	r25
     fac:	88 0f       	add	r24, r24
     fae:	08 f0       	brcs	.+2      	; 0xfb2 <__addsf3x+0x9e>
     fb0:	99 27       	eor	r25, r25
     fb2:	ee 0f       	add	r30, r30
     fb4:	97 95       	ror	r25
     fb6:	87 95       	ror	r24
     fb8:	08 95       	ret

00000fba <__cmpsf2>:
     fba:	d4 d0       	rcall	.+424    	; 0x1164 <__fp_cmp>
     fbc:	08 f4       	brcc	.+2      	; 0xfc0 <__cmpsf2+0x6>
     fbe:	81 e0       	ldi	r24, 0x01	; 1
     fc0:	08 95       	ret

00000fc2 <__divsf3>:
     fc2:	0c d0       	rcall	.+24     	; 0xfdc <__divsf3x>
     fc4:	0a c1       	rjmp	.+532    	; 0x11da <__fp_round>
     fc6:	02 d1       	rcall	.+516    	; 0x11cc <__fp_pscB>
     fc8:	40 f0       	brcs	.+16     	; 0xfda <__divsf3+0x18>
     fca:	f9 d0       	rcall	.+498    	; 0x11be <__fp_pscA>
     fcc:	30 f0       	brcs	.+12     	; 0xfda <__divsf3+0x18>
     fce:	21 f4       	brne	.+8      	; 0xfd8 <__divsf3+0x16>
     fd0:	5f 3f       	cpi	r21, 0xFF	; 255
     fd2:	19 f0       	breq	.+6      	; 0xfda <__divsf3+0x18>
     fd4:	eb c0       	rjmp	.+470    	; 0x11ac <__fp_inf>
     fd6:	51 11       	cpse	r21, r1
     fd8:	34 c1       	rjmp	.+616    	; 0x1242 <__fp_szero>
     fda:	ee c0       	rjmp	.+476    	; 0x11b8 <__fp_nan>

00000fdc <__divsf3x>:
     fdc:	0f d1       	rcall	.+542    	; 0x11fc <__fp_split3>
     fde:	98 f3       	brcs	.-26     	; 0xfc6 <__divsf3+0x4>

00000fe0 <__divsf3_pse>:
     fe0:	99 23       	and	r25, r25
     fe2:	c9 f3       	breq	.-14     	; 0xfd6 <__divsf3+0x14>
     fe4:	55 23       	and	r21, r21
     fe6:	b1 f3       	breq	.-20     	; 0xfd4 <__divsf3+0x12>
     fe8:	95 1b       	sub	r25, r21
     fea:	55 0b       	sbc	r21, r21
     fec:	bb 27       	eor	r27, r27
     fee:	aa 27       	eor	r26, r26
     ff0:	62 17       	cp	r22, r18
     ff2:	73 07       	cpc	r23, r19
     ff4:	84 07       	cpc	r24, r20
     ff6:	38 f0       	brcs	.+14     	; 0x1006 <__DATA_REGION_LENGTH__+0x6>
     ff8:	9f 5f       	subi	r25, 0xFF	; 255
     ffa:	5f 4f       	sbci	r21, 0xFF	; 255
     ffc:	22 0f       	add	r18, r18
     ffe:	33 1f       	adc	r19, r19
    1000:	44 1f       	adc	r20, r20
    1002:	aa 1f       	adc	r26, r26
    1004:	a9 f3       	breq	.-22     	; 0xff0 <__divsf3_pse+0x10>
    1006:	33 d0       	rcall	.+102    	; 0x106e <__DATA_REGION_LENGTH__+0x6e>
    1008:	0e 2e       	mov	r0, r30
    100a:	3a f0       	brmi	.+14     	; 0x101a <__DATA_REGION_LENGTH__+0x1a>
    100c:	e0 e8       	ldi	r30, 0x80	; 128
    100e:	30 d0       	rcall	.+96     	; 0x1070 <__DATA_REGION_LENGTH__+0x70>
    1010:	91 50       	subi	r25, 0x01	; 1
    1012:	50 40       	sbci	r21, 0x00	; 0
    1014:	e6 95       	lsr	r30
    1016:	00 1c       	adc	r0, r0
    1018:	ca f7       	brpl	.-14     	; 0x100c <__DATA_REGION_LENGTH__+0xc>
    101a:	29 d0       	rcall	.+82     	; 0x106e <__DATA_REGION_LENGTH__+0x6e>
    101c:	fe 2f       	mov	r31, r30
    101e:	27 d0       	rcall	.+78     	; 0x106e <__DATA_REGION_LENGTH__+0x6e>
    1020:	66 0f       	add	r22, r22
    1022:	77 1f       	adc	r23, r23
    1024:	88 1f       	adc	r24, r24
    1026:	bb 1f       	adc	r27, r27
    1028:	26 17       	cp	r18, r22
    102a:	37 07       	cpc	r19, r23
    102c:	48 07       	cpc	r20, r24
    102e:	ab 07       	cpc	r26, r27
    1030:	b0 e8       	ldi	r27, 0x80	; 128
    1032:	09 f0       	breq	.+2      	; 0x1036 <__DATA_REGION_LENGTH__+0x36>
    1034:	bb 0b       	sbc	r27, r27
    1036:	80 2d       	mov	r24, r0
    1038:	bf 01       	movw	r22, r30
    103a:	ff 27       	eor	r31, r31
    103c:	93 58       	subi	r25, 0x83	; 131
    103e:	5f 4f       	sbci	r21, 0xFF	; 255
    1040:	2a f0       	brmi	.+10     	; 0x104c <__DATA_REGION_LENGTH__+0x4c>
    1042:	9e 3f       	cpi	r25, 0xFE	; 254
    1044:	51 05       	cpc	r21, r1
    1046:	68 f0       	brcs	.+26     	; 0x1062 <__DATA_REGION_LENGTH__+0x62>
    1048:	b1 c0       	rjmp	.+354    	; 0x11ac <__fp_inf>
    104a:	fb c0       	rjmp	.+502    	; 0x1242 <__fp_szero>
    104c:	5f 3f       	cpi	r21, 0xFF	; 255
    104e:	ec f3       	brlt	.-6      	; 0x104a <__DATA_REGION_LENGTH__+0x4a>
    1050:	98 3e       	cpi	r25, 0xE8	; 232
    1052:	dc f3       	brlt	.-10     	; 0x104a <__DATA_REGION_LENGTH__+0x4a>
    1054:	86 95       	lsr	r24
    1056:	77 95       	ror	r23
    1058:	67 95       	ror	r22
    105a:	b7 95       	ror	r27
    105c:	f7 95       	ror	r31
    105e:	9f 5f       	subi	r25, 0xFF	; 255
    1060:	c9 f7       	brne	.-14     	; 0x1054 <__DATA_REGION_LENGTH__+0x54>
    1062:	88 0f       	add	r24, r24
    1064:	91 1d       	adc	r25, r1
    1066:	96 95       	lsr	r25
    1068:	87 95       	ror	r24
    106a:	97 f9       	bld	r25, 7
    106c:	08 95       	ret
    106e:	e1 e0       	ldi	r30, 0x01	; 1
    1070:	66 0f       	add	r22, r22
    1072:	77 1f       	adc	r23, r23
    1074:	88 1f       	adc	r24, r24
    1076:	bb 1f       	adc	r27, r27
    1078:	62 17       	cp	r22, r18
    107a:	73 07       	cpc	r23, r19
    107c:	84 07       	cpc	r24, r20
    107e:	ba 07       	cpc	r27, r26
    1080:	20 f0       	brcs	.+8      	; 0x108a <__DATA_REGION_LENGTH__+0x8a>
    1082:	62 1b       	sub	r22, r18
    1084:	73 0b       	sbc	r23, r19
    1086:	84 0b       	sbc	r24, r20
    1088:	ba 0b       	sbc	r27, r26
    108a:	ee 1f       	adc	r30, r30
    108c:	88 f7       	brcc	.-30     	; 0x1070 <__DATA_REGION_LENGTH__+0x70>
    108e:	e0 95       	com	r30
    1090:	08 95       	ret

00001092 <__fixunssfsi>:
    1092:	bc d0       	rcall	.+376    	; 0x120c <__fp_splitA>
    1094:	88 f0       	brcs	.+34     	; 0x10b8 <__fixunssfsi+0x26>
    1096:	9f 57       	subi	r25, 0x7F	; 127
    1098:	90 f0       	brcs	.+36     	; 0x10be <__fixunssfsi+0x2c>
    109a:	b9 2f       	mov	r27, r25
    109c:	99 27       	eor	r25, r25
    109e:	b7 51       	subi	r27, 0x17	; 23
    10a0:	a0 f0       	brcs	.+40     	; 0x10ca <__fixunssfsi+0x38>
    10a2:	d1 f0       	breq	.+52     	; 0x10d8 <__fixunssfsi+0x46>
    10a4:	66 0f       	add	r22, r22
    10a6:	77 1f       	adc	r23, r23
    10a8:	88 1f       	adc	r24, r24
    10aa:	99 1f       	adc	r25, r25
    10ac:	1a f0       	brmi	.+6      	; 0x10b4 <__fixunssfsi+0x22>
    10ae:	ba 95       	dec	r27
    10b0:	c9 f7       	brne	.-14     	; 0x10a4 <__fixunssfsi+0x12>
    10b2:	12 c0       	rjmp	.+36     	; 0x10d8 <__fixunssfsi+0x46>
    10b4:	b1 30       	cpi	r27, 0x01	; 1
    10b6:	81 f0       	breq	.+32     	; 0x10d8 <__fixunssfsi+0x46>
    10b8:	c3 d0       	rcall	.+390    	; 0x1240 <__fp_zero>
    10ba:	b1 e0       	ldi	r27, 0x01	; 1
    10bc:	08 95       	ret
    10be:	c0 c0       	rjmp	.+384    	; 0x1240 <__fp_zero>
    10c0:	67 2f       	mov	r22, r23
    10c2:	78 2f       	mov	r23, r24
    10c4:	88 27       	eor	r24, r24
    10c6:	b8 5f       	subi	r27, 0xF8	; 248
    10c8:	39 f0       	breq	.+14     	; 0x10d8 <__fixunssfsi+0x46>
    10ca:	b9 3f       	cpi	r27, 0xF9	; 249
    10cc:	cc f3       	brlt	.-14     	; 0x10c0 <__fixunssfsi+0x2e>
    10ce:	86 95       	lsr	r24
    10d0:	77 95       	ror	r23
    10d2:	67 95       	ror	r22
    10d4:	b3 95       	inc	r27
    10d6:	d9 f7       	brne	.-10     	; 0x10ce <__fixunssfsi+0x3c>
    10d8:	3e f4       	brtc	.+14     	; 0x10e8 <__fixunssfsi+0x56>
    10da:	90 95       	com	r25
    10dc:	80 95       	com	r24
    10de:	70 95       	com	r23
    10e0:	61 95       	neg	r22
    10e2:	7f 4f       	sbci	r23, 0xFF	; 255
    10e4:	8f 4f       	sbci	r24, 0xFF	; 255
    10e6:	9f 4f       	sbci	r25, 0xFF	; 255
    10e8:	08 95       	ret

000010ea <__floatunsisf>:
    10ea:	e8 94       	clt
    10ec:	09 c0       	rjmp	.+18     	; 0x1100 <__stack+0x1>

000010ee <__floatsisf>:
    10ee:	97 fb       	bst	r25, 7
    10f0:	3e f4       	brtc	.+14     	; 0x1100 <__stack+0x1>
    10f2:	90 95       	com	r25
    10f4:	80 95       	com	r24
    10f6:	70 95       	com	r23
    10f8:	61 95       	neg	r22
    10fa:	7f 4f       	sbci	r23, 0xFF	; 255
    10fc:	8f 4f       	sbci	r24, 0xFF	; 255
    10fe:	9f 4f       	sbci	r25, 0xFF	; 255
    1100:	99 23       	and	r25, r25
    1102:	a9 f0       	breq	.+42     	; 0x112e <__stack+0x2f>
    1104:	f9 2f       	mov	r31, r25
    1106:	96 e9       	ldi	r25, 0x96	; 150
    1108:	bb 27       	eor	r27, r27
    110a:	93 95       	inc	r25
    110c:	f6 95       	lsr	r31
    110e:	87 95       	ror	r24
    1110:	77 95       	ror	r23
    1112:	67 95       	ror	r22
    1114:	b7 95       	ror	r27
    1116:	f1 11       	cpse	r31, r1
    1118:	f8 cf       	rjmp	.-16     	; 0x110a <__stack+0xb>
    111a:	fa f4       	brpl	.+62     	; 0x115a <__stack+0x5b>
    111c:	bb 0f       	add	r27, r27
    111e:	11 f4       	brne	.+4      	; 0x1124 <__stack+0x25>
    1120:	60 ff       	sbrs	r22, 0
    1122:	1b c0       	rjmp	.+54     	; 0x115a <__stack+0x5b>
    1124:	6f 5f       	subi	r22, 0xFF	; 255
    1126:	7f 4f       	sbci	r23, 0xFF	; 255
    1128:	8f 4f       	sbci	r24, 0xFF	; 255
    112a:	9f 4f       	sbci	r25, 0xFF	; 255
    112c:	16 c0       	rjmp	.+44     	; 0x115a <__stack+0x5b>
    112e:	88 23       	and	r24, r24
    1130:	11 f0       	breq	.+4      	; 0x1136 <__stack+0x37>
    1132:	96 e9       	ldi	r25, 0x96	; 150
    1134:	11 c0       	rjmp	.+34     	; 0x1158 <__stack+0x59>
    1136:	77 23       	and	r23, r23
    1138:	21 f0       	breq	.+8      	; 0x1142 <__stack+0x43>
    113a:	9e e8       	ldi	r25, 0x8E	; 142
    113c:	87 2f       	mov	r24, r23
    113e:	76 2f       	mov	r23, r22
    1140:	05 c0       	rjmp	.+10     	; 0x114c <__stack+0x4d>
    1142:	66 23       	and	r22, r22
    1144:	71 f0       	breq	.+28     	; 0x1162 <__stack+0x63>
    1146:	96 e8       	ldi	r25, 0x86	; 134
    1148:	86 2f       	mov	r24, r22
    114a:	70 e0       	ldi	r23, 0x00	; 0
    114c:	60 e0       	ldi	r22, 0x00	; 0
    114e:	2a f0       	brmi	.+10     	; 0x115a <__stack+0x5b>
    1150:	9a 95       	dec	r25
    1152:	66 0f       	add	r22, r22
    1154:	77 1f       	adc	r23, r23
    1156:	88 1f       	adc	r24, r24
    1158:	da f7       	brpl	.-10     	; 0x1150 <__stack+0x51>
    115a:	88 0f       	add	r24, r24
    115c:	96 95       	lsr	r25
    115e:	87 95       	ror	r24
    1160:	97 f9       	bld	r25, 7
    1162:	08 95       	ret

00001164 <__fp_cmp>:
    1164:	99 0f       	add	r25, r25
    1166:	00 08       	sbc	r0, r0
    1168:	55 0f       	add	r21, r21
    116a:	aa 0b       	sbc	r26, r26
    116c:	e0 e8       	ldi	r30, 0x80	; 128
    116e:	fe ef       	ldi	r31, 0xFE	; 254
    1170:	16 16       	cp	r1, r22
    1172:	17 06       	cpc	r1, r23
    1174:	e8 07       	cpc	r30, r24
    1176:	f9 07       	cpc	r31, r25
    1178:	c0 f0       	brcs	.+48     	; 0x11aa <__fp_cmp+0x46>
    117a:	12 16       	cp	r1, r18
    117c:	13 06       	cpc	r1, r19
    117e:	e4 07       	cpc	r30, r20
    1180:	f5 07       	cpc	r31, r21
    1182:	98 f0       	brcs	.+38     	; 0x11aa <__fp_cmp+0x46>
    1184:	62 1b       	sub	r22, r18
    1186:	73 0b       	sbc	r23, r19
    1188:	84 0b       	sbc	r24, r20
    118a:	95 0b       	sbc	r25, r21
    118c:	39 f4       	brne	.+14     	; 0x119c <__fp_cmp+0x38>
    118e:	0a 26       	eor	r0, r26
    1190:	61 f0       	breq	.+24     	; 0x11aa <__fp_cmp+0x46>
    1192:	23 2b       	or	r18, r19
    1194:	24 2b       	or	r18, r20
    1196:	25 2b       	or	r18, r21
    1198:	21 f4       	brne	.+8      	; 0x11a2 <__fp_cmp+0x3e>
    119a:	08 95       	ret
    119c:	0a 26       	eor	r0, r26
    119e:	09 f4       	brne	.+2      	; 0x11a2 <__fp_cmp+0x3e>
    11a0:	a1 40       	sbci	r26, 0x01	; 1
    11a2:	a6 95       	lsr	r26
    11a4:	8f ef       	ldi	r24, 0xFF	; 255
    11a6:	81 1d       	adc	r24, r1
    11a8:	81 1d       	adc	r24, r1
    11aa:	08 95       	ret

000011ac <__fp_inf>:
    11ac:	97 f9       	bld	r25, 7
    11ae:	9f 67       	ori	r25, 0x7F	; 127
    11b0:	80 e8       	ldi	r24, 0x80	; 128
    11b2:	70 e0       	ldi	r23, 0x00	; 0
    11b4:	60 e0       	ldi	r22, 0x00	; 0
    11b6:	08 95       	ret

000011b8 <__fp_nan>:
    11b8:	9f ef       	ldi	r25, 0xFF	; 255
    11ba:	80 ec       	ldi	r24, 0xC0	; 192
    11bc:	08 95       	ret

000011be <__fp_pscA>:
    11be:	00 24       	eor	r0, r0
    11c0:	0a 94       	dec	r0
    11c2:	16 16       	cp	r1, r22
    11c4:	17 06       	cpc	r1, r23
    11c6:	18 06       	cpc	r1, r24
    11c8:	09 06       	cpc	r0, r25
    11ca:	08 95       	ret

000011cc <__fp_pscB>:
    11cc:	00 24       	eor	r0, r0
    11ce:	0a 94       	dec	r0
    11d0:	12 16       	cp	r1, r18
    11d2:	13 06       	cpc	r1, r19
    11d4:	14 06       	cpc	r1, r20
    11d6:	05 06       	cpc	r0, r21
    11d8:	08 95       	ret

000011da <__fp_round>:
    11da:	09 2e       	mov	r0, r25
    11dc:	03 94       	inc	r0
    11de:	00 0c       	add	r0, r0
    11e0:	11 f4       	brne	.+4      	; 0x11e6 <__fp_round+0xc>
    11e2:	88 23       	and	r24, r24
    11e4:	52 f0       	brmi	.+20     	; 0x11fa <__fp_round+0x20>
    11e6:	bb 0f       	add	r27, r27
    11e8:	40 f4       	brcc	.+16     	; 0x11fa <__fp_round+0x20>
    11ea:	bf 2b       	or	r27, r31
    11ec:	11 f4       	brne	.+4      	; 0x11f2 <__fp_round+0x18>
    11ee:	60 ff       	sbrs	r22, 0
    11f0:	04 c0       	rjmp	.+8      	; 0x11fa <__fp_round+0x20>
    11f2:	6f 5f       	subi	r22, 0xFF	; 255
    11f4:	7f 4f       	sbci	r23, 0xFF	; 255
    11f6:	8f 4f       	sbci	r24, 0xFF	; 255
    11f8:	9f 4f       	sbci	r25, 0xFF	; 255
    11fa:	08 95       	ret

000011fc <__fp_split3>:
    11fc:	57 fd       	sbrc	r21, 7
    11fe:	90 58       	subi	r25, 0x80	; 128
    1200:	44 0f       	add	r20, r20
    1202:	55 1f       	adc	r21, r21
    1204:	59 f0       	breq	.+22     	; 0x121c <__fp_splitA+0x10>
    1206:	5f 3f       	cpi	r21, 0xFF	; 255
    1208:	71 f0       	breq	.+28     	; 0x1226 <__fp_splitA+0x1a>
    120a:	47 95       	ror	r20

0000120c <__fp_splitA>:
    120c:	88 0f       	add	r24, r24
    120e:	97 fb       	bst	r25, 7
    1210:	99 1f       	adc	r25, r25
    1212:	61 f0       	breq	.+24     	; 0x122c <__fp_splitA+0x20>
    1214:	9f 3f       	cpi	r25, 0xFF	; 255
    1216:	79 f0       	breq	.+30     	; 0x1236 <__fp_splitA+0x2a>
    1218:	87 95       	ror	r24
    121a:	08 95       	ret
    121c:	12 16       	cp	r1, r18
    121e:	13 06       	cpc	r1, r19
    1220:	14 06       	cpc	r1, r20
    1222:	55 1f       	adc	r21, r21
    1224:	f2 cf       	rjmp	.-28     	; 0x120a <__fp_split3+0xe>
    1226:	46 95       	lsr	r20
    1228:	f1 df       	rcall	.-30     	; 0x120c <__fp_splitA>
    122a:	08 c0       	rjmp	.+16     	; 0x123c <__fp_splitA+0x30>
    122c:	16 16       	cp	r1, r22
    122e:	17 06       	cpc	r1, r23
    1230:	18 06       	cpc	r1, r24
    1232:	99 1f       	adc	r25, r25
    1234:	f1 cf       	rjmp	.-30     	; 0x1218 <__fp_splitA+0xc>
    1236:	86 95       	lsr	r24
    1238:	71 05       	cpc	r23, r1
    123a:	61 05       	cpc	r22, r1
    123c:	08 94       	sec
    123e:	08 95       	ret

00001240 <__fp_zero>:
    1240:	e8 94       	clt

00001242 <__fp_szero>:
    1242:	bb 27       	eor	r27, r27
    1244:	66 27       	eor	r22, r22
    1246:	77 27       	eor	r23, r23
    1248:	cb 01       	movw	r24, r22
    124a:	97 f9       	bld	r25, 7
    124c:	08 95       	ret

0000124e <__gesf2>:
    124e:	8a df       	rcall	.-236    	; 0x1164 <__fp_cmp>
    1250:	08 f4       	brcc	.+2      	; 0x1254 <__gesf2+0x6>
    1252:	8f ef       	ldi	r24, 0xFF	; 255
    1254:	08 95       	ret

00001256 <__mulsf3>:
    1256:	0b d0       	rcall	.+22     	; 0x126e <__mulsf3x>
    1258:	c0 cf       	rjmp	.-128    	; 0x11da <__fp_round>
    125a:	b1 df       	rcall	.-158    	; 0x11be <__fp_pscA>
    125c:	28 f0       	brcs	.+10     	; 0x1268 <__mulsf3+0x12>
    125e:	b6 df       	rcall	.-148    	; 0x11cc <__fp_pscB>
    1260:	18 f0       	brcs	.+6      	; 0x1268 <__mulsf3+0x12>
    1262:	95 23       	and	r25, r21
    1264:	09 f0       	breq	.+2      	; 0x1268 <__mulsf3+0x12>
    1266:	a2 cf       	rjmp	.-188    	; 0x11ac <__fp_inf>
    1268:	a7 cf       	rjmp	.-178    	; 0x11b8 <__fp_nan>
    126a:	11 24       	eor	r1, r1
    126c:	ea cf       	rjmp	.-44     	; 0x1242 <__fp_szero>

0000126e <__mulsf3x>:
    126e:	c6 df       	rcall	.-116    	; 0x11fc <__fp_split3>
    1270:	a0 f3       	brcs	.-24     	; 0x125a <__mulsf3+0x4>

00001272 <__mulsf3_pse>:
    1272:	95 9f       	mul	r25, r21
    1274:	d1 f3       	breq	.-12     	; 0x126a <__mulsf3+0x14>
    1276:	95 0f       	add	r25, r21
    1278:	50 e0       	ldi	r21, 0x00	; 0
    127a:	55 1f       	adc	r21, r21
    127c:	62 9f       	mul	r22, r18
    127e:	f0 01       	movw	r30, r0
    1280:	72 9f       	mul	r23, r18
    1282:	bb 27       	eor	r27, r27
    1284:	f0 0d       	add	r31, r0
    1286:	b1 1d       	adc	r27, r1
    1288:	63 9f       	mul	r22, r19
    128a:	aa 27       	eor	r26, r26
    128c:	f0 0d       	add	r31, r0
    128e:	b1 1d       	adc	r27, r1
    1290:	aa 1f       	adc	r26, r26
    1292:	64 9f       	mul	r22, r20
    1294:	66 27       	eor	r22, r22
    1296:	b0 0d       	add	r27, r0
    1298:	a1 1d       	adc	r26, r1
    129a:	66 1f       	adc	r22, r22
    129c:	82 9f       	mul	r24, r18
    129e:	22 27       	eor	r18, r18
    12a0:	b0 0d       	add	r27, r0
    12a2:	a1 1d       	adc	r26, r1
    12a4:	62 1f       	adc	r22, r18
    12a6:	73 9f       	mul	r23, r19
    12a8:	b0 0d       	add	r27, r0
    12aa:	a1 1d       	adc	r26, r1
    12ac:	62 1f       	adc	r22, r18
    12ae:	83 9f       	mul	r24, r19
    12b0:	a0 0d       	add	r26, r0
    12b2:	61 1d       	adc	r22, r1
    12b4:	22 1f       	adc	r18, r18
    12b6:	74 9f       	mul	r23, r20
    12b8:	33 27       	eor	r19, r19
    12ba:	a0 0d       	add	r26, r0
    12bc:	61 1d       	adc	r22, r1
    12be:	23 1f       	adc	r18, r19
    12c0:	84 9f       	mul	r24, r20
    12c2:	60 0d       	add	r22, r0
    12c4:	21 1d       	adc	r18, r1
    12c6:	82 2f       	mov	r24, r18
    12c8:	76 2f       	mov	r23, r22
    12ca:	6a 2f       	mov	r22, r26
    12cc:	11 24       	eor	r1, r1
    12ce:	9f 57       	subi	r25, 0x7F	; 127
    12d0:	50 40       	sbci	r21, 0x00	; 0
    12d2:	8a f0       	brmi	.+34     	; 0x12f6 <__mulsf3_pse+0x84>
    12d4:	e1 f0       	breq	.+56     	; 0x130e <__mulsf3_pse+0x9c>
    12d6:	88 23       	and	r24, r24
    12d8:	4a f0       	brmi	.+18     	; 0x12ec <__mulsf3_pse+0x7a>
    12da:	ee 0f       	add	r30, r30
    12dc:	ff 1f       	adc	r31, r31
    12de:	bb 1f       	adc	r27, r27
    12e0:	66 1f       	adc	r22, r22
    12e2:	77 1f       	adc	r23, r23
    12e4:	88 1f       	adc	r24, r24
    12e6:	91 50       	subi	r25, 0x01	; 1
    12e8:	50 40       	sbci	r21, 0x00	; 0
    12ea:	a9 f7       	brne	.-22     	; 0x12d6 <__mulsf3_pse+0x64>
    12ec:	9e 3f       	cpi	r25, 0xFE	; 254
    12ee:	51 05       	cpc	r21, r1
    12f0:	70 f0       	brcs	.+28     	; 0x130e <__mulsf3_pse+0x9c>
    12f2:	5c cf       	rjmp	.-328    	; 0x11ac <__fp_inf>
    12f4:	a6 cf       	rjmp	.-180    	; 0x1242 <__fp_szero>
    12f6:	5f 3f       	cpi	r21, 0xFF	; 255
    12f8:	ec f3       	brlt	.-6      	; 0x12f4 <__mulsf3_pse+0x82>
    12fa:	98 3e       	cpi	r25, 0xE8	; 232
    12fc:	dc f3       	brlt	.-10     	; 0x12f4 <__mulsf3_pse+0x82>
    12fe:	86 95       	lsr	r24
    1300:	77 95       	ror	r23
    1302:	67 95       	ror	r22
    1304:	b7 95       	ror	r27
    1306:	f7 95       	ror	r31
    1308:	e7 95       	ror	r30
    130a:	9f 5f       	subi	r25, 0xFF	; 255
    130c:	c1 f7       	brne	.-16     	; 0x12fe <__mulsf3_pse+0x8c>
    130e:	fe 2b       	or	r31, r30
    1310:	88 0f       	add	r24, r24
    1312:	91 1d       	adc	r25, r1
    1314:	96 95       	lsr	r25
    1316:	87 95       	ror	r24
    1318:	97 f9       	bld	r25, 7
    131a:	08 95       	ret

0000131c <pow>:
    131c:	fa 01       	movw	r30, r20
    131e:	ee 0f       	add	r30, r30
    1320:	ff 1f       	adc	r31, r31
    1322:	30 96       	adiw	r30, 0x00	; 0
    1324:	21 05       	cpc	r18, r1
    1326:	31 05       	cpc	r19, r1
    1328:	99 f1       	breq	.+102    	; 0x1390 <pow+0x74>
    132a:	61 15       	cp	r22, r1
    132c:	71 05       	cpc	r23, r1
    132e:	61 f4       	brne	.+24     	; 0x1348 <pow+0x2c>
    1330:	80 38       	cpi	r24, 0x80	; 128
    1332:	bf e3       	ldi	r27, 0x3F	; 63
    1334:	9b 07       	cpc	r25, r27
    1336:	49 f1       	breq	.+82     	; 0x138a <pow+0x6e>
    1338:	68 94       	set
    133a:	90 38       	cpi	r25, 0x80	; 128
    133c:	81 05       	cpc	r24, r1
    133e:	61 f0       	breq	.+24     	; 0x1358 <pow+0x3c>
    1340:	80 38       	cpi	r24, 0x80	; 128
    1342:	bf ef       	ldi	r27, 0xFF	; 255
    1344:	9b 07       	cpc	r25, r27
    1346:	41 f0       	breq	.+16     	; 0x1358 <pow+0x3c>
    1348:	99 23       	and	r25, r25
    134a:	42 f5       	brpl	.+80     	; 0x139c <pow+0x80>
    134c:	ff 3f       	cpi	r31, 0xFF	; 255
    134e:	e1 05       	cpc	r30, r1
    1350:	31 05       	cpc	r19, r1
    1352:	21 05       	cpc	r18, r1
    1354:	11 f1       	breq	.+68     	; 0x139a <pow+0x7e>
    1356:	e8 94       	clt
    1358:	08 94       	sec
    135a:	e7 95       	ror	r30
    135c:	d9 01       	movw	r26, r18
    135e:	aa 23       	and	r26, r26
    1360:	29 f4       	brne	.+10     	; 0x136c <pow+0x50>
    1362:	ab 2f       	mov	r26, r27
    1364:	be 2f       	mov	r27, r30
    1366:	f8 5f       	subi	r31, 0xF8	; 248
    1368:	d0 f3       	brcs	.-12     	; 0x135e <pow+0x42>
    136a:	10 c0       	rjmp	.+32     	; 0x138c <pow+0x70>
    136c:	ff 5f       	subi	r31, 0xFF	; 255
    136e:	70 f4       	brcc	.+28     	; 0x138c <pow+0x70>
    1370:	a6 95       	lsr	r26
    1372:	e0 f7       	brcc	.-8      	; 0x136c <pow+0x50>
    1374:	f7 39       	cpi	r31, 0x97	; 151
    1376:	50 f0       	brcs	.+20     	; 0x138c <pow+0x70>
    1378:	19 f0       	breq	.+6      	; 0x1380 <pow+0x64>
    137a:	ff 3a       	cpi	r31, 0xAF	; 175
    137c:	38 f4       	brcc	.+14     	; 0x138c <pow+0x70>
    137e:	9f 77       	andi	r25, 0x7F	; 127
    1380:	9f 93       	push	r25
    1382:	0c d0       	rcall	.+24     	; 0x139c <pow+0x80>
    1384:	0f 90       	pop	r0
    1386:	07 fc       	sbrc	r0, 7
    1388:	90 58       	subi	r25, 0x80	; 128
    138a:	08 95       	ret
    138c:	3e f0       	brts	.+14     	; 0x139c <pow+0x80>
    138e:	14 cf       	rjmp	.-472    	; 0x11b8 <__fp_nan>
    1390:	60 e0       	ldi	r22, 0x00	; 0
    1392:	70 e0       	ldi	r23, 0x00	; 0
    1394:	80 e8       	ldi	r24, 0x80	; 128
    1396:	9f e3       	ldi	r25, 0x3F	; 63
    1398:	08 95       	ret
    139a:	4f e7       	ldi	r20, 0x7F	; 127
    139c:	9f 77       	andi	r25, 0x7F	; 127
    139e:	5f 93       	push	r21
    13a0:	4f 93       	push	r20
    13a2:	3f 93       	push	r19
    13a4:	2f 93       	push	r18
    13a6:	9e d0       	rcall	.+316    	; 0x14e4 <log>
    13a8:	2f 91       	pop	r18
    13aa:	3f 91       	pop	r19
    13ac:	4f 91       	pop	r20
    13ae:	5f 91       	pop	r21
    13b0:	52 df       	rcall	.-348    	; 0x1256 <__mulsf3>
    13b2:	05 c0       	rjmp	.+10     	; 0x13be <exp>
    13b4:	19 f4       	brne	.+6      	; 0x13bc <pow+0xa0>
    13b6:	0e f0       	brts	.+2      	; 0x13ba <pow+0x9e>
    13b8:	f9 ce       	rjmp	.-526    	; 0x11ac <__fp_inf>
    13ba:	42 cf       	rjmp	.-380    	; 0x1240 <__fp_zero>
    13bc:	fd ce       	rjmp	.-518    	; 0x11b8 <__fp_nan>

000013be <exp>:
    13be:	26 df       	rcall	.-436    	; 0x120c <__fp_splitA>
    13c0:	c8 f3       	brcs	.-14     	; 0x13b4 <pow+0x98>
    13c2:	96 38       	cpi	r25, 0x86	; 134
    13c4:	c0 f7       	brcc	.-16     	; 0x13b6 <pow+0x9a>
    13c6:	07 f8       	bld	r0, 7
    13c8:	0f 92       	push	r0
    13ca:	e8 94       	clt
    13cc:	2b e3       	ldi	r18, 0x3B	; 59
    13ce:	3a ea       	ldi	r19, 0xAA	; 170
    13d0:	48 eb       	ldi	r20, 0xB8	; 184
    13d2:	5f e7       	ldi	r21, 0x7F	; 127
    13d4:	4e df       	rcall	.-356    	; 0x1272 <__mulsf3_pse>
    13d6:	0f 92       	push	r0
    13d8:	0f 92       	push	r0
    13da:	0f 92       	push	r0
    13dc:	4d b7       	in	r20, 0x3d	; 61
    13de:	5e b7       	in	r21, 0x3e	; 62
    13e0:	0f 92       	push	r0
    13e2:	c0 d0       	rcall	.+384    	; 0x1564 <modf>
    13e4:	e4 e9       	ldi	r30, 0x94	; 148
    13e6:	f0 e0       	ldi	r31, 0x00	; 0
    13e8:	16 d0       	rcall	.+44     	; 0x1416 <__fp_powser>
    13ea:	4f 91       	pop	r20
    13ec:	5f 91       	pop	r21
    13ee:	ef 91       	pop	r30
    13f0:	ff 91       	pop	r31
    13f2:	e5 95       	asr	r30
    13f4:	ee 1f       	adc	r30, r30
    13f6:	ff 1f       	adc	r31, r31
    13f8:	49 f0       	breq	.+18     	; 0x140c <exp+0x4e>
    13fa:	fe 57       	subi	r31, 0x7E	; 126
    13fc:	e0 68       	ori	r30, 0x80	; 128
    13fe:	44 27       	eor	r20, r20
    1400:	ee 0f       	add	r30, r30
    1402:	44 1f       	adc	r20, r20
    1404:	fa 95       	dec	r31
    1406:	e1 f7       	brne	.-8      	; 0x1400 <exp+0x42>
    1408:	41 95       	neg	r20
    140a:	55 0b       	sbc	r21, r21
    140c:	32 d0       	rcall	.+100    	; 0x1472 <ldexp>
    140e:	0f 90       	pop	r0
    1410:	07 fe       	sbrs	r0, 7
    1412:	26 c0       	rjmp	.+76     	; 0x1460 <inverse>
    1414:	08 95       	ret

00001416 <__fp_powser>:
    1416:	df 93       	push	r29
    1418:	cf 93       	push	r28
    141a:	1f 93       	push	r17
    141c:	0f 93       	push	r16
    141e:	ff 92       	push	r15
    1420:	ef 92       	push	r14
    1422:	df 92       	push	r13
    1424:	7b 01       	movw	r14, r22
    1426:	8c 01       	movw	r16, r24
    1428:	68 94       	set
    142a:	05 c0       	rjmp	.+10     	; 0x1436 <__fp_powser+0x20>
    142c:	da 2e       	mov	r13, r26
    142e:	ef 01       	movw	r28, r30
    1430:	1e df       	rcall	.-452    	; 0x126e <__mulsf3x>
    1432:	fe 01       	movw	r30, r28
    1434:	e8 94       	clt
    1436:	a5 91       	lpm	r26, Z+
    1438:	25 91       	lpm	r18, Z+
    143a:	35 91       	lpm	r19, Z+
    143c:	45 91       	lpm	r20, Z+
    143e:	55 91       	lpm	r21, Z+
    1440:	ae f3       	brts	.-22     	; 0x142c <__fp_powser+0x16>
    1442:	ef 01       	movw	r28, r30
    1444:	67 dd       	rcall	.-1330   	; 0xf14 <__addsf3x>
    1446:	fe 01       	movw	r30, r28
    1448:	97 01       	movw	r18, r14
    144a:	a8 01       	movw	r20, r16
    144c:	da 94       	dec	r13
    144e:	79 f7       	brne	.-34     	; 0x142e <__fp_powser+0x18>
    1450:	df 90       	pop	r13
    1452:	ef 90       	pop	r14
    1454:	ff 90       	pop	r15
    1456:	0f 91       	pop	r16
    1458:	1f 91       	pop	r17
    145a:	cf 91       	pop	r28
    145c:	df 91       	pop	r29
    145e:	08 95       	ret

00001460 <inverse>:
    1460:	9b 01       	movw	r18, r22
    1462:	ac 01       	movw	r20, r24
    1464:	60 e0       	ldi	r22, 0x00	; 0
    1466:	70 e0       	ldi	r23, 0x00	; 0
    1468:	80 e8       	ldi	r24, 0x80	; 128
    146a:	9f e3       	ldi	r25, 0x3F	; 63
    146c:	aa cd       	rjmp	.-1196   	; 0xfc2 <__divsf3>
    146e:	9e ce       	rjmp	.-708    	; 0x11ac <__fp_inf>
    1470:	ac c0       	rjmp	.+344    	; 0x15ca <__fp_mpack>

00001472 <ldexp>:
    1472:	cc de       	rcall	.-616    	; 0x120c <__fp_splitA>
    1474:	e8 f3       	brcs	.-6      	; 0x1470 <inverse+0x10>
    1476:	99 23       	and	r25, r25
    1478:	d9 f3       	breq	.-10     	; 0x1470 <inverse+0x10>
    147a:	94 0f       	add	r25, r20
    147c:	51 1d       	adc	r21, r1
    147e:	bb f3       	brvs	.-18     	; 0x146e <inverse+0xe>
    1480:	91 50       	subi	r25, 0x01	; 1
    1482:	50 40       	sbci	r21, 0x00	; 0
    1484:	94 f0       	brlt	.+36     	; 0x14aa <ldexp+0x38>
    1486:	59 f0       	breq	.+22     	; 0x149e <ldexp+0x2c>
    1488:	88 23       	and	r24, r24
    148a:	32 f0       	brmi	.+12     	; 0x1498 <ldexp+0x26>
    148c:	66 0f       	add	r22, r22
    148e:	77 1f       	adc	r23, r23
    1490:	88 1f       	adc	r24, r24
    1492:	91 50       	subi	r25, 0x01	; 1
    1494:	50 40       	sbci	r21, 0x00	; 0
    1496:	c1 f7       	brne	.-16     	; 0x1488 <ldexp+0x16>
    1498:	9e 3f       	cpi	r25, 0xFE	; 254
    149a:	51 05       	cpc	r21, r1
    149c:	44 f7       	brge	.-48     	; 0x146e <inverse+0xe>
    149e:	88 0f       	add	r24, r24
    14a0:	91 1d       	adc	r25, r1
    14a2:	96 95       	lsr	r25
    14a4:	87 95       	ror	r24
    14a6:	97 f9       	bld	r25, 7
    14a8:	08 95       	ret
    14aa:	5f 3f       	cpi	r21, 0xFF	; 255
    14ac:	ac f0       	brlt	.+42     	; 0x14d8 <ldexp+0x66>
    14ae:	98 3e       	cpi	r25, 0xE8	; 232
    14b0:	9c f0       	brlt	.+38     	; 0x14d8 <ldexp+0x66>
    14b2:	bb 27       	eor	r27, r27
    14b4:	86 95       	lsr	r24
    14b6:	77 95       	ror	r23
    14b8:	67 95       	ror	r22
    14ba:	b7 95       	ror	r27
    14bc:	08 f4       	brcc	.+2      	; 0x14c0 <ldexp+0x4e>
    14be:	b1 60       	ori	r27, 0x01	; 1
    14c0:	93 95       	inc	r25
    14c2:	c1 f7       	brne	.-16     	; 0x14b4 <ldexp+0x42>
    14c4:	bb 0f       	add	r27, r27
    14c6:	58 f7       	brcc	.-42     	; 0x149e <ldexp+0x2c>
    14c8:	11 f4       	brne	.+4      	; 0x14ce <ldexp+0x5c>
    14ca:	60 ff       	sbrs	r22, 0
    14cc:	e8 cf       	rjmp	.-48     	; 0x149e <ldexp+0x2c>
    14ce:	6f 5f       	subi	r22, 0xFF	; 255
    14d0:	7f 4f       	sbci	r23, 0xFF	; 255
    14d2:	8f 4f       	sbci	r24, 0xFF	; 255
    14d4:	9f 4f       	sbci	r25, 0xFF	; 255
    14d6:	e3 cf       	rjmp	.-58     	; 0x149e <ldexp+0x2c>
    14d8:	b4 ce       	rjmp	.-664    	; 0x1242 <__fp_szero>
    14da:	0e f0       	brts	.+2      	; 0x14de <ldexp+0x6c>
    14dc:	76 c0       	rjmp	.+236    	; 0x15ca <__fp_mpack>
    14de:	6c ce       	rjmp	.-808    	; 0x11b8 <__fp_nan>
    14e0:	68 94       	set
    14e2:	64 ce       	rjmp	.-824    	; 0x11ac <__fp_inf>

000014e4 <log>:
    14e4:	93 de       	rcall	.-730    	; 0x120c <__fp_splitA>
    14e6:	c8 f3       	brcs	.-14     	; 0x14da <ldexp+0x68>
    14e8:	99 23       	and	r25, r25
    14ea:	d1 f3       	breq	.-12     	; 0x14e0 <ldexp+0x6e>
    14ec:	c6 f3       	brts	.-16     	; 0x14de <ldexp+0x6c>
    14ee:	df 93       	push	r29
    14f0:	cf 93       	push	r28
    14f2:	1f 93       	push	r17
    14f4:	0f 93       	push	r16
    14f6:	ff 92       	push	r15
    14f8:	c9 2f       	mov	r28, r25
    14fa:	dd 27       	eor	r29, r29
    14fc:	88 23       	and	r24, r24
    14fe:	2a f0       	brmi	.+10     	; 0x150a <log+0x26>
    1500:	21 97       	sbiw	r28, 0x01	; 1
    1502:	66 0f       	add	r22, r22
    1504:	77 1f       	adc	r23, r23
    1506:	88 1f       	adc	r24, r24
    1508:	da f7       	brpl	.-10     	; 0x1500 <log+0x1c>
    150a:	20 e0       	ldi	r18, 0x00	; 0
    150c:	30 e0       	ldi	r19, 0x00	; 0
    150e:	40 e8       	ldi	r20, 0x80	; 128
    1510:	5f eb       	ldi	r21, 0xBF	; 191
    1512:	9f e3       	ldi	r25, 0x3F	; 63
    1514:	88 39       	cpi	r24, 0x98	; 152
    1516:	20 f0       	brcs	.+8      	; 0x1520 <log+0x3c>
    1518:	80 3e       	cpi	r24, 0xE0	; 224
    151a:	30 f0       	brcs	.+12     	; 0x1528 <log+0x44>
    151c:	21 96       	adiw	r28, 0x01	; 1
    151e:	8f 77       	andi	r24, 0x7F	; 127
    1520:	e8 dc       	rcall	.-1584   	; 0xef2 <__addsf3>
    1522:	ec eb       	ldi	r30, 0xBC	; 188
    1524:	f0 e0       	ldi	r31, 0x00	; 0
    1526:	03 c0       	rjmp	.+6      	; 0x152e <log+0x4a>
    1528:	e4 dc       	rcall	.-1592   	; 0xef2 <__addsf3>
    152a:	e9 ee       	ldi	r30, 0xE9	; 233
    152c:	f0 e0       	ldi	r31, 0x00	; 0
    152e:	73 df       	rcall	.-282    	; 0x1416 <__fp_powser>
    1530:	8b 01       	movw	r16, r22
    1532:	be 01       	movw	r22, r28
    1534:	ec 01       	movw	r28, r24
    1536:	fb 2e       	mov	r15, r27
    1538:	6f 57       	subi	r22, 0x7F	; 127
    153a:	71 09       	sbc	r23, r1
    153c:	75 95       	asr	r23
    153e:	77 1f       	adc	r23, r23
    1540:	88 0b       	sbc	r24, r24
    1542:	99 0b       	sbc	r25, r25
    1544:	d4 dd       	rcall	.-1112   	; 0x10ee <__floatsisf>
    1546:	28 e1       	ldi	r18, 0x18	; 24
    1548:	32 e7       	ldi	r19, 0x72	; 114
    154a:	41 e3       	ldi	r20, 0x31	; 49
    154c:	5f e3       	ldi	r21, 0x3F	; 63
    154e:	8f de       	rcall	.-738    	; 0x126e <__mulsf3x>
    1550:	af 2d       	mov	r26, r15
    1552:	98 01       	movw	r18, r16
    1554:	ae 01       	movw	r20, r28
    1556:	ff 90       	pop	r15
    1558:	0f 91       	pop	r16
    155a:	1f 91       	pop	r17
    155c:	cf 91       	pop	r28
    155e:	df 91       	pop	r29
    1560:	d9 dc       	rcall	.-1614   	; 0xf14 <__addsf3x>
    1562:	3b ce       	rjmp	.-906    	; 0x11da <__fp_round>

00001564 <modf>:
    1564:	fa 01       	movw	r30, r20
    1566:	dc 01       	movw	r26, r24
    1568:	aa 0f       	add	r26, r26
    156a:	bb 1f       	adc	r27, r27
    156c:	9b 01       	movw	r18, r22
    156e:	ac 01       	movw	r20, r24
    1570:	bf 57       	subi	r27, 0x7F	; 127
    1572:	28 f4       	brcc	.+10     	; 0x157e <modf+0x1a>
    1574:	22 27       	eor	r18, r18
    1576:	33 27       	eor	r19, r19
    1578:	44 27       	eor	r20, r20
    157a:	50 78       	andi	r21, 0x80	; 128
    157c:	1f c0       	rjmp	.+62     	; 0x15bc <modf+0x58>
    157e:	b7 51       	subi	r27, 0x17	; 23
    1580:	88 f4       	brcc	.+34     	; 0x15a4 <modf+0x40>
    1582:	ab 2f       	mov	r26, r27
    1584:	00 24       	eor	r0, r0
    1586:	46 95       	lsr	r20
    1588:	37 95       	ror	r19
    158a:	27 95       	ror	r18
    158c:	01 1c       	adc	r0, r1
    158e:	a3 95       	inc	r26
    1590:	d2 f3       	brmi	.-12     	; 0x1586 <modf+0x22>
    1592:	00 20       	and	r0, r0
    1594:	69 f0       	breq	.+26     	; 0x15b0 <modf+0x4c>
    1596:	22 0f       	add	r18, r18
    1598:	33 1f       	adc	r19, r19
    159a:	44 1f       	adc	r20, r20
    159c:	b3 95       	inc	r27
    159e:	da f3       	brmi	.-10     	; 0x1596 <modf+0x32>
    15a0:	0d d0       	rcall	.+26     	; 0x15bc <modf+0x58>
    15a2:	a6 cc       	rjmp	.-1716   	; 0xef0 <__subsf3>
    15a4:	61 30       	cpi	r22, 0x01	; 1
    15a6:	71 05       	cpc	r23, r1
    15a8:	a0 e8       	ldi	r26, 0x80	; 128
    15aa:	8a 07       	cpc	r24, r26
    15ac:	b9 46       	sbci	r27, 0x69	; 105
    15ae:	30 f4       	brcc	.+12     	; 0x15bc <modf+0x58>
    15b0:	9b 01       	movw	r18, r22
    15b2:	ac 01       	movw	r20, r24
    15b4:	66 27       	eor	r22, r22
    15b6:	77 27       	eor	r23, r23
    15b8:	88 27       	eor	r24, r24
    15ba:	90 78       	andi	r25, 0x80	; 128
    15bc:	30 96       	adiw	r30, 0x00	; 0
    15be:	21 f0       	breq	.+8      	; 0x15c8 <modf+0x64>
    15c0:	20 83       	st	Z, r18
    15c2:	31 83       	std	Z+1, r19	; 0x01
    15c4:	42 83       	std	Z+2, r20	; 0x02
    15c6:	53 83       	std	Z+3, r21	; 0x03
    15c8:	08 95       	ret

000015ca <__fp_mpack>:
    15ca:	9f 3f       	cpi	r25, 0xFF	; 255
    15cc:	31 f0       	breq	.+12     	; 0x15da <__fp_mpack_finite+0xc>

000015ce <__fp_mpack_finite>:
    15ce:	91 50       	subi	r25, 0x01	; 1
    15d0:	20 f4       	brcc	.+8      	; 0x15da <__fp_mpack_finite+0xc>
    15d2:	87 95       	ror	r24
    15d4:	77 95       	ror	r23
    15d6:	67 95       	ror	r22
    15d8:	b7 95       	ror	r27
    15da:	88 0f       	add	r24, r24
    15dc:	91 1d       	adc	r25, r1
    15de:	96 95       	lsr	r25
    15e0:	87 95       	ror	r24
    15e2:	97 f9       	bld	r25, 7
    15e4:	08 95       	ret

000015e6 <_exit>:
    15e6:	f8 94       	cli

000015e8 <__stop_program>:
    15e8:	ff cf       	rjmp	.-2      	; 0x15e8 <__stop_program>
