
SHL_Firmware.elf:     file format elf32-avr

Sections:
Idx Name          Size      VMA       LMA       File off  Algn
  0 .data         00000002  00800100  00001428  000014bc  2**0
                  CONTENTS, ALLOC, LOAD, DATA
  1 .text         00001428  00000000  00000000  00000094  2**1
                  CONTENTS, ALLOC, LOAD, READONLY, CODE
  2 .bss          0000002d  00800102  00800102  000014be  2**0
                  ALLOC
  3 .comment      00000030  00000000  00000000  000014be  2**0
                  CONTENTS, READONLY
  4 .note.gnu.avr.deviceinfo 00000040  00000000  00000000  000014f0  2**2
                  CONTENTS, READONLY
  5 .debug_aranges 00000120  00000000  00000000  00001530  2**0
                  CONTENTS, READONLY, DEBUGGING
  6 .debug_info   000012ad  00000000  00000000  00001650  2**0
                  CONTENTS, READONLY, DEBUGGING
  7 .debug_abbrev 00000d9d  00000000  00000000  000028fd  2**0
                  CONTENTS, READONLY, DEBUGGING
  8 .debug_line   00000aa1  00000000  00000000  0000369a  2**0
                  CONTENTS, READONLY, DEBUGGING
  9 .debug_frame  00000384  00000000  00000000  0000413c  2**2
                  CONTENTS, READONLY, DEBUGGING
 10 .debug_str    000007f9  00000000  00000000  000044c0  2**0
                  CONTENTS, READONLY, DEBUGGING
 11 .debug_loc    00000693  00000000  00000000  00004cb9  2**0
                  CONTENTS, READONLY, DEBUGGING
 12 .debug_ranges 000000c0  00000000  00000000  0000534c  2**0
                  CONTENTS, READONLY, DEBUGGING

Disassembly of section .text:

00000000 <__vectors>:
       0:	8a c0       	rjmp	.+276    	; 0x116 <__ctors_end>
       2:	00 00       	nop
       4:	a6 c0       	rjmp	.+332    	; 0x152 <__bad_interrupt>
       6:	00 00       	nop
       8:	a4 c0       	rjmp	.+328    	; 0x152 <__bad_interrupt>
       a:	00 00       	nop
       c:	a2 c0       	rjmp	.+324    	; 0x152 <__bad_interrupt>
       e:	00 00       	nop
      10:	a0 c0       	rjmp	.+320    	; 0x152 <__bad_interrupt>
      12:	00 00       	nop
      14:	9e c0       	rjmp	.+316    	; 0x152 <__bad_interrupt>
      16:	00 00       	nop
      18:	9c c0       	rjmp	.+312    	; 0x152 <__bad_interrupt>
      1a:	00 00       	nop
      1c:	9a c0       	rjmp	.+308    	; 0x152 <__bad_interrupt>
      1e:	00 00       	nop
      20:	98 c0       	rjmp	.+304    	; 0x152 <__bad_interrupt>
      22:	00 00       	nop
      24:	96 c0       	rjmp	.+300    	; 0x152 <__bad_interrupt>
      26:	00 00       	nop
      28:	94 c0       	rjmp	.+296    	; 0x152 <__bad_interrupt>
      2a:	00 00       	nop
      2c:	92 c0       	rjmp	.+292    	; 0x152 <__bad_interrupt>
      2e:	00 00       	nop
      30:	90 c0       	rjmp	.+288    	; 0x152 <__bad_interrupt>
      32:	00 00       	nop
      34:	8e c0       	rjmp	.+284    	; 0x152 <__bad_interrupt>
      36:	00 00       	nop
      38:	8c c0       	rjmp	.+280    	; 0x152 <__bad_interrupt>
      3a:	00 00       	nop
      3c:	8a c0       	rjmp	.+276    	; 0x152 <__bad_interrupt>
      3e:	00 00       	nop
      40:	74 c6       	rjmp	.+3304   	; 0xd2a <__vector_16>
      42:	00 00       	nop
      44:	86 c0       	rjmp	.+268    	; 0x152 <__bad_interrupt>
      46:	00 00       	nop
      48:	84 c0       	rjmp	.+264    	; 0x152 <__bad_interrupt>
      4a:	00 00       	nop
      4c:	82 c0       	rjmp	.+260    	; 0x152 <__bad_interrupt>
      4e:	00 00       	nop
      50:	fe c5       	rjmp	.+3068   	; 0xc4e <__vector_20>
      52:	00 00       	nop
      54:	7e c0       	rjmp	.+252    	; 0x152 <__bad_interrupt>
      56:	00 00       	nop
      58:	7c c0       	rjmp	.+248    	; 0x152 <__bad_interrupt>
      5a:	00 00       	nop
      5c:	7a c0       	rjmp	.+244    	; 0x152 <__bad_interrupt>
      5e:	00 00       	nop
      60:	78 c0       	rjmp	.+240    	; 0x152 <__bad_interrupt>
      62:	00 00       	nop
      64:	a4 c0       	rjmp	.+328    	; 0x1ae <__vector_25>
      66:	00 00       	nop
      68:	74 c0       	rjmp	.+232    	; 0x152 <__bad_interrupt>
      6a:	00 00       	nop
      6c:	72 c0       	rjmp	.+228    	; 0x152 <__bad_interrupt>
      6e:	00 00       	nop
      70:	70 c0       	rjmp	.+224    	; 0x152 <__bad_interrupt>
      72:	00 00       	nop
      74:	6e c0       	rjmp	.+220    	; 0x152 <__bad_interrupt>
      76:	00 00       	nop
      78:	6c c0       	rjmp	.+216    	; 0x152 <__bad_interrupt>
      7a:	00 00       	nop
      7c:	6a c0       	rjmp	.+212    	; 0x152 <__bad_interrupt>
      7e:	00 00       	nop
      80:	68 c0       	rjmp	.+208    	; 0x152 <__bad_interrupt>
      82:	00 00       	nop
      84:	66 c0       	rjmp	.+204    	; 0x152 <__bad_interrupt>
      86:	00 00       	nop
      88:	64 c0       	rjmp	.+200    	; 0x152 <__bad_interrupt>
      8a:	00 00       	nop
      8c:	62 c0       	rjmp	.+196    	; 0x152 <__bad_interrupt>
      8e:	00 00       	nop
      90:	60 c0       	rjmp	.+192    	; 0x152 <__bad_interrupt>
      92:	00 00       	nop
      94:	07 63       	ori	r16, 0x37	; 55
      96:	42 36       	cpi	r20, 0x62	; 98
      98:	b7 9b       	sbis	0x16, 7	; 22
      9a:	d8 a7       	std	Y+40, r29	; 0x28
      9c:	1a 39       	cpi	r17, 0x9A	; 154
      9e:	68 56       	subi	r22, 0x68	; 104
      a0:	18 ae       	std	Y+56, r1	; 0x38
      a2:	ba ab       	std	Y+50, r27	; 0x32
      a4:	55 8c       	ldd	r5, Z+29	; 0x1d
      a6:	1d 3c       	cpi	r17, 0xCD	; 205
      a8:	b7 cc       	rjmp	.-1682   	; 0xfffffa18 <__eeprom_end+0xff7efa18>
      aa:	57 63       	ori	r21, 0x37	; 55
      ac:	bd 6d       	ori	r27, 0xDD	; 221
      ae:	ed fd       	.word	0xfded	; ????
      b0:	75 3e       	cpi	r23, 0xE5	; 229
      b2:	f6 17       	cp	r31, r22
      b4:	72 31       	cpi	r23, 0x12	; 18
      b6:	bf 00       	.word	0x00bf	; ????
      b8:	00 00       	nop
      ba:	80 3f       	cpi	r24, 0xF0	; 240
      bc:	08 00       	.word	0x0008	; ????
      be:	00 00       	nop
      c0:	be 92       	st	-X, r11
      c2:	24 49       	sbci	r18, 0x94	; 148
      c4:	12 3e       	cpi	r17, 0xE2	; 226
      c6:	ab aa       	std	Y+51, r10	; 0x33
      c8:	aa 2a       	or	r10, r26
      ca:	be cd       	rjmp	.-1156   	; 0xfffffc48 <__eeprom_end+0xff7efc48>
      cc:	cc cc       	rjmp	.-1640   	; 0xfffffa66 <__eeprom_end+0xff7efa66>
      ce:	4c 3e       	cpi	r20, 0xEC	; 236
      d0:	00 00       	nop
      d2:	00 80       	ld	r0, Z
      d4:	be ab       	std	Y+54, r27	; 0x36
      d6:	aa aa       	std	Y+50, r10	; 0x32
      d8:	aa 3e       	cpi	r26, 0xEA	; 234
      da:	00 00       	nop
      dc:	00 00       	nop
      de:	bf 00       	.word	0x00bf	; ????
      e0:	00 00       	nop
      e2:	80 3f       	cpi	r24, 0xF0	; 240
      e4:	00 00       	nop
      e6:	00 00       	nop
      e8:	00 08       	sbc	r0, r0
      ea:	41 78       	andi	r20, 0x81	; 129
      ec:	d3 bb       	out	0x13, r29	; 19
      ee:	43 87       	std	Z+11, r20	; 0x0b
      f0:	d1 13       	cpse	r29, r17
      f2:	3d 19       	sub	r19, r13
      f4:	0e 3c       	cpi	r16, 0xCE	; 206
      f6:	c3 bd       	out	0x23, r28	; 35
      f8:	42 82       	std	Z+2, r4	; 0x02
      fa:	ad 2b       	or	r26, r29
      fc:	3e 68       	ori	r19, 0x8E	; 142
      fe:	ec 82       	std	Y+4, r14	; 0x04
     100:	76 be       	out	0x36, r7	; 54
     102:	d9 8f       	std	Y+25, r29	; 0x19
     104:	e1 a9       	ldd	r30, Z+49	; 0x31
     106:	3e 4c       	sbci	r19, 0xCE	; 206
     108:	80 ef       	ldi	r24, 0xF0	; 240
     10a:	ff be       	out	0x3f, r15	; 63
     10c:	01 c4       	rjmp	.+2050   	; 0x910 <main+0x3fe>
     10e:	ff 7f       	andi	r31, 0xFF	; 255
     110:	3f 00       	.word	0x003f	; ????
     112:	00 00       	nop
	...

00000116 <__ctors_end>:
     116:	11 24       	eor	r1, r1
     118:	1f be       	out	0x3f, r1	; 63
     11a:	cf ef       	ldi	r28, 0xFF	; 255
     11c:	d0 e1       	ldi	r29, 0x10	; 16
     11e:	de bf       	out	0x3e, r29	; 62
     120:	cd bf       	out	0x3d, r28	; 61

00000122 <__do_copy_data>:
     122:	11 e0       	ldi	r17, 0x01	; 1
     124:	a0 e0       	ldi	r26, 0x00	; 0
     126:	b1 e0       	ldi	r27, 0x01	; 1
     128:	e8 e2       	ldi	r30, 0x28	; 40
     12a:	f4 e1       	ldi	r31, 0x14	; 20
     12c:	00 e0       	ldi	r16, 0x00	; 0
     12e:	0b bf       	out	0x3b, r16	; 59
     130:	02 c0       	rjmp	.+4      	; 0x136 <__do_copy_data+0x14>
     132:	07 90       	elpm	r0, Z+
     134:	0d 92       	st	X+, r0
     136:	a2 30       	cpi	r26, 0x02	; 2
     138:	b1 07       	cpc	r27, r17
     13a:	d9 f7       	brne	.-10     	; 0x132 <__do_copy_data+0x10>

0000013c <__do_clear_bss>:
     13c:	21 e0       	ldi	r18, 0x01	; 1
     13e:	a2 e0       	ldi	r26, 0x02	; 2
     140:	b1 e0       	ldi	r27, 0x01	; 1
     142:	01 c0       	rjmp	.+2      	; 0x146 <.do_clear_bss_start>

00000144 <.do_clear_bss_loop>:
     144:	1d 92       	st	X+, r1

00000146 <.do_clear_bss_start>:
     146:	af 32       	cpi	r26, 0x2F	; 47
     148:	b2 07       	cpc	r27, r18
     14a:	e1 f7       	brne	.-8      	; 0x144 <.do_clear_bss_loop>
     14c:	e2 d1       	rcall	.+964    	; 0x512 <main>
     14e:	0c 94 12 0a 	jmp	0x1424	; 0x1424 <_exit>

00000152 <__bad_interrupt>:
     152:	56 cf       	rjmp	.-340    	; 0x0 <__vectors>

00000154 <adc_config>:
uint8_t adc_next = 0;



void adc_config()
{
     154:	cf 93       	push	r28
     156:	df 93       	push	r29
     158:	cd b7       	in	r28, 0x3d	; 61
     15a:	de b7       	in	r29, 0x3e	; 62
	//AREF = AVCC, PF0
	ADMUX = (1<<REFS0) | (1<<MUX0);
     15c:	8c e7       	ldi	r24, 0x7C	; 124
     15e:	90 e0       	ldi	r25, 0x00	; 0
     160:	21 e4       	ldi	r18, 0x41	; 65
     162:	fc 01       	movw	r30, r24
     164:	20 83       	st	Z, r18
	//ADC Enable, /16, Interrupt Enable
	ADCSRA = (1<<ADEN) | (1<<ADPS2) | (0<<ADPS1) | (0<<ADPS0) | (1<<ADIE);
     166:	8a e7       	ldi	r24, 0x7A	; 122
     168:	90 e0       	ldi	r25, 0x00	; 0
     16a:	2c e8       	ldi	r18, 0x8C	; 140
     16c:	fc 01       	movw	r30, r24
     16e:	20 83       	st	Z, r18
	//Start Conversion
	ADCSRA |= (1<<ADSC);
     170:	8a e7       	ldi	r24, 0x7A	; 122
     172:	90 e0       	ldi	r25, 0x00	; 0
     174:	2a e7       	ldi	r18, 0x7A	; 122
     176:	30 e0       	ldi	r19, 0x00	; 0
     178:	f9 01       	movw	r30, r18
     17a:	20 81       	ld	r18, Z
     17c:	20 64       	ori	r18, 0x40	; 64
     17e:	fc 01       	movw	r30, r24
     180:	20 83       	st	Z, r18
}
     182:	00 00       	nop
     184:	df 91       	pop	r29
     186:	cf 91       	pop	r28
     188:	08 95       	ret

0000018a <adc_start_conversion>:

void adc_start_conversion()
{
     18a:	cf 93       	push	r28
     18c:	df 93       	push	r29
     18e:	cd b7       	in	r28, 0x3d	; 61
     190:	de b7       	in	r29, 0x3e	; 62
	//start next conversion with same config
	ADCSRA = (1<<ADEN) | (1<<ADPS2) | (0<<ADPS1) | (1<<ADPS0) | (1<<ADIE) | (1<<ADSC); //prescaler to 16
     192:	8a e7       	ldi	r24, 0x7A	; 122
     194:	90 e0       	ldi	r25, 0x00	; 0
     196:	2d ec       	ldi	r18, 0xCD	; 205
     198:	fc 01       	movw	r30, r24
     19a:	20 83       	st	Z, r18
	//!!! Currently we have to Start the conversion manually with ADSC=1. Normally SMCR should auto trigger the conversion but as of now it does not work. neither do we know if the uC goes into Noise reduction mode
	SMCR = (1<<SM0)|(0<<SM1)|(0<<SM2); //enable ADC noise reduction mode and starts the conversion
     19c:	83 e5       	ldi	r24, 0x53	; 83
     19e:	90 e0       	ldi	r25, 0x00	; 0
     1a0:	22 e0       	ldi	r18, 0x02	; 2
     1a2:	fc 01       	movw	r30, r24
     1a4:	20 83       	st	Z, r18
}
     1a6:	00 00       	nop
     1a8:	df 91       	pop	r29
     1aa:	cf 91       	pop	r28
     1ac:	08 95       	ret

000001ae <__vector_25>:


ISR(ADC_vect){
     1ae:	1f 92       	push	r1
     1b0:	0f 92       	push	r0
     1b2:	00 90 5f 00 	lds	r0, 0x005F	; 0x80005f <__TEXT_REGION_LENGTH__+0x7e005f>
     1b6:	0f 92       	push	r0
     1b8:	11 24       	eor	r1, r1
     1ba:	00 90 5b 00 	lds	r0, 0x005B	; 0x80005b <__TEXT_REGION_LENGTH__+0x7e005b>
     1be:	0f 92       	push	r0
     1c0:	2f 93       	push	r18
     1c2:	3f 93       	push	r19
     1c4:	8f 93       	push	r24
     1c6:	9f 93       	push	r25
     1c8:	ef 93       	push	r30
     1ca:	ff 93       	push	r31
     1cc:	cf 93       	push	r28
     1ce:	df 93       	push	r29
     1d0:	cd b7       	in	r28, 0x3d	; 61
     1d2:	de b7       	in	r29, 0x3e	; 62
	
	// store ADC result
	adc_values[adc_next] = ADC;
     1d4:	80 91 02 01 	lds	r24, 0x0102	; 0x800102 <__data_end>
     1d8:	88 2f       	mov	r24, r24
     1da:	90 e0       	ldi	r25, 0x00	; 0
     1dc:	28 e7       	ldi	r18, 0x78	; 120
     1de:	30 e0       	ldi	r19, 0x00	; 0
     1e0:	f9 01       	movw	r30, r18
     1e2:	20 81       	ld	r18, Z
     1e4:	31 81       	ldd	r19, Z+1	; 0x01
     1e6:	88 0f       	add	r24, r24
     1e8:	99 1f       	adc	r25, r25
     1ea:	81 5e       	subi	r24, 0xE1	; 225
     1ec:	9e 4f       	sbci	r25, 0xFE	; 254
     1ee:	fc 01       	movw	r30, r24
     1f0:	31 83       	std	Z+1, r19	; 0x01
     1f2:	20 83       	st	Z, r18
	adc_next++;
     1f4:	80 91 02 01 	lds	r24, 0x0102	; 0x800102 <__data_end>
     1f8:	8f 5f       	subi	r24, 0xFF	; 255
     1fa:	80 93 02 01 	sts	0x0102, r24	; 0x800102 <__data_end>
	
	// reset index var
	if(adc_next == ADCVALUES){
     1fe:	80 91 02 01 	lds	r24, 0x0102	; 0x800102 <__data_end>
     202:	84 30       	cpi	r24, 0x04	; 4
     204:	11 f4       	brne	.+4      	; 0x20a <__vector_25+0x5c>
		adc_next = 0;
     206:	10 92 02 01 	sts	0x0102, r1	; 0x800102 <__data_end>
	}
	// select other ADC Input
	ADMUX = (1<<REFS0) | adc_next;
     20a:	8c e7       	ldi	r24, 0x7C	; 124
     20c:	90 e0       	ldi	r25, 0x00	; 0
     20e:	20 91 02 01 	lds	r18, 0x0102	; 0x800102 <__data_end>
     212:	20 64       	ori	r18, 0x40	; 64
     214:	fc 01       	movw	r30, r24
     216:	20 83       	st	Z, r18
	
}
     218:	00 00       	nop
     21a:	df 91       	pop	r29
     21c:	cf 91       	pop	r28
     21e:	ff 91       	pop	r31
     220:	ef 91       	pop	r30
     222:	9f 91       	pop	r25
     224:	8f 91       	pop	r24
     226:	3f 91       	pop	r19
     228:	2f 91       	pop	r18
     22a:	0f 90       	pop	r0
     22c:	00 92 5b 00 	sts	0x005B, r0	; 0x80005b <__TEXT_REGION_LENGTH__+0x7e005b>
     230:	0f 90       	pop	r0
     232:	00 92 5f 00 	sts	0x005F, r0	; 0x80005f <__TEXT_REGION_LENGTH__+0x7e005f>
     236:	0f 90       	pop	r0
     238:	1f 90       	pop	r1
     23a:	18 95       	reti

0000023c <adc_get>:

// getter for each adc var
uint16_t adc_get(uint8_t adc)
{
     23c:	cf 93       	push	r28
     23e:	df 93       	push	r29
     240:	1f 92       	push	r1
     242:	cd b7       	in	r28, 0x3d	; 61
     244:	de b7       	in	r29, 0x3e	; 62
     246:	89 83       	std	Y+1, r24	; 0x01
	return adc_values[adc];
     248:	89 81       	ldd	r24, Y+1	; 0x01
     24a:	88 2f       	mov	r24, r24
     24c:	90 e0       	ldi	r25, 0x00	; 0
     24e:	88 0f       	add	r24, r24
     250:	99 1f       	adc	r25, r25
     252:	81 5e       	subi	r24, 0xE1	; 225
     254:	9e 4f       	sbci	r25, 0xFE	; 254
     256:	fc 01       	movw	r30, r24
     258:	80 81       	ld	r24, Z
     25a:	91 81       	ldd	r25, Z+1	; 0x01
     25c:	0f 90       	pop	r0
     25e:	df 91       	pop	r29
     260:	cf 91       	pop	r28
     262:	08 95       	ret

00000264 <can_check_free>:
		CANPAGE = (to_receive->mob_number << MOBNB0) | (1 << AINC) | byte;
		data[byte] = CANMSG;
	}
	
	
}
     264:	cf 93       	push	r28
     266:	df 93       	push	r29
     268:	00 d0       	rcall	.+0      	; 0x26a <can_check_free+0x6>
     26a:	cd b7       	in	r28, 0x3d	; 61
     26c:	de b7       	in	r29, 0x3e	; 62
     26e:	8a 83       	std	Y+2, r24	; 0x02
     270:	19 82       	std	Y+1, r1	; 0x01
     272:	8a 81       	ldd	r24, Y+2	; 0x02
     274:	88 30       	cpi	r24, 0x08	; 8
     276:	c0 f0       	brcs	.+48     	; 0x2a8 <can_check_free+0x44>
     278:	8d ed       	ldi	r24, 0xDD	; 221
     27a:	90 e0       	ldi	r25, 0x00	; 0
     27c:	fc 01       	movw	r30, r24
     27e:	80 81       	ld	r24, Z
     280:	88 2f       	mov	r24, r24
     282:	90 e0       	ldi	r25, 0x00	; 0
     284:	2a 81       	ldd	r18, Y+2	; 0x02
     286:	22 2f       	mov	r18, r18
     288:	30 e0       	ldi	r19, 0x00	; 0
     28a:	28 50       	subi	r18, 0x08	; 8
     28c:	31 09       	sbc	r19, r1
     28e:	02 c0       	rjmp	.+4      	; 0x294 <can_check_free+0x30>
     290:	95 95       	asr	r25
     292:	87 95       	ror	r24
     294:	2a 95       	dec	r18
     296:	e2 f7       	brpl	.-8      	; 0x290 <can_check_free+0x2c>
     298:	81 70       	andi	r24, 0x01	; 1
     29a:	99 27       	eor	r25, r25
     29c:	21 e0       	ldi	r18, 0x01	; 1
     29e:	89 2b       	or	r24, r25
     2a0:	09 f0       	breq	.+2      	; 0x2a4 <can_check_free+0x40>
     2a2:	20 e0       	ldi	r18, 0x00	; 0
     2a4:	29 83       	std	Y+1, r18	; 0x01
     2a6:	15 c0       	rjmp	.+42     	; 0x2d2 <can_check_free+0x6e>
     2a8:	8c ed       	ldi	r24, 0xDC	; 220
     2aa:	90 e0       	ldi	r25, 0x00	; 0
     2ac:	fc 01       	movw	r30, r24
     2ae:	80 81       	ld	r24, Z
     2b0:	88 2f       	mov	r24, r24
     2b2:	90 e0       	ldi	r25, 0x00	; 0
     2b4:	2a 81       	ldd	r18, Y+2	; 0x02
     2b6:	22 2f       	mov	r18, r18
     2b8:	30 e0       	ldi	r19, 0x00	; 0
     2ba:	02 c0       	rjmp	.+4      	; 0x2c0 <can_check_free+0x5c>
     2bc:	95 95       	asr	r25
     2be:	87 95       	ror	r24
     2c0:	2a 95       	dec	r18
     2c2:	e2 f7       	brpl	.-8      	; 0x2bc <can_check_free+0x58>
     2c4:	81 70       	andi	r24, 0x01	; 1
     2c6:	99 27       	eor	r25, r25
     2c8:	21 e0       	ldi	r18, 0x01	; 1
     2ca:	89 2b       	or	r24, r25
     2cc:	09 f0       	breq	.+2      	; 0x2d0 <can_check_free+0x6c>
     2ce:	20 e0       	ldi	r18, 0x00	; 0
     2d0:	29 83       	std	Y+1, r18	; 0x01
     2d2:	89 81       	ldd	r24, Y+1	; 0x01
     2d4:	0f 90       	pop	r0
     2d6:	0f 90       	pop	r0
     2d8:	df 91       	pop	r29
     2da:	cf 91       	pop	r28
     2dc:	08 95       	ret

000002de <can_cfg>:
     2de:	cf 93       	push	r28
     2e0:	df 93       	push	r29
     2e2:	00 d0       	rcall	.+0      	; 0x2e4 <can_cfg+0x6>
     2e4:	cd b7       	in	r28, 0x3d	; 61
     2e6:	de b7       	in	r29, 0x3e	; 62
     2e8:	88 ed       	ldi	r24, 0xD8	; 216
     2ea:	90 e0       	ldi	r25, 0x00	; 0
     2ec:	fc 01       	movw	r30, r24
     2ee:	10 82       	st	Z, r1
     2f0:	19 82       	std	Y+1, r1	; 0x01
     2f2:	56 c0       	rjmp	.+172    	; 0x3a0 <can_cfg+0xc2>
     2f4:	8d ee       	ldi	r24, 0xED	; 237
     2f6:	90 e0       	ldi	r25, 0x00	; 0
     2f8:	29 81       	ldd	r18, Y+1	; 0x01
     2fa:	22 2f       	mov	r18, r18
     2fc:	30 e0       	ldi	r19, 0x00	; 0
     2fe:	22 95       	swap	r18
     300:	32 95       	swap	r19
     302:	30 7f       	andi	r19, 0xF0	; 240
     304:	32 27       	eor	r19, r18
     306:	20 7f       	andi	r18, 0xF0	; 240
     308:	32 27       	eor	r19, r18
     30a:	28 60       	ori	r18, 0x08	; 8
     30c:	fc 01       	movw	r30, r24
     30e:	20 83       	st	Z, r18
     310:	8e ee       	ldi	r24, 0xEE	; 238
     312:	90 e0       	ldi	r25, 0x00	; 0
     314:	fc 01       	movw	r30, r24
     316:	10 82       	st	Z, r1
     318:	8f ee       	ldi	r24, 0xEF	; 239
     31a:	90 e0       	ldi	r25, 0x00	; 0
     31c:	fc 01       	movw	r30, r24
     31e:	10 82       	st	Z, r1
     320:	80 ef       	ldi	r24, 0xF0	; 240
     322:	90 e0       	ldi	r25, 0x00	; 0
     324:	fc 01       	movw	r30, r24
     326:	10 82       	st	Z, r1
     328:	81 ef       	ldi	r24, 0xF1	; 241
     32a:	90 e0       	ldi	r25, 0x00	; 0
     32c:	fc 01       	movw	r30, r24
     32e:	10 82       	st	Z, r1
     330:	82 ef       	ldi	r24, 0xF2	; 242
     332:	90 e0       	ldi	r25, 0x00	; 0
     334:	fc 01       	movw	r30, r24
     336:	10 82       	st	Z, r1
     338:	83 ef       	ldi	r24, 0xF3	; 243
     33a:	90 e0       	ldi	r25, 0x00	; 0
     33c:	fc 01       	movw	r30, r24
     33e:	10 82       	st	Z, r1
     340:	84 ef       	ldi	r24, 0xF4	; 244
     342:	90 e0       	ldi	r25, 0x00	; 0
     344:	fc 01       	movw	r30, r24
     346:	10 82       	st	Z, r1
     348:	85 ef       	ldi	r24, 0xF5	; 245
     34a:	90 e0       	ldi	r25, 0x00	; 0
     34c:	fc 01       	movw	r30, r24
     34e:	10 82       	st	Z, r1
     350:	86 ef       	ldi	r24, 0xF6	; 246
     352:	90 e0       	ldi	r25, 0x00	; 0
     354:	fc 01       	movw	r30, r24
     356:	10 82       	st	Z, r1
     358:	87 ef       	ldi	r24, 0xF7	; 247
     35a:	90 e0       	ldi	r25, 0x00	; 0
     35c:	fc 01       	movw	r30, r24
     35e:	10 82       	st	Z, r1
     360:	1a 82       	std	Y+2, r1	; 0x02
     362:	18 c0       	rjmp	.+48     	; 0x394 <can_cfg+0xb6>
     364:	8d ee       	ldi	r24, 0xED	; 237
     366:	90 e0       	ldi	r25, 0x00	; 0
     368:	29 81       	ldd	r18, Y+1	; 0x01
     36a:	22 2f       	mov	r18, r18
     36c:	30 e0       	ldi	r19, 0x00	; 0
     36e:	22 95       	swap	r18
     370:	32 95       	swap	r19
     372:	30 7f       	andi	r19, 0xF0	; 240
     374:	32 27       	eor	r19, r18
     376:	20 7f       	andi	r18, 0xF0	; 240
     378:	32 27       	eor	r19, r18
     37a:	32 2f       	mov	r19, r18
     37c:	2a 81       	ldd	r18, Y+2	; 0x02
     37e:	23 2b       	or	r18, r19
     380:	28 60       	ori	r18, 0x08	; 8
     382:	fc 01       	movw	r30, r24
     384:	20 83       	st	Z, r18
     386:	8a ef       	ldi	r24, 0xFA	; 250
     388:	90 e0       	ldi	r25, 0x00	; 0
     38a:	fc 01       	movw	r30, r24
     38c:	10 82       	st	Z, r1
     38e:	8a 81       	ldd	r24, Y+2	; 0x02
     390:	8f 5f       	subi	r24, 0xFF	; 255
     392:	8a 83       	std	Y+2, r24	; 0x02
     394:	8a 81       	ldd	r24, Y+2	; 0x02
     396:	88 30       	cpi	r24, 0x08	; 8
     398:	28 f3       	brcs	.-54     	; 0x364 <can_cfg+0x86>
     39a:	89 81       	ldd	r24, Y+1	; 0x01
     39c:	8f 5f       	subi	r24, 0xFF	; 255
     39e:	89 83       	std	Y+1, r24	; 0x01
     3a0:	89 81       	ldd	r24, Y+1	; 0x01
     3a2:	8f 30       	cpi	r24, 0x0F	; 15
     3a4:	08 f4       	brcc	.+2      	; 0x3a8 <can_cfg+0xca>
     3a6:	a6 cf       	rjmp	.-180    	; 0x2f4 <can_cfg+0x16>
     3a8:	82 ee       	ldi	r24, 0xE2	; 226
     3aa:	90 e0       	ldi	r25, 0x00	; 0
     3ac:	22 e0       	ldi	r18, 0x02	; 2
     3ae:	fc 01       	movw	r30, r24
     3b0:	20 83       	st	Z, r18
     3b2:	83 ee       	ldi	r24, 0xE3	; 227
     3b4:	90 e0       	ldi	r25, 0x00	; 0
     3b6:	2c e0       	ldi	r18, 0x0C	; 12
     3b8:	fc 01       	movw	r30, r24
     3ba:	20 83       	st	Z, r18
     3bc:	84 ee       	ldi	r24, 0xE4	; 228
     3be:	90 e0       	ldi	r25, 0x00	; 0
     3c0:	27 e3       	ldi	r18, 0x37	; 55
     3c2:	fc 01       	movw	r30, r24
     3c4:	20 83       	st	Z, r18
     3c6:	8b ed       	ldi	r24, 0xDB	; 219
     3c8:	90 e0       	ldi	r25, 0x00	; 0
     3ca:	fc 01       	movw	r30, r24
     3cc:	10 82       	st	Z, r1
     3ce:	88 ed       	ldi	r24, 0xD8	; 216
     3d0:	90 e0       	ldi	r25, 0x00	; 0
     3d2:	28 ed       	ldi	r18, 0xD8	; 216
     3d4:	30 e0       	ldi	r19, 0x00	; 0
     3d6:	f9 01       	movw	r30, r18
     3d8:	20 81       	ld	r18, Z
     3da:	22 60       	ori	r18, 0x02	; 2
     3dc:	fc 01       	movw	r30, r24
     3de:	20 83       	st	Z, r18
     3e0:	00 00       	nop
     3e2:	0f 90       	pop	r0
     3e4:	0f 90       	pop	r0
     3e6:	df 91       	pop	r29
     3e8:	cf 91       	pop	r28
     3ea:	08 95       	ret

000003ec <can_tx>:
void can_tx(struct CAN_MOB *to_send, uint8_t *data){
     3ec:	cf 93       	push	r28
     3ee:	df 93       	push	r29
     3f0:	00 d0       	rcall	.+0      	; 0x3f2 <can_tx+0x6>
     3f2:	00 d0       	rcall	.+0      	; 0x3f4 <can_tx+0x8>
     3f4:	1f 92       	push	r1
     3f6:	cd b7       	in	r28, 0x3d	; 61
     3f8:	de b7       	in	r29, 0x3e	; 62
     3fa:	9b 83       	std	Y+3, r25	; 0x03
     3fc:	8a 83       	std	Y+2, r24	; 0x02
     3fe:	7d 83       	std	Y+5, r23	; 0x05
     400:	6c 83       	std	Y+4, r22	; 0x04
	
	for(uint8_t byte = 0; byte <8; byte++){
     402:	19 82       	std	Y+1, r1	; 0x01
     404:	24 c0       	rjmp	.+72     	; 0x44e <__LOCK_REGION_LENGTH__+0x4e>
		CANPAGE = (to_send->mob_number << MOBNB0) | (1 << AINC) | byte;
     406:	8d ee       	ldi	r24, 0xED	; 237
     408:	90 e0       	ldi	r25, 0x00	; 0
     40a:	2a 81       	ldd	r18, Y+2	; 0x02
     40c:	3b 81       	ldd	r19, Y+3	; 0x03
     40e:	f9 01       	movw	r30, r18
     410:	24 81       	ldd	r18, Z+4	; 0x04
     412:	22 2f       	mov	r18, r18
     414:	30 e0       	ldi	r19, 0x00	; 0
     416:	22 95       	swap	r18
     418:	32 95       	swap	r19
     41a:	30 7f       	andi	r19, 0xF0	; 240
     41c:	32 27       	eor	r19, r18
     41e:	20 7f       	andi	r18, 0xF0	; 240
     420:	32 27       	eor	r19, r18
     422:	32 2f       	mov	r19, r18
     424:	29 81       	ldd	r18, Y+1	; 0x01
     426:	23 2b       	or	r18, r19
     428:	28 60       	ori	r18, 0x08	; 8
     42a:	fc 01       	movw	r30, r24
     42c:	20 83       	st	Z, r18
		CANMSG = data[byte];
     42e:	8a ef       	ldi	r24, 0xFA	; 250
     430:	90 e0       	ldi	r25, 0x00	; 0
     432:	29 81       	ldd	r18, Y+1	; 0x01
     434:	22 2f       	mov	r18, r18
     436:	30 e0       	ldi	r19, 0x00	; 0
     438:	4c 81       	ldd	r20, Y+4	; 0x04
     43a:	5d 81       	ldd	r21, Y+5	; 0x05
     43c:	24 0f       	add	r18, r20
     43e:	35 1f       	adc	r19, r21
     440:	f9 01       	movw	r30, r18
     442:	20 81       	ld	r18, Z
     444:	fc 01       	movw	r30, r24
     446:	20 83       	st	Z, r18
	
	
}
void can_tx(struct CAN_MOB *to_send, uint8_t *data){
	
	for(uint8_t byte = 0; byte <8; byte++){
     448:	89 81       	ldd	r24, Y+1	; 0x01
     44a:	8f 5f       	subi	r24, 0xFF	; 255
     44c:	89 83       	std	Y+1, r24	; 0x01
     44e:	89 81       	ldd	r24, Y+1	; 0x01
     450:	88 30       	cpi	r24, 0x08	; 8
     452:	c8 f2       	brcs	.-78     	; 0x406 <__LOCK_REGION_LENGTH__+0x6>
		CANPAGE = (to_send->mob_number << MOBNB0) | (1 << AINC) | byte;
		CANMSG = data[byte];
	}
	
	CANPAGE = to_send->mob_number << MOBNB0;
     454:	8d ee       	ldi	r24, 0xED	; 237
     456:	90 e0       	ldi	r25, 0x00	; 0
     458:	2a 81       	ldd	r18, Y+2	; 0x02
     45a:	3b 81       	ldd	r19, Y+3	; 0x03
     45c:	f9 01       	movw	r30, r18
     45e:	24 81       	ldd	r18, Z+4	; 0x04
     460:	22 95       	swap	r18
     462:	20 7f       	andi	r18, 0xF0	; 240
     464:	fc 01       	movw	r30, r24
     466:	20 83       	st	Z, r18
	if (can_check_free(to_send->mob_number)){
     468:	8a 81       	ldd	r24, Y+2	; 0x02
     46a:	9b 81       	ldd	r25, Y+3	; 0x03
     46c:	fc 01       	movw	r30, r24
     46e:	84 81       	ldd	r24, Z+4	; 0x04
     470:	f9 de       	rcall	.-526    	; 0x264 <can_check_free>
     472:	88 23       	and	r24, r24
     474:	09 f4       	brne	.+2      	; 0x478 <__LOCK_REGION_LENGTH__+0x78>
     476:	44 c0       	rjmp	.+136    	; 0x500 <__LOCK_REGION_LENGTH__+0x100>
		CANSTMOB = 0;
     478:	8e ee       	ldi	r24, 0xEE	; 238
     47a:	90 e0       	ldi	r25, 0x00	; 0
     47c:	fc 01       	movw	r30, r24
     47e:	10 82       	st	Z, r1
		CANIDT1 = to_send->mob_id>>3;
     480:	83 ef       	ldi	r24, 0xF3	; 243
     482:	90 e0       	ldi	r25, 0x00	; 0
     484:	2a 81       	ldd	r18, Y+2	; 0x02
     486:	3b 81       	ldd	r19, Y+3	; 0x03
     488:	f9 01       	movw	r30, r18
     48a:	20 81       	ld	r18, Z
     48c:	31 81       	ldd	r19, Z+1	; 0x01
     48e:	36 95       	lsr	r19
     490:	27 95       	ror	r18
     492:	36 95       	lsr	r19
     494:	27 95       	ror	r18
     496:	36 95       	lsr	r19
     498:	27 95       	ror	r18
     49a:	fc 01       	movw	r30, r24
     49c:	20 83       	st	Z, r18
		CANIDT2 = (to_send->mob_id << 5) & 0b11100000;
     49e:	82 ef       	ldi	r24, 0xF2	; 242
     4a0:	90 e0       	ldi	r25, 0x00	; 0
     4a2:	2a 81       	ldd	r18, Y+2	; 0x02
     4a4:	3b 81       	ldd	r19, Y+3	; 0x03
     4a6:	f9 01       	movw	r30, r18
     4a8:	20 81       	ld	r18, Z
     4aa:	31 81       	ldd	r19, Z+1	; 0x01
     4ac:	22 95       	swap	r18
     4ae:	22 0f       	add	r18, r18
     4b0:	20 7e       	andi	r18, 0xE0	; 224
     4b2:	fc 01       	movw	r30, r24
     4b4:	20 83       	st	Z, r18
		CANIDT3 = 0;
     4b6:	81 ef       	ldi	r24, 0xF1	; 241
     4b8:	90 e0       	ldi	r25, 0x00	; 0
     4ba:	fc 01       	movw	r30, r24
     4bc:	10 82       	st	Z, r1
		CANIDT4 = 0;
     4be:	80 ef       	ldi	r24, 0xF0	; 240
     4c0:	90 e0       	ldi	r25, 0x00	; 0
     4c2:	fc 01       	movw	r30, r24
     4c4:	10 82       	st	Z, r1
		CANIDM1 = 0; //0b11111111;
     4c6:	87 ef       	ldi	r24, 0xF7	; 247
     4c8:	90 e0       	ldi	r25, 0x00	; 0
     4ca:	fc 01       	movw	r30, r24
     4cc:	10 82       	st	Z, r1
		CANIDM2 = 0; //0b11100000;
     4ce:	86 ef       	ldi	r24, 0xF6	; 246
     4d0:	90 e0       	ldi	r25, 0x00	; 0
     4d2:	fc 01       	movw	r30, r24
     4d4:	10 82       	st	Z, r1
		CANIDM3 = 0;
     4d6:	85 ef       	ldi	r24, 0xF5	; 245
     4d8:	90 e0       	ldi	r25, 0x00	; 0
     4da:	fc 01       	movw	r30, r24
     4dc:	10 82       	st	Z, r1
		CANIDM4 = 0;
     4de:	84 ef       	ldi	r24, 0xF4	; 244
     4e0:	90 e0       	ldi	r25, 0x00	; 0
     4e2:	fc 01       	movw	r30, r24
     4e4:	10 82       	st	Z, r1
		CANSTMOB = 0;
     4e6:	8e ee       	ldi	r24, 0xEE	; 238
     4e8:	90 e0       	ldi	r25, 0x00	; 0
     4ea:	fc 01       	movw	r30, r24
     4ec:	10 82       	st	Z, r1
		CANCDMOB = (1<<CONMOB0) | 1 << DLC3;
     4ee:	8f ee       	ldi	r24, 0xEF	; 239
     4f0:	90 e0       	ldi	r25, 0x00	; 0
     4f2:	28 e4       	ldi	r18, 0x48	; 72
     4f4:	fc 01       	movw	r30, r24
     4f6:	20 83       	st	Z, r18
		CANSTMOB = 0;
     4f8:	8e ee       	ldi	r24, 0xEE	; 238
     4fa:	90 e0       	ldi	r25, 0x00	; 0
     4fc:	fc 01       	movw	r30, r24
     4fe:	10 82       	st	Z, r1
	}
	
}
     500:	00 00       	nop
     502:	0f 90       	pop	r0
     504:	0f 90       	pop	r0
     506:	0f 90       	pop	r0
     508:	0f 90       	pop	r0
     50a:	0f 90       	pop	r0
     50c:	df 91       	pop	r29
     50e:	cf 91       	pop	r28
     510:	08 95       	ret

00000512 <main>:

uint8_t switchi = 1;								// switch between the two Bytes of SPI-communication
uint8_t i = 1;

int main(void)
{
     512:	8f 92       	push	r8
     514:	9f 92       	push	r9
     516:	af 92       	push	r10
     518:	cf 92       	push	r12
     51a:	df 92       	push	r13
     51c:	ef 92       	push	r14
     51e:	ff 92       	push	r15
     520:	0f 93       	push	r16
     522:	1f 93       	push	r17
     524:	cf 93       	push	r28
     526:	df 93       	push	r29
     528:	cd b7       	in	r28, 0x3d	; 61
     52a:	de b7       	in	r29, 0x3e	; 62
     52c:	6e 97       	sbiw	r28, 0x1e	; 30
     52e:	0f b6       	in	r0, 0x3f	; 63
     530:	f8 94       	cli
     532:	de bf       	out	0x3e, r29	; 62
     534:	0f be       	out	0x3f, r0	; 63
     536:	cd bf       	out	0x3d, r28	; 61
	/*	Configuration	*/
	port_config();
     538:	be d3       	rcall	.+1916   	; 0xcb6 <port_config>
	sys_timer_config();
     53a:	e0 d3       	rcall	.+1984   	; 0xcfc <sys_timer_config>
	adc_config(); //CHECK WHICH ADC INPUTS CORRESPOND WITH WHAT DATABYTE WE SEND
     53c:	0b de       	rcall	.-1002   	; 0x154 <adc_config>
	can_cfg();
     53e:	cf de       	rcall	.-610    	; 0x2de <can_cfg>
     540:	51 d3       	rcall	.+1698   	; 0xbe4 <SPI_MasterInit>
	SPI_MasterInit();
     542:	80 e1       	ldi	r24, 0x10	; 16
     544:	94 e0       	ldi	r25, 0x04	; 4
	
	struct CAN_MOB can_SHL0_mob;
	can_SHL0_mob.mob_id = 0x410;
     546:	9e 83       	std	Y+6, r25	; 0x06
     548:	8d 83       	std	Y+5, r24	; 0x05
     54a:	8f ef       	ldi	r24, 0xFF	; 255
     54c:	9f ef       	ldi	r25, 0xFF	; 255
	can_SHL0_mob.mob_idmask = 0xFFFF;//sent
     54e:	98 87       	std	Y+8, r25	; 0x08
     550:	8f 83       	std	Y+7, r24	; 0x07
     552:	19 86       	std	Y+9, r1	; 0x09
     554:	28 e0       	ldi	r18, 0x08	; 8
	can_SHL0_mob.mob_number = 0;
     556:	ce 01       	movw	r24, r28
	uint8_t SHL0_databytes[8] = {0};
     558:	0a 96       	adiw	r24, 0x0a	; 10
     55a:	fc 01       	movw	r30, r24
     55c:	e2 2e       	mov	r14, r18
     55e:	11 92       	st	Z+, r1
     560:	ea 94       	dec	r14
     562:	e9 f7       	brne	.-6      	; 0x55e <main+0x4c>
     564:	81 e1       	ldi	r24, 0x11	; 17
     566:	94 e0       	ldi	r25, 0x04	; 4
		
	struct CAN_MOB can_SHL1_mob;
	can_SHL1_mob.mob_id = 0x411;
     568:	9b 8b       	std	Y+19, r25	; 0x13
     56a:	8a 8b       	std	Y+18, r24	; 0x12
     56c:	8f ef       	ldi	r24, 0xFF	; 255
     56e:	9f ef       	ldi	r25, 0xFF	; 255
	can_SHL1_mob.mob_idmask = 0xFFFF;//sent
     570:	9d 8b       	std	Y+21, r25	; 0x15
     572:	8c 8b       	std	Y+20, r24	; 0x14
     574:	81 e0       	ldi	r24, 0x01	; 1
     576:	8e 8b       	std	Y+22, r24	; 0x16
	can_SHL1_mob.mob_number = 1;
     578:	28 e0       	ldi	r18, 0x08	; 8
     57a:	ce 01       	movw	r24, r28
	uint8_t SHL1_databytes[8] = {0};
     57c:	47 96       	adiw	r24, 0x17	; 23
     57e:	fc 01       	movw	r30, r24
     580:	e2 2e       	mov	r14, r18
     582:	11 92       	st	Z+, r1
     584:	ea 94       	dec	r14
     586:	e9 f7       	brne	.-6      	; 0x582 <main+0x70>
     588:	78 94       	sei
     58a:	20 91 2b 01 	lds	r18, 0x012B	; 0x80012b <sys_time>
	sei();
	
	
     while (1)
     {
	     if(TIME_PASSED_1_MS)
     58e:	30 91 2c 01 	lds	r19, 0x012C	; 0x80012c <sys_time+0x1>
     592:	40 91 2d 01 	lds	r20, 0x012D	; 0x80012d <sys_time+0x2>
     596:	50 91 2e 01 	lds	r21, 0x012E	; 0x80012e <sys_time+0x3>
     59a:	80 91 03 01 	lds	r24, 0x0103	; 0x800103 <time_1ms>
     59e:	90 91 04 01 	lds	r25, 0x0104	; 0x800104 <time_1ms+0x1>
     5a2:	a0 91 05 01 	lds	r26, 0x0105	; 0x800105 <time_1ms+0x2>
     5a6:	b0 91 06 01 	lds	r27, 0x0106	; 0x800106 <time_1ms+0x3>
     5aa:	28 17       	cp	r18, r24
     5ac:	39 07       	cpc	r19, r25
     5ae:	4a 07       	cpc	r20, r26
     5b0:	5b 07       	cpc	r21, r27
     5b2:	09 f4       	brne	.+2      	; 0x5b6 <main+0xa4>
     5b4:	4a c0       	rjmp	.+148    	; 0x64a <main+0x138>
     5b6:	80 91 13 01 	lds	r24, 0x0113	; 0x800113 <time_old_10ms>
	     {
			time_old_10ms++;
     5ba:	90 91 14 01 	lds	r25, 0x0114	; 0x800114 <time_old_10ms+0x1>
     5be:	a0 91 15 01 	lds	r26, 0x0115	; 0x800115 <time_old_10ms+0x2>
     5c2:	b0 91 16 01 	lds	r27, 0x0116	; 0x800116 <time_old_10ms+0x3>
     5c6:	01 96       	adiw	r24, 0x01	; 1
     5c8:	a1 1d       	adc	r26, r1
     5ca:	b1 1d       	adc	r27, r1
     5cc:	80 93 13 01 	sts	0x0113, r24	; 0x800113 <time_old_10ms>
     5d0:	90 93 14 01 	sts	0x0114, r25	; 0x800114 <time_old_10ms+0x1>
     5d4:	a0 93 15 01 	sts	0x0115, r26	; 0x800115 <time_old_10ms+0x2>
     5d8:	b0 93 16 01 	sts	0x0116, r27	; 0x800116 <time_old_10ms+0x3>
     5dc:	80 91 17 01 	lds	r24, 0x0117	; 0x800117 <time_old_100ms>
			time_old_100ms++;
     5e0:	90 91 18 01 	lds	r25, 0x0118	; 0x800118 <time_old_100ms+0x1>
     5e4:	a0 91 19 01 	lds	r26, 0x0119	; 0x800119 <time_old_100ms+0x2>
     5e8:	b0 91 1a 01 	lds	r27, 0x011A	; 0x80011a <time_old_100ms+0x3>
     5ec:	01 96       	adiw	r24, 0x01	; 1
     5ee:	a1 1d       	adc	r26, r1
     5f0:	b1 1d       	adc	r27, r1
     5f2:	80 93 17 01 	sts	0x0117, r24	; 0x800117 <time_old_100ms>
     5f6:	90 93 18 01 	sts	0x0118, r25	; 0x800118 <time_old_100ms+0x1>
     5fa:	a0 93 19 01 	sts	0x0119, r26	; 0x800119 <time_old_100ms+0x2>
     5fe:	b0 93 1a 01 	sts	0x011A, r27	; 0x80011a <time_old_100ms+0x3>
     602:	80 91 1b 01 	lds	r24, 0x011B	; 0x80011b <time_old_1000ms>
			time_old_1000ms++;
     606:	90 91 1c 01 	lds	r25, 0x011C	; 0x80011c <time_old_1000ms+0x1>
     60a:	a0 91 1d 01 	lds	r26, 0x011D	; 0x80011d <time_old_1000ms+0x2>
     60e:	b0 91 1e 01 	lds	r27, 0x011E	; 0x80011e <time_old_1000ms+0x3>
     612:	01 96       	adiw	r24, 0x01	; 1
     614:	a1 1d       	adc	r26, r1
     616:	b1 1d       	adc	r27, r1
     618:	80 93 1b 01 	sts	0x011B, r24	; 0x80011b <time_old_1000ms>
     61c:	90 93 1c 01 	sts	0x011C, r25	; 0x80011c <time_old_1000ms+0x1>
     620:	a0 93 1d 01 	sts	0x011D, r26	; 0x80011d <time_old_1000ms+0x2>
     624:	b0 93 1e 01 	sts	0x011E, r27	; 0x80011e <time_old_1000ms+0x3>
     628:	b0 dd       	rcall	.-1184   	; 0x18a <adc_start_conversion>
			adc_start_conversion();
     62a:	80 91 2b 01 	lds	r24, 0x012B	; 0x80012b <sys_time>
			
			time_1ms = sys_time;
     62e:	90 91 2c 01 	lds	r25, 0x012C	; 0x80012c <sys_time+0x1>
     632:	a0 91 2d 01 	lds	r26, 0x012D	; 0x80012d <sys_time+0x2>
     636:	b0 91 2e 01 	lds	r27, 0x012E	; 0x80012e <sys_time+0x3>
     63a:	80 93 03 01 	sts	0x0103, r24	; 0x800103 <time_1ms>
     63e:	90 93 04 01 	sts	0x0104, r25	; 0x800104 <time_1ms+0x1>
     642:	a0 93 05 01 	sts	0x0105, r26	; 0x800105 <time_1ms+0x2>
     646:	b0 93 06 01 	sts	0x0106, r27	; 0x800106 <time_1ms+0x3>
     64a:	20 91 2b 01 	lds	r18, 0x012B	; 0x80012b <sys_time>
		} // end of 1ms
		
		if(TIME_PASSED_10_MS)
     64e:	30 91 2c 01 	lds	r19, 0x012C	; 0x80012c <sys_time+0x1>
     652:	40 91 2d 01 	lds	r20, 0x012D	; 0x80012d <sys_time+0x2>
     656:	50 91 2e 01 	lds	r21, 0x012E	; 0x80012e <sys_time+0x3>
     65a:	80 91 07 01 	lds	r24, 0x0107	; 0x800107 <time_10ms>
     65e:	90 91 08 01 	lds	r25, 0x0108	; 0x800108 <time_10ms+0x1>
     662:	a0 91 09 01 	lds	r26, 0x0109	; 0x800109 <time_10ms+0x2>
     666:	b0 91 0a 01 	lds	r27, 0x010A	; 0x80010a <time_10ms+0x3>
     66a:	79 01       	movw	r14, r18
     66c:	8a 01       	movw	r16, r20
     66e:	e8 1a       	sub	r14, r24
     670:	f9 0a       	sbc	r15, r25
     672:	0a 0b       	sbc	r16, r26
     674:	1b 0b       	sbc	r17, r27
     676:	d8 01       	movw	r26, r16
     678:	c7 01       	movw	r24, r14
     67a:	0a 97       	sbiw	r24, 0x0a	; 10
     67c:	a1 05       	cpc	r26, r1
     67e:	b1 05       	cpc	r27, r1
     680:	30 f1       	brcs	.+76     	; 0x6ce <main+0x1bc>
     682:	80 91 00 01 	lds	r24, 0x0100	; 0x800100 <__DATA_REGION_ORIGIN__>
			{				
			if(switchi == 1){
     686:	81 30       	cpi	r24, 0x01	; 1
     688:	79 f4       	brne	.+30     	; 0x6a8 <main+0x196>
     68a:	8e e2       	ldi	r24, 0x2E	; 46
     68c:	90 e0       	ldi	r25, 0x00	; 0
				PORTE &= ~(1<<SS_uC);
     68e:	2e e2       	ldi	r18, 0x2E	; 46
     690:	30 e0       	ldi	r19, 0x00	; 0
     692:	f9 01       	movw	r30, r18
     694:	20 81       	ld	r18, Z
     696:	2b 7f       	andi	r18, 0xFB	; 251
     698:	fc 01       	movw	r30, r24
     69a:	20 83       	st	Z, r18
     69c:	8e e4       	ldi	r24, 0x4E	; 78
     69e:	90 e0       	ldi	r25, 0x00	; 0
				SPDR = 0x22;										// Write the Register will start the conversation
     6a0:	22 e2       	ldi	r18, 0x22	; 34
     6a2:	fc 01       	movw	r30, r24
     6a4:	20 83       	st	Z, r18
     6a6:	03 c0       	rjmp	.+6      	; 0x6ae <main+0x19c>
     6a8:	81 e0       	ldi	r24, 0x01	; 1
     6aa:	80 93 00 01 	sts	0x0100, r24	; 0x800100 <__DATA_REGION_ORIGIN__>
				//SPDR = 0x33;										// Write the Register will start the conversation
				//while(!(SPSR & (1<<SPIF)));
				//PORTE |= (1<<SS_uC);
				//wheelspeed [1] = SPI_Data_Reg;
				
				switchi = 1;
     6ae:	80 91 2b 01 	lds	r24, 0x012B	; 0x80012b <sys_time>
			}
			time_10ms = sys_time;
     6b2:	90 91 2c 01 	lds	r25, 0x012C	; 0x80012c <sys_time+0x1>
     6b6:	a0 91 2d 01 	lds	r26, 0x012D	; 0x80012d <sys_time+0x2>
     6ba:	b0 91 2e 01 	lds	r27, 0x012E	; 0x80012e <sys_time+0x3>
     6be:	80 93 07 01 	sts	0x0107, r24	; 0x800107 <time_10ms>
     6c2:	90 93 08 01 	sts	0x0108, r25	; 0x800108 <time_10ms+0x1>
     6c6:	a0 93 09 01 	sts	0x0109, r26	; 0x800109 <time_10ms+0x2>
     6ca:	b0 93 0a 01 	sts	0x010A, r27	; 0x80010a <time_10ms+0x3>
     6ce:	20 91 2b 01 	lds	r18, 0x012B	; 0x80012b <sys_time>
				
		} // end of 10ms

		if (TIME_PASSED_100_MS)
     6d2:	30 91 2c 01 	lds	r19, 0x012C	; 0x80012c <sys_time+0x1>
     6d6:	40 91 2d 01 	lds	r20, 0x012D	; 0x80012d <sys_time+0x2>
     6da:	50 91 2e 01 	lds	r21, 0x012E	; 0x80012e <sys_time+0x3>
     6de:	80 91 0b 01 	lds	r24, 0x010B	; 0x80010b <time_100ms>
     6e2:	90 91 0c 01 	lds	r25, 0x010C	; 0x80010c <time_100ms+0x1>
     6e6:	a0 91 0d 01 	lds	r26, 0x010D	; 0x80010d <time_100ms+0x2>
     6ea:	b0 91 0e 01 	lds	r27, 0x010E	; 0x80010e <time_100ms+0x3>
     6ee:	79 01       	movw	r14, r18
     6f0:	8a 01       	movw	r16, r20
     6f2:	e8 1a       	sub	r14, r24
     6f4:	f9 0a       	sbc	r15, r25
     6f6:	0a 0b       	sbc	r16, r26
     6f8:	1b 0b       	sbc	r17, r27
     6fa:	d8 01       	movw	r26, r16
     6fc:	c7 01       	movw	r24, r14
     6fe:	84 36       	cpi	r24, 0x64	; 100
     700:	91 05       	cpc	r25, r1
     702:	a1 05       	cpc	r26, r1
     704:	b1 05       	cpc	r27, r1
     706:	08 f4       	brcc	.+2      	; 0x70a <main+0x1f8>
     708:	04 c1       	rjmp	.+520    	; 0x912 <main+0x400>
     70a:	81 e0       	ldi	r24, 0x01	; 1
		{
			SHL0_databytes[0] = ADC2Sensor(adc_get(1),0.5,4.5,100,10,5,10) & 0xff;		//lsb BPS1ADC2Sensor(adc_data_1,1,4.5,100,10,5,10) & 0xff; //lsb BPS1
     70c:	97 dd       	rcall	.-1234   	; 0x23c <adc_get>
     70e:	0f 2e       	mov	r0, r31
     710:	fa e0       	ldi	r31, 0x0A	; 10
     712:	8f 2e       	mov	r8, r31
     714:	91 2c       	mov	r9, r1
     716:	f0 2d       	mov	r31, r0
     718:	0f 2e       	mov	r0, r31
     71a:	f5 e0       	ldi	r31, 0x05	; 5
     71c:	af 2e       	mov	r10, r31
     71e:	f0 2d       	mov	r31, r0
     720:	0f 2e       	mov	r0, r31
     722:	fa e0       	ldi	r31, 0x0A	; 10
     724:	cf 2e       	mov	r12, r31
     726:	d1 2c       	mov	r13, r1
     728:	f0 2d       	mov	r31, r0
     72a:	0f 2e       	mov	r0, r31
     72c:	f4 e6       	ldi	r31, 0x64	; 100
     72e:	ef 2e       	mov	r14, r31
     730:	f0 2d       	mov	r31, r0
     732:	00 e0       	ldi	r16, 0x00	; 0
     734:	10 e0       	ldi	r17, 0x00	; 0
     736:	20 e9       	ldi	r18, 0x90	; 144
     738:	30 e4       	ldi	r19, 0x40	; 64
     73a:	40 e0       	ldi	r20, 0x00	; 0
     73c:	50 e0       	ldi	r21, 0x00	; 0
     73e:	60 e0       	ldi	r22, 0x00	; 0
     740:	7f e3       	ldi	r23, 0x3F	; 63
     742:	16 d1       	rcall	.+556    	; 0x970 <ADC2Sensor>
     744:	8a 87       	std	Y+10, r24	; 0x0a
     746:	81 e0       	ldi	r24, 0x01	; 1
			SHL0_databytes[1] = ADC2Sensor(adc_get(1),0.5,4.5,100,10,5,10) >>8;			//lsb BPS1ADC2Sensor(adc_data_1,1,4.5,100,10,5,10) >>8;//msb BPS1
     748:	79 dd       	rcall	.-1294   	; 0x23c <adc_get>
     74a:	0f 2e       	mov	r0, r31
     74c:	fa e0       	ldi	r31, 0x0A	; 10
     74e:	8f 2e       	mov	r8, r31
     750:	91 2c       	mov	r9, r1
     752:	f0 2d       	mov	r31, r0
     754:	0f 2e       	mov	r0, r31
     756:	f5 e0       	ldi	r31, 0x05	; 5
     758:	af 2e       	mov	r10, r31
     75a:	f0 2d       	mov	r31, r0
     75c:	0f 2e       	mov	r0, r31
     75e:	fa e0       	ldi	r31, 0x0A	; 10
     760:	cf 2e       	mov	r12, r31
     762:	d1 2c       	mov	r13, r1
     764:	f0 2d       	mov	r31, r0
     766:	0f 2e       	mov	r0, r31
     768:	f4 e6       	ldi	r31, 0x64	; 100
     76a:	ef 2e       	mov	r14, r31
     76c:	f0 2d       	mov	r31, r0
     76e:	00 e0       	ldi	r16, 0x00	; 0
     770:	10 e0       	ldi	r17, 0x00	; 0
     772:	20 e9       	ldi	r18, 0x90	; 144
     774:	30 e4       	ldi	r19, 0x40	; 64
     776:	40 e0       	ldi	r20, 0x00	; 0
     778:	50 e0       	ldi	r21, 0x00	; 0
     77a:	60 e0       	ldi	r22, 0x00	; 0
     77c:	7f e3       	ldi	r23, 0x3F	; 63
     77e:	f8 d0       	rcall	.+496    	; 0x970 <ADC2Sensor>
     780:	89 2f       	mov	r24, r25
     782:	99 27       	eor	r25, r25
     784:	8b 87       	std	Y+11, r24	; 0x0b
     786:	80 e0       	ldi	r24, 0x00	; 0
			SHL0_databytes[2] = ADC2Sensor(adc_get(0),0.5,4.5,100,10,5,10) & 0xff;		//lsb BPS1
     788:	59 dd       	rcall	.-1358   	; 0x23c <adc_get>
     78a:	0f 2e       	mov	r0, r31
     78c:	fa e0       	ldi	r31, 0x0A	; 10
     78e:	8f 2e       	mov	r8, r31
     790:	91 2c       	mov	r9, r1
     792:	f0 2d       	mov	r31, r0
     794:	0f 2e       	mov	r0, r31
     796:	f5 e0       	ldi	r31, 0x05	; 5
     798:	af 2e       	mov	r10, r31
     79a:	f0 2d       	mov	r31, r0
     79c:	0f 2e       	mov	r0, r31
     79e:	fa e0       	ldi	r31, 0x0A	; 10
     7a0:	cf 2e       	mov	r12, r31
     7a2:	d1 2c       	mov	r13, r1
     7a4:	f0 2d       	mov	r31, r0
     7a6:	0f 2e       	mov	r0, r31
     7a8:	f4 e6       	ldi	r31, 0x64	; 100
     7aa:	ef 2e       	mov	r14, r31
     7ac:	f0 2d       	mov	r31, r0
     7ae:	00 e0       	ldi	r16, 0x00	; 0
     7b0:	10 e0       	ldi	r17, 0x00	; 0
     7b2:	20 e9       	ldi	r18, 0x90	; 144
     7b4:	30 e4       	ldi	r19, 0x40	; 64
     7b6:	40 e0       	ldi	r20, 0x00	; 0
     7b8:	50 e0       	ldi	r21, 0x00	; 0
     7ba:	60 e0       	ldi	r22, 0x00	; 0
     7bc:	7f e3       	ldi	r23, 0x3F	; 63
     7be:	d8 d0       	rcall	.+432    	; 0x970 <ADC2Sensor>
     7c0:	8c 87       	std	Y+12, r24	; 0x0c
     7c2:	80 e0       	ldi	r24, 0x00	; 0
			SHL0_databytes[3] = ADC2Sensor(adc_get(0),0.5,4.5,100,10,5,10) >>8;			//msb BPS1
     7c4:	3b dd       	rcall	.-1418   	; 0x23c <adc_get>
     7c6:	0f 2e       	mov	r0, r31
     7c8:	fa e0       	ldi	r31, 0x0A	; 10
     7ca:	8f 2e       	mov	r8, r31
     7cc:	91 2c       	mov	r9, r1
     7ce:	f0 2d       	mov	r31, r0
     7d0:	0f 2e       	mov	r0, r31
     7d2:	f5 e0       	ldi	r31, 0x05	; 5
     7d4:	af 2e       	mov	r10, r31
     7d6:	f0 2d       	mov	r31, r0
     7d8:	0f 2e       	mov	r0, r31
     7da:	fa e0       	ldi	r31, 0x0A	; 10
     7dc:	cf 2e       	mov	r12, r31
     7de:	d1 2c       	mov	r13, r1
     7e0:	f0 2d       	mov	r31, r0
     7e2:	0f 2e       	mov	r0, r31
     7e4:	f4 e6       	ldi	r31, 0x64	; 100
     7e6:	ef 2e       	mov	r14, r31
     7e8:	f0 2d       	mov	r31, r0
     7ea:	00 e0       	ldi	r16, 0x00	; 0
     7ec:	10 e0       	ldi	r17, 0x00	; 0
     7ee:	20 e9       	ldi	r18, 0x90	; 144
     7f0:	30 e4       	ldi	r19, 0x40	; 64
     7f2:	40 e0       	ldi	r20, 0x00	; 0
     7f4:	50 e0       	ldi	r21, 0x00	; 0
     7f6:	60 e0       	ldi	r22, 0x00	; 0
     7f8:	7f e3       	ldi	r23, 0x3F	; 63
     7fa:	ba d0       	rcall	.+372    	; 0x970 <ADC2Sensor>
     7fc:	89 2f       	mov	r24, r25
     7fe:	99 27       	eor	r25, r25
     800:	8d 87       	std	Y+13, r24	; 0x0d
     802:	80 91 27 01 	lds	r24, 0x0127	; 0x800127 <wheelspeed>
			SHL0_databytes[4] = wheelspeed[0] & 0xff;									//SPI getter Wheel Speed lsb
     806:	90 91 28 01 	lds	r25, 0x0128	; 0x800128 <wheelspeed+0x1>
     80a:	8e 87       	std	Y+14, r24	; 0x0e
     80c:	80 91 29 01 	lds	r24, 0x0129	; 0x800129 <wheelspeed+0x2>
			SHL0_databytes[5] = (wheelspeed[1]) >> 8;									//SPI getter Wheel Speed msb
     810:	90 91 2a 01 	lds	r25, 0x012A	; 0x80012a <wheelspeed+0x3>
     814:	89 2f       	mov	r24, r25
     816:	99 27       	eor	r25, r25
     818:	8f 87       	std	Y+15, r24	; 0x0f
			SHL0_databytes[6] = 0;														//adc_get(3)		& 0xff	; //lsb SA
			SHL0_databytes[7] = 0;														//(adc_get(3)>>8)	& 0xff	; //msb SA
     81a:	18 8a       	std	Y+16, r1	; 0x10
			
			uint16_t federwegFL =  damper_poti((float)adc_get(2));
     81c:	19 8a       	std	Y+17, r1	; 0x11
     81e:	82 e0       	ldi	r24, 0x02	; 2
     820:	0d dd       	rcall	.-1510   	; 0x23c <adc_get>
     822:	cc 01       	movw	r24, r24
     824:	a0 e0       	ldi	r26, 0x00	; 0
     826:	b0 e0       	ldi	r27, 0x00	; 0
     828:	bc 01       	movw	r22, r24
     82a:	cd 01       	movw	r24, r26
     82c:	40 d3       	rcall	.+1664   	; 0xeae <__floatunsisf>
     82e:	dc 01       	movw	r26, r24
     830:	cb 01       	movw	r24, r22
     832:	bc 01       	movw	r22, r24
     834:	cd 01       	movw	r24, r26
     836:	9d d1       	rcall	.+826    	; 0xb72 <damper_poti>
     838:	dc 01       	movw	r26, r24
     83a:	cb 01       	movw	r24, r22
     83c:	bc 01       	movw	r22, r24
     83e:	cd 01       	movw	r24, r26
     840:	0a d3       	rcall	.+1556   	; 0xe56 <__fixunssfsi>
     842:	dc 01       	movw	r26, r24
     844:	cb 01       	movw	r24, r22
     846:	9a 83       	std	Y+2, r25	; 0x02
			uint16_t federwegFR =  damper_poti((float)adc_get(3));
     848:	89 83       	std	Y+1, r24	; 0x01
     84a:	83 e0       	ldi	r24, 0x03	; 3
     84c:	f7 dc       	rcall	.-1554   	; 0x23c <adc_get>
     84e:	cc 01       	movw	r24, r24
     850:	a0 e0       	ldi	r26, 0x00	; 0
     852:	b0 e0       	ldi	r27, 0x00	; 0
     854:	bc 01       	movw	r22, r24
     856:	cd 01       	movw	r24, r26
     858:	2a d3       	rcall	.+1620   	; 0xeae <__floatunsisf>
     85a:	dc 01       	movw	r26, r24
     85c:	cb 01       	movw	r24, r22
     85e:	bc 01       	movw	r22, r24
     860:	cd 01       	movw	r24, r26
     862:	87 d1       	rcall	.+782    	; 0xb72 <damper_poti>
     864:	dc 01       	movw	r26, r24
     866:	cb 01       	movw	r24, r22
     868:	bc 01       	movw	r22, r24
     86a:	cd 01       	movw	r24, r26
     86c:	f4 d2       	rcall	.+1512   	; 0xe56 <__fixunssfsi>
     86e:	dc 01       	movw	r26, r24
     870:	cb 01       	movw	r24, r22
     872:	9c 83       	std	Y+4, r25	; 0x04
     874:	8b 83       	std	Y+3, r24	; 0x03
     876:	89 81       	ldd	r24, Y+1	; 0x01
     878:	8f 8b       	std	Y+23, r24	; 0x17
     87a:	89 81       	ldd	r24, Y+1	; 0x01
			
			SHL1_databytes[0] = (uint16_t) federwegFL;
     87c:	9a 81       	ldd	r25, Y+2	; 0x02
     87e:	89 2f       	mov	r24, r25
			SHL1_databytes[1] = ((uint16_t) federwegFL)>>8;								//DPRL
     880:	99 27       	eor	r25, r25
     882:	88 8f       	std	Y+24, r24	; 0x18
     884:	8b 81       	ldd	r24, Y+3	; 0x03
     886:	89 8f       	std	Y+25, r24	; 0x19
			SHL1_databytes[2] = (uint16_t) federwegFR;
     888:	8b 81       	ldd	r24, Y+3	; 0x03
     88a:	9c 81       	ldd	r25, Y+4	; 0x04
			SHL1_databytes[3] = ((uint16_t) federwegFR)>>8;								//DPRR;
     88c:	89 2f       	mov	r24, r25
     88e:	99 27       	eor	r25, r25
     890:	8a 8f       	std	Y+26, r24	; 0x1a
     892:	1b 8e       	std	Y+27, r1	; 0x1b
			SHL1_databytes[4] = 0;
     894:	1c 8e       	std	Y+28, r1	; 0x1c
			SHL1_databytes[5] = 0;
     896:	1d 8e       	std	Y+29, r1	; 0x1d
			SHL1_databytes[6] = 0;
     898:	1e 8e       	std	Y+30, r1	; 0x1e
			SHL1_databytes[7] = 0;
     89a:	9e 01       	movw	r18, r28
			
			can_tx(&can_SHL0_mob, SHL0_databytes);
     89c:	26 5f       	subi	r18, 0xF6	; 246
     89e:	3f 4f       	sbci	r19, 0xFF	; 255
     8a0:	ce 01       	movw	r24, r28
     8a2:	05 96       	adiw	r24, 0x05	; 5
     8a4:	b9 01       	movw	r22, r18
     8a6:	a2 dd       	rcall	.-1212   	; 0x3ec <can_tx>
     8a8:	9e 01       	movw	r18, r28
     8aa:	29 5e       	subi	r18, 0xE9	; 233
			can_tx(&can_SHL1_mob, SHL1_databytes);
     8ac:	3f 4f       	sbci	r19, 0xFF	; 255
     8ae:	ce 01       	movw	r24, r28
     8b0:	42 96       	adiw	r24, 0x12	; 18
     8b2:	b9 01       	movw	r22, r18
     8b4:	9b dd       	rcall	.-1226   	; 0x3ec <can_tx>
     8b6:	80 91 01 01 	lds	r24, 0x0101	; 0x800101 <i>
     8ba:	81 30       	cpi	r24, 0x01	; 1
			
			if(i == 1){
     8bc:	69 f4       	brne	.+26     	; 0x8d8 <main+0x3c6>
     8be:	88 e2       	ldi	r24, 0x28	; 40
     8c0:	90 e0       	ldi	r25, 0x00	; 0
     8c2:	28 e2       	ldi	r18, 0x28	; 40
				PORTC ^= (1<<PC2);
     8c4:	30 e0       	ldi	r19, 0x00	; 0
     8c6:	f9 01       	movw	r30, r18
     8c8:	30 81       	ld	r19, Z
     8ca:	24 e0       	ldi	r18, 0x04	; 4
     8cc:	23 27       	eor	r18, r19
     8ce:	fc 01       	movw	r30, r24
     8d0:	20 83       	st	Z, r18
     8d2:	10 92 01 01 	sts	0x0101, r1	; 0x800101 <i>
     8d6:	0d c0       	rjmp	.+26     	; 0x8f2 <main+0x3e0>
				i = 0;
     8d8:	88 e2       	ldi	r24, 0x28	; 40
     8da:	90 e0       	ldi	r25, 0x00	; 0
     8dc:	28 e2       	ldi	r18, 0x28	; 40
			}else{
				PORTC ^= (1<<PC0);														// foult just for fun
     8de:	30 e0       	ldi	r19, 0x00	; 0
     8e0:	f9 01       	movw	r30, r18
     8e2:	30 81       	ld	r19, Z
     8e4:	21 e0       	ldi	r18, 0x01	; 1
     8e6:	23 27       	eor	r18, r19
     8e8:	fc 01       	movw	r30, r24
     8ea:	20 83       	st	Z, r18
     8ec:	81 e0       	ldi	r24, 0x01	; 1
     8ee:	80 93 01 01 	sts	0x0101, r24	; 0x800101 <i>
				i = 1;
     8f2:	80 91 2b 01 	lds	r24, 0x012B	; 0x80012b <sys_time>
     8f6:	90 91 2c 01 	lds	r25, 0x012C	; 0x80012c <sys_time+0x1>
			}
			
			time_100ms = sys_time;
     8fa:	a0 91 2d 01 	lds	r26, 0x012D	; 0x80012d <sys_time+0x2>
     8fe:	b0 91 2e 01 	lds	r27, 0x012E	; 0x80012e <sys_time+0x3>
     902:	80 93 0b 01 	sts	0x010B, r24	; 0x80010b <time_100ms>
     906:	90 93 0c 01 	sts	0x010C, r25	; 0x80010c <time_100ms+0x1>
     90a:	a0 93 0d 01 	sts	0x010D, r26	; 0x80010d <time_100ms+0x2>
     90e:	b0 93 0e 01 	sts	0x010E, r27	; 0x80010e <time_100ms+0x3>
     912:	20 91 2b 01 	lds	r18, 0x012B	; 0x80012b <sys_time>
     916:	30 91 2c 01 	lds	r19, 0x012C	; 0x80012c <sys_time+0x1>
		} // end of 100ms
	
		if (TIME_PASSED_200_MS)
     91a:	40 91 2d 01 	lds	r20, 0x012D	; 0x80012d <sys_time+0x2>
     91e:	50 91 2e 01 	lds	r21, 0x012E	; 0x80012e <sys_time+0x3>
     922:	80 91 0f 01 	lds	r24, 0x010F	; 0x80010f <time_200ms>
     926:	90 91 10 01 	lds	r25, 0x0110	; 0x800110 <time_200ms+0x1>
     92a:	a0 91 11 01 	lds	r26, 0x0111	; 0x800111 <time_200ms+0x2>
     92e:	b0 91 12 01 	lds	r27, 0x0112	; 0x800112 <time_200ms+0x3>
     932:	79 01       	movw	r14, r18
     934:	8a 01       	movw	r16, r20
     936:	e8 1a       	sub	r14, r24
     938:	f9 0a       	sbc	r15, r25
     93a:	0a 0b       	sbc	r16, r26
     93c:	1b 0b       	sbc	r17, r27
     93e:	d8 01       	movw	r26, r16
     940:	c7 01       	movw	r24, r14
     942:	88 3c       	cpi	r24, 0xC8	; 200
     944:	91 05       	cpc	r25, r1
     946:	a1 05       	cpc	r26, r1
     948:	b1 05       	cpc	r27, r1
     94a:	08 f4       	brcc	.+2      	; 0x94e <main+0x43c>
     94c:	1e ce       	rjmp	.-964    	; 0x58a <main+0x78>
     94e:	80 91 2b 01 	lds	r24, 0x012B	; 0x80012b <sys_time>
     952:	90 91 2c 01 	lds	r25, 0x012C	; 0x80012c <sys_time+0x1>
		{
			
			time_200ms = sys_time;
     956:	a0 91 2d 01 	lds	r26, 0x012D	; 0x80012d <sys_time+0x2>
     95a:	b0 91 2e 01 	lds	r27, 0x012E	; 0x80012e <sys_time+0x3>
     95e:	80 93 0f 01 	sts	0x010F, r24	; 0x80010f <time_200ms>
     962:	90 93 10 01 	sts	0x0110, r25	; 0x800110 <time_200ms+0x1>
     966:	a0 93 11 01 	sts	0x0111, r26	; 0x800111 <time_200ms+0x2>
     96a:	b0 93 12 01 	sts	0x0112, r27	; 0x800112 <time_200ms+0x3>
     96e:	0d ce       	rjmp	.-998    	; 0x58a <main+0x78>

00000970 <ADC2Sensor>:

#include "sensor_function.h"
#include <avr/io.h>
#include <math.h>

uint16_t ADC2Sensor(uint16_t data, float start_Volt, float end_Volt, uint8_t sensor_max, uint16_t ADC_bit, uint8_t ADC_Volt, uint16_t precision){
     970:	8f 92       	push	r8
     972:	9f 92       	push	r9
     974:	af 92       	push	r10
     976:	cf 92       	push	r12
     978:	df 92       	push	r13
     97a:	ef 92       	push	r14
     97c:	ff 92       	push	r15
     97e:	0f 93       	push	r16
     980:	1f 93       	push	r17
     982:	cf 93       	push	r28
     984:	df 93       	push	r29
     986:	cd b7       	in	r28, 0x3d	; 61
     988:	de b7       	in	r29, 0x3e	; 62
     98a:	6e 97       	sbiw	r28, 0x1e	; 30
     98c:	0f b6       	in	r0, 0x3f	; 63
     98e:	f8 94       	cli
     990:	de bf       	out	0x3e, r29	; 62
     992:	0f be       	out	0x3f, r0	; 63
     994:	cd bf       	out	0x3d, r28	; 61
     996:	98 8b       	std	Y+16, r25	; 0x10
     998:	8f 87       	std	Y+15, r24	; 0x0f
     99a:	49 8b       	std	Y+17, r20	; 0x11
     99c:	5a 8b       	std	Y+18, r21	; 0x12
     99e:	6b 8b       	std	Y+19, r22	; 0x13
     9a0:	7c 8b       	std	Y+20, r23	; 0x14
     9a2:	0d 8b       	std	Y+21, r16	; 0x15
     9a4:	1e 8b       	std	Y+22, r17	; 0x16
     9a6:	2f 8b       	std	Y+23, r18	; 0x17
     9a8:	38 8f       	std	Y+24, r19	; 0x18
     9aa:	e9 8e       	std	Y+25, r14	; 0x19
     9ac:	db 8e       	std	Y+27, r13	; 0x1b
     9ae:	ca 8e       	std	Y+26, r12	; 0x1a
     9b0:	ac 8e       	std	Y+28, r10	; 0x1c
     9b2:	9e 8e       	std	Y+30, r9	; 0x1e
     9b4:	8d 8e       	std	Y+29, r8	; 0x1d
	uint16_t start_ADC = (pow(2,ADC_bit))/ADC_Volt*start_Volt;
     9b6:	8a 8d       	ldd	r24, Y+26	; 0x1a
     9b8:	9b 8d       	ldd	r25, Y+27	; 0x1b
     9ba:	cc 01       	movw	r24, r24
     9bc:	a0 e0       	ldi	r26, 0x00	; 0
     9be:	b0 e0       	ldi	r27, 0x00	; 0
     9c0:	bc 01       	movw	r22, r24
     9c2:	cd 01       	movw	r24, r26
     9c4:	74 d2       	rcall	.+1256   	; 0xeae <__floatunsisf>
     9c6:	dc 01       	movw	r26, r24
     9c8:	cb 01       	movw	r24, r22
     9ca:	9c 01       	movw	r18, r24
     9cc:	ad 01       	movw	r20, r26
     9ce:	60 e0       	ldi	r22, 0x00	; 0
     9d0:	70 e0       	ldi	r23, 0x00	; 0
     9d2:	80 e0       	ldi	r24, 0x00	; 0
     9d4:	90 e4       	ldi	r25, 0x40	; 64
     9d6:	5c d3       	rcall	.+1720   	; 0x1090 <pow>
     9d8:	6b 01       	movw	r12, r22
     9da:	7c 01       	movw	r14, r24
     9dc:	8c 8d       	ldd	r24, Y+28	; 0x1c
     9de:	88 2f       	mov	r24, r24
     9e0:	90 e0       	ldi	r25, 0x00	; 0
     9e2:	09 2e       	mov	r0, r25
     9e4:	00 0c       	add	r0, r0
     9e6:	aa 0b       	sbc	r26, r26
     9e8:	bb 0b       	sbc	r27, r27
     9ea:	bc 01       	movw	r22, r24
     9ec:	cd 01       	movw	r24, r26
     9ee:	61 d2       	rcall	.+1218   	; 0xeb2 <__floatsisf>
     9f0:	dc 01       	movw	r26, r24
     9f2:	cb 01       	movw	r24, r22
     9f4:	9c 01       	movw	r18, r24
     9f6:	ad 01       	movw	r20, r26
     9f8:	c7 01       	movw	r24, r14
     9fa:	b6 01       	movw	r22, r12
     9fc:	c4 d1       	rcall	.+904    	; 0xd86 <__divsf3>
     9fe:	dc 01       	movw	r26, r24
     a00:	cb 01       	movw	r24, r22
     a02:	29 89       	ldd	r18, Y+17	; 0x11
     a04:	3a 89       	ldd	r19, Y+18	; 0x12
     a06:	4b 89       	ldd	r20, Y+19	; 0x13
     a08:	5c 89       	ldd	r21, Y+20	; 0x14
     a0a:	bc 01       	movw	r22, r24
     a0c:	cd 01       	movw	r24, r26
     a0e:	dd d2       	rcall	.+1466   	; 0xfca <__mulsf3>
     a10:	dc 01       	movw	r26, r24
     a12:	cb 01       	movw	r24, r22
     a14:	bc 01       	movw	r22, r24
     a16:	cd 01       	movw	r24, r26
     a18:	1e d2       	rcall	.+1084   	; 0xe56 <__fixunssfsi>
     a1a:	dc 01       	movw	r26, r24
     a1c:	cb 01       	movw	r24, r22
     a1e:	9c 83       	std	Y+4, r25	; 0x04
     a20:	8b 83       	std	Y+3, r24	; 0x03
	uint16_t end_ADC = (pow(2,ADC_bit))/ADC_Volt*end_Volt ;
     a22:	8a 8d       	ldd	r24, Y+26	; 0x1a
     a24:	9b 8d       	ldd	r25, Y+27	; 0x1b
     a26:	cc 01       	movw	r24, r24
     a28:	a0 e0       	ldi	r26, 0x00	; 0
     a2a:	b0 e0       	ldi	r27, 0x00	; 0
     a2c:	bc 01       	movw	r22, r24
     a2e:	cd 01       	movw	r24, r26
     a30:	3e d2       	rcall	.+1148   	; 0xeae <__floatunsisf>
     a32:	dc 01       	movw	r26, r24
     a34:	cb 01       	movw	r24, r22
     a36:	9c 01       	movw	r18, r24
     a38:	ad 01       	movw	r20, r26
     a3a:	60 e0       	ldi	r22, 0x00	; 0
     a3c:	70 e0       	ldi	r23, 0x00	; 0
     a3e:	80 e0       	ldi	r24, 0x00	; 0
     a40:	90 e4       	ldi	r25, 0x40	; 64
     a42:	26 d3       	rcall	.+1612   	; 0x1090 <pow>
     a44:	6b 01       	movw	r12, r22
     a46:	7c 01       	movw	r14, r24
     a48:	8c 8d       	ldd	r24, Y+28	; 0x1c
     a4a:	88 2f       	mov	r24, r24
     a4c:	90 e0       	ldi	r25, 0x00	; 0
     a4e:	09 2e       	mov	r0, r25
     a50:	00 0c       	add	r0, r0
     a52:	aa 0b       	sbc	r26, r26
     a54:	bb 0b       	sbc	r27, r27
     a56:	bc 01       	movw	r22, r24
     a58:	cd 01       	movw	r24, r26
     a5a:	2b d2       	rcall	.+1110   	; 0xeb2 <__floatsisf>
     a5c:	dc 01       	movw	r26, r24
     a5e:	cb 01       	movw	r24, r22
     a60:	9c 01       	movw	r18, r24
     a62:	ad 01       	movw	r20, r26
     a64:	c7 01       	movw	r24, r14
     a66:	b6 01       	movw	r22, r12
     a68:	8e d1       	rcall	.+796    	; 0xd86 <__divsf3>
     a6a:	dc 01       	movw	r26, r24
     a6c:	cb 01       	movw	r24, r22
     a6e:	2d 89       	ldd	r18, Y+21	; 0x15
     a70:	3e 89       	ldd	r19, Y+22	; 0x16
     a72:	4f 89       	ldd	r20, Y+23	; 0x17
     a74:	58 8d       	ldd	r21, Y+24	; 0x18
     a76:	bc 01       	movw	r22, r24
     a78:	cd 01       	movw	r24, r26
     a7a:	a7 d2       	rcall	.+1358   	; 0xfca <__mulsf3>
     a7c:	dc 01       	movw	r26, r24
     a7e:	cb 01       	movw	r24, r22
     a80:	bc 01       	movw	r22, r24
     a82:	cd 01       	movw	r24, r26
     a84:	e8 d1       	rcall	.+976    	; 0xe56 <__fixunssfsi>
     a86:	dc 01       	movw	r26, r24
     a88:	cb 01       	movw	r24, r22
     a8a:	9e 83       	std	Y+6, r25	; 0x06
     a8c:	8d 83       	std	Y+5, r24	; 0x05
	float ADC_range = end_ADC - start_ADC;
     a8e:	2d 81       	ldd	r18, Y+5	; 0x05
     a90:	3e 81       	ldd	r19, Y+6	; 0x06
     a92:	8b 81       	ldd	r24, Y+3	; 0x03
     a94:	9c 81       	ldd	r25, Y+4	; 0x04
     a96:	a9 01       	movw	r20, r18
     a98:	48 1b       	sub	r20, r24
     a9a:	59 0b       	sbc	r21, r25
     a9c:	ca 01       	movw	r24, r20
     a9e:	cc 01       	movw	r24, r24
     aa0:	a0 e0       	ldi	r26, 0x00	; 0
     aa2:	b0 e0       	ldi	r27, 0x00	; 0
     aa4:	bc 01       	movw	r22, r24
     aa6:	cd 01       	movw	r24, r26
     aa8:	02 d2       	rcall	.+1028   	; 0xeae <__floatunsisf>
     aaa:	dc 01       	movw	r26, r24
     aac:	cb 01       	movw	r24, r22
     aae:	8f 83       	std	Y+7, r24	; 0x07
     ab0:	98 87       	std	Y+8, r25	; 0x08
     ab2:	a9 87       	std	Y+9, r26	; 0x09
	float sensor_factor = sensor_max/ADC_range;
     ab4:	ba 87       	std	Y+10, r27	; 0x0a
     ab6:	89 8d       	ldd	r24, Y+25	; 0x19
     ab8:	88 2f       	mov	r24, r24
     aba:	90 e0       	ldi	r25, 0x00	; 0
     abc:	09 2e       	mov	r0, r25
     abe:	00 0c       	add	r0, r0
     ac0:	aa 0b       	sbc	r26, r26
     ac2:	bb 0b       	sbc	r27, r27
     ac4:	bc 01       	movw	r22, r24
     ac6:	cd 01       	movw	r24, r26
     ac8:	f4 d1       	rcall	.+1000   	; 0xeb2 <__floatsisf>
     aca:	dc 01       	movw	r26, r24
     acc:	cb 01       	movw	r24, r22
     ace:	2f 81       	ldd	r18, Y+7	; 0x07
     ad0:	38 85       	ldd	r19, Y+8	; 0x08
     ad2:	49 85       	ldd	r20, Y+9	; 0x09
     ad4:	5a 85       	ldd	r21, Y+10	; 0x0a
     ad6:	bc 01       	movw	r22, r24
     ad8:	cd 01       	movw	r24, r26
     ada:	55 d1       	rcall	.+682    	; 0xd86 <__divsf3>
     adc:	dc 01       	movw	r26, r24
     ade:	cb 01       	movw	r24, r22
     ae0:	8b 87       	std	Y+11, r24	; 0x0b
     ae2:	9c 87       	std	Y+12, r25	; 0x0c
     ae4:	ad 87       	std	Y+13, r26	; 0x0d
     ae6:	be 87       	std	Y+14, r27	; 0x0e
	uint16_t Sensor_Data = (data-start_ADC)*precision*sensor_factor;
     ae8:	2f 85       	ldd	r18, Y+15	; 0x0f
     aea:	38 89       	ldd	r19, Y+16	; 0x10
     aec:	8b 81       	ldd	r24, Y+3	; 0x03
     aee:	9c 81       	ldd	r25, Y+4	; 0x04
     af0:	a9 01       	movw	r20, r18
     af2:	48 1b       	sub	r20, r24
     af4:	59 0b       	sbc	r21, r25
     af6:	2d 8d       	ldd	r18, Y+29	; 0x1d
     af8:	3e 8d       	ldd	r19, Y+30	; 0x1e
     afa:	42 9f       	mul	r20, r18
     afc:	c0 01       	movw	r24, r0
     afe:	43 9f       	mul	r20, r19
     b00:	90 0d       	add	r25, r0
     b02:	52 9f       	mul	r21, r18
     b04:	90 0d       	add	r25, r0
     b06:	11 24       	eor	r1, r1
     b08:	cc 01       	movw	r24, r24
     b0a:	a0 e0       	ldi	r26, 0x00	; 0
     b0c:	b0 e0       	ldi	r27, 0x00	; 0
     b0e:	bc 01       	movw	r22, r24
     b10:	cd 01       	movw	r24, r26
     b12:	cd d1       	rcall	.+922    	; 0xeae <__floatunsisf>
     b14:	dc 01       	movw	r26, r24
     b16:	cb 01       	movw	r24, r22
     b18:	2b 85       	ldd	r18, Y+11	; 0x0b
     b1a:	3c 85       	ldd	r19, Y+12	; 0x0c
     b1c:	4d 85       	ldd	r20, Y+13	; 0x0d
     b1e:	5e 85       	ldd	r21, Y+14	; 0x0e
     b20:	bc 01       	movw	r22, r24
     b22:	cd 01       	movw	r24, r26
     b24:	52 d2       	rcall	.+1188   	; 0xfca <__mulsf3>
     b26:	dc 01       	movw	r26, r24
     b28:	cb 01       	movw	r24, r22
     b2a:	bc 01       	movw	r22, r24
     b2c:	cd 01       	movw	r24, r26
     b2e:	93 d1       	rcall	.+806    	; 0xe56 <__fixunssfsi>
     b30:	dc 01       	movw	r26, r24
     b32:	cb 01       	movw	r24, r22
     b34:	9a 83       	std	Y+2, r25	; 0x02
     b36:	89 83       	std	Y+1, r24	; 0x01
	if (data<start_ADC){//Set sensor value to zero if below the ADC Threshold
     b38:	2f 85       	ldd	r18, Y+15	; 0x0f
     b3a:	38 89       	ldd	r19, Y+16	; 0x10
     b3c:	8b 81       	ldd	r24, Y+3	; 0x03
     b3e:	9c 81       	ldd	r25, Y+4	; 0x04
     b40:	28 17       	cp	r18, r24
     b42:	39 07       	cpc	r19, r25
     b44:	10 f4       	brcc	.+4      	; 0xb4a <ADC2Sensor+0x1da>
		Sensor_Data = 0;
     b46:	1a 82       	std	Y+2, r1	; 0x02
     b48:	19 82       	std	Y+1, r1	; 0x01
	}
	return Sensor_Data;
     b4a:	89 81       	ldd	r24, Y+1	; 0x01
     b4c:	9a 81       	ldd	r25, Y+2	; 0x02
}
     b4e:	6e 96       	adiw	r28, 0x1e	; 30
     b50:	0f b6       	in	r0, 0x3f	; 63
     b52:	f8 94       	cli
     b54:	de bf       	out	0x3e, r29	; 62
     b56:	0f be       	out	0x3f, r0	; 63
     b58:	cd bf       	out	0x3d, r28	; 61
     b5a:	df 91       	pop	r29
     b5c:	cf 91       	pop	r28
     b5e:	1f 91       	pop	r17
     b60:	0f 91       	pop	r16
     b62:	ff 90       	pop	r15
     b64:	ef 90       	pop	r14
     b66:	df 90       	pop	r13
     b68:	cf 90       	pop	r12
     b6a:	af 90       	pop	r10
     b6c:	9f 90       	pop	r9
     b6e:	8f 90       	pop	r8
     b70:	08 95       	ret

00000b72 <damper_poti>:

double damper_poti(double dp_adc){
     b72:	cf 93       	push	r28
     b74:	df 93       	push	r29
     b76:	cd b7       	in	r28, 0x3d	; 61
     b78:	de b7       	in	r29, 0x3e	; 62
     b7a:	28 97       	sbiw	r28, 0x08	; 8
     b7c:	0f b6       	in	r0, 0x3f	; 63
     b7e:	f8 94       	cli
     b80:	de bf       	out	0x3e, r29	; 62
     b82:	0f be       	out	0x3f, r0	; 63
     b84:	cd bf       	out	0x3d, r28	; 61
     b86:	6d 83       	std	Y+5, r22	; 0x05
     b88:	7e 83       	std	Y+6, r23	; 0x06
     b8a:	8f 83       	std	Y+7, r24	; 0x07
     b8c:	98 87       	std	Y+8, r25	; 0x08
	double travel =0;
     b8e:	19 82       	std	Y+1, r1	; 0x01
     b90:	1a 82       	std	Y+2, r1	; 0x02
     b92:	1b 82       	std	Y+3, r1	; 0x03
     b94:	1c 82       	std	Y+4, r1	; 0x04
	
	travel = (80*dp_adc)/1024;
     b96:	20 e0       	ldi	r18, 0x00	; 0
     b98:	30 e0       	ldi	r19, 0x00	; 0
     b9a:	40 ea       	ldi	r20, 0xA0	; 160
     b9c:	52 e4       	ldi	r21, 0x42	; 66
     b9e:	6d 81       	ldd	r22, Y+5	; 0x05
     ba0:	7e 81       	ldd	r23, Y+6	; 0x06
     ba2:	8f 81       	ldd	r24, Y+7	; 0x07
     ba4:	98 85       	ldd	r25, Y+8	; 0x08
     ba6:	11 d2       	rcall	.+1058   	; 0xfca <__mulsf3>
     ba8:	dc 01       	movw	r26, r24
     baa:	cb 01       	movw	r24, r22
     bac:	20 e0       	ldi	r18, 0x00	; 0
     bae:	30 e0       	ldi	r19, 0x00	; 0
     bb0:	40 e8       	ldi	r20, 0x80	; 128
     bb2:	54 e4       	ldi	r21, 0x44	; 68
     bb4:	bc 01       	movw	r22, r24
     bb6:	cd 01       	movw	r24, r26
     bb8:	e6 d0       	rcall	.+460    	; 0xd86 <__divsf3>
     bba:	dc 01       	movw	r26, r24
     bbc:	cb 01       	movw	r24, r22
     bbe:	89 83       	std	Y+1, r24	; 0x01
     bc0:	9a 83       	std	Y+2, r25	; 0x02
     bc2:	ab 83       	std	Y+3, r26	; 0x03
     bc4:	bc 83       	std	Y+4, r27	; 0x04
	
	return travel; //in mm from 0-80
     bc6:	89 81       	ldd	r24, Y+1	; 0x01
     bc8:	9a 81       	ldd	r25, Y+2	; 0x02
     bca:	ab 81       	ldd	r26, Y+3	; 0x03
     bcc:	bc 81       	ldd	r27, Y+4	; 0x04
     bce:	bc 01       	movw	r22, r24
     bd0:	cd 01       	movw	r24, r26
     bd2:	28 96       	adiw	r28, 0x08	; 8
     bd4:	0f b6       	in	r0, 0x3f	; 63
     bd6:	f8 94       	cli
     bd8:	de bf       	out	0x3e, r29	; 62
     bda:	0f be       	out	0x3f, r0	; 63
     bdc:	cd bf       	out	0x3d, r28	; 61
     bde:	df 91       	pop	r29
     be0:	cf 91       	pop	r28
     be2:	08 95       	ret

00000be4 <SPI_MasterInit>:
{
	/* Wait for reception complete */
	while(!(SPI_Status_Reg & (1<<SPI_Interrupt_Flag)));
	/* Return data register */
	return SPI_Data_Reg;
}
     be4:	cf 93       	push	r28
     be6:	df 93       	push	r29
     be8:	cd b7       	in	r28, 0x3d	; 61
     bea:	de b7       	in	r29, 0x3e	; 62
     bec:	84 e2       	ldi	r24, 0x24	; 36
     bee:	90 e0       	ldi	r25, 0x00	; 0
     bf0:	24 e2       	ldi	r18, 0x24	; 36
     bf2:	30 e0       	ldi	r19, 0x00	; 0
     bf4:	f9 01       	movw	r30, r18
     bf6:	20 81       	ld	r18, Z
     bf8:	26 60       	ori	r18, 0x06	; 6
     bfa:	fc 01       	movw	r30, r24
     bfc:	20 83       	st	Z, r18
     bfe:	8d e2       	ldi	r24, 0x2D	; 45
     c00:	90 e0       	ldi	r25, 0x00	; 0
     c02:	2d e2       	ldi	r18, 0x2D	; 45
     c04:	30 e0       	ldi	r19, 0x00	; 0
     c06:	f9 01       	movw	r30, r18
     c08:	20 81       	ld	r18, Z
     c0a:	27 60       	ori	r18, 0x07	; 7
     c0c:	fc 01       	movw	r30, r24
     c0e:	20 83       	st	Z, r18
     c10:	84 e2       	ldi	r24, 0x24	; 36
     c12:	90 e0       	ldi	r25, 0x00	; 0
     c14:	24 e2       	ldi	r18, 0x24	; 36
     c16:	30 e0       	ldi	r19, 0x00	; 0
     c18:	f9 01       	movw	r30, r18
     c1a:	20 81       	ld	r18, Z
     c1c:	27 7f       	andi	r18, 0xF7	; 247
     c1e:	fc 01       	movw	r30, r24
     c20:	20 83       	st	Z, r18
     c22:	8c e4       	ldi	r24, 0x4C	; 76
     c24:	90 e0       	ldi	r25, 0x00	; 0
     c26:	2c e4       	ldi	r18, 0x4C	; 76
     c28:	30 e0       	ldi	r19, 0x00	; 0
     c2a:	f9 01       	movw	r30, r18
     c2c:	20 81       	ld	r18, Z
     c2e:	22 6d       	ori	r18, 0xD2	; 210
     c30:	fc 01       	movw	r30, r24
     c32:	20 83       	st	Z, r18
     c34:	8e e2       	ldi	r24, 0x2E	; 46
     c36:	90 e0       	ldi	r25, 0x00	; 0
     c38:	2e e2       	ldi	r18, 0x2E	; 46
     c3a:	30 e0       	ldi	r19, 0x00	; 0
     c3c:	f9 01       	movw	r30, r18
     c3e:	20 81       	ld	r18, Z
     c40:	27 60       	ori	r18, 0x07	; 7
     c42:	fc 01       	movw	r30, r24
     c44:	20 83       	st	Z, r18
     c46:	00 00       	nop
     c48:	df 91       	pop	r29
     c4a:	cf 91       	pop	r28
     c4c:	08 95       	ret

00000c4e <__vector_20>:

ISR(SPI_STC_vect)
{
     c4e:	1f 92       	push	r1
     c50:	0f 92       	push	r0
     c52:	00 90 5f 00 	lds	r0, 0x005F	; 0x80005f <__TEXT_REGION_LENGTH__+0x7e005f>
     c56:	0f 92       	push	r0
     c58:	11 24       	eor	r1, r1
     c5a:	00 90 5b 00 	lds	r0, 0x005B	; 0x80005b <__TEXT_REGION_LENGTH__+0x7e005b>
     c5e:	0f 92       	push	r0
     c60:	2f 93       	push	r18
     c62:	3f 93       	push	r19
     c64:	8f 93       	push	r24
     c66:	9f 93       	push	r25
     c68:	ef 93       	push	r30
     c6a:	ff 93       	push	r31
     c6c:	cf 93       	push	r28
     c6e:	df 93       	push	r29
     c70:	cd b7       	in	r28, 0x3d	; 61
     c72:	de b7       	in	r29, 0x3e	; 62
	PORTE |= (1<<SS_uC);
     c74:	8e e2       	ldi	r24, 0x2E	; 46
     c76:	90 e0       	ldi	r25, 0x00	; 0
     c78:	2e e2       	ldi	r18, 0x2E	; 46
     c7a:	30 e0       	ldi	r19, 0x00	; 0
     c7c:	f9 01       	movw	r30, r18
     c7e:	20 81       	ld	r18, Z
     c80:	24 60       	ori	r18, 0x04	; 4
     c82:	fc 01       	movw	r30, r24
     c84:	20 83       	st	Z, r18
	wheelspeed = SPI_Data_Reg;
     c86:	8e e4       	ldi	r24, 0x4E	; 78
     c88:	90 e0       	ldi	r25, 0x00	; 0
     c8a:	fc 01       	movw	r30, r24
     c8c:	80 81       	ld	r24, Z
     c8e:	80 93 27 01 	sts	0x0127, r24	; 0x800127 <wheelspeed>
     c92:	00 00       	nop
     c94:	df 91       	pop	r29
     c96:	cf 91       	pop	r28
     c98:	ff 91       	pop	r31
     c9a:	ef 91       	pop	r30
     c9c:	9f 91       	pop	r25
     c9e:	8f 91       	pop	r24
     ca0:	3f 91       	pop	r19
     ca2:	2f 91       	pop	r18
     ca4:	0f 90       	pop	r0
     ca6:	00 92 5b 00 	sts	0x005B, r0	; 0x80005b <__TEXT_REGION_LENGTH__+0x7e005b>
     caa:	0f 90       	pop	r0
     cac:	00 92 5f 00 	sts	0x005F, r0	; 0x80005f <__TEXT_REGION_LENGTH__+0x7e005f>
     cb0:	0f 90       	pop	r0
     cb2:	1f 90       	pop	r1
     cb4:	18 95       	reti

00000cb6 <port_config>:
volatile unsigned long sys_time;

/*	FUNCTIONS	*/

void port_config(void)
{
     cb6:	cf 93       	push	r28
     cb8:	df 93       	push	r29
     cba:	cd b7       	in	r28, 0x3d	; 61
     cbc:	de b7       	in	r29, 0x3e	; 62
	//Fault-LED, Heart-LED
	DDRC |= (1<<PC0) | (1<<PC2);
     cbe:	87 e2       	ldi	r24, 0x27	; 39
     cc0:	90 e0       	ldi	r25, 0x00	; 0
     cc2:	27 e2       	ldi	r18, 0x27	; 39
     cc4:	30 e0       	ldi	r19, 0x00	; 0
     cc6:	f9 01       	movw	r30, r18
     cc8:	20 81       	ld	r18, Z
     cca:	25 60       	ori	r18, 0x05	; 5
     ccc:	fc 01       	movw	r30, r24
     cce:	20 83       	st	Z, r18
	//CS-TYPK1, CS-TYPK2
	DDRE |= (1<<PE0) | (1<<PE1);
     cd0:	8d e2       	ldi	r24, 0x2D	; 45
     cd2:	90 e0       	ldi	r25, 0x00	; 0
     cd4:	2d e2       	ldi	r18, 0x2D	; 45
     cd6:	30 e0       	ldi	r19, 0x00	; 0
     cd8:	f9 01       	movw	r30, r18
     cda:	20 81       	ld	r18, Z
     cdc:	23 60       	ori	r18, 0x03	; 3
     cde:	fc 01       	movw	r30, r24
     ce0:	20 83       	st	Z, r18
	//BPS1, BPS2, SA (Steering Angle)
	DDRF &= ~(1<<PF0) & ~(1<<PF1) & ~(1<<PF2);
     ce2:	80 e3       	ldi	r24, 0x30	; 48
     ce4:	90 e0       	ldi	r25, 0x00	; 0
     ce6:	20 e3       	ldi	r18, 0x30	; 48
     ce8:	30 e0       	ldi	r19, 0x00	; 0
     cea:	f9 01       	movw	r30, r18
     cec:	20 81       	ld	r18, Z
     cee:	28 7f       	andi	r18, 0xF8	; 248
     cf0:	fc 01       	movw	r30, r24
     cf2:	20 83       	st	Z, r18
}
     cf4:	00 00       	nop
     cf6:	df 91       	pop	r29
     cf8:	cf 91       	pop	r28
     cfa:	08 95       	ret

00000cfc <sys_timer_config>:

void sys_timer_config(void)
{
     cfc:	cf 93       	push	r28
     cfe:	df 93       	push	r29
     d00:	cd b7       	in	r28, 0x3d	; 61
     d02:	de b7       	in	r29, 0x3e	; 62
	//8 bit Timer 0 configuration
	//ctc mode and 64 as prescaler for 16Mhz
	TCCR0A = 0 | (1<<WGM01) | (1<<CS01) | (1<<CS00);
     d04:	84 e4       	ldi	r24, 0x44	; 68
     d06:	90 e0       	ldi	r25, 0x00	; 0
     d08:	2b e0       	ldi	r18, 0x0B	; 11
     d0a:	fc 01       	movw	r30, r24
     d0c:	20 83       	st	Z, r18
	TIMSK0 = 0 | (1<<OCF0A);	//compare interrupt enable
     d0e:	8e e6       	ldi	r24, 0x6E	; 110
     d10:	90 e0       	ldi	r25, 0x00	; 0
     d12:	22 e0       	ldi	r18, 0x02	; 2
     d14:	fc 01       	movw	r30, r24
     d16:	20 83       	st	Z, r18
	OCR0A = 250-1;
     d18:	87 e4       	ldi	r24, 0x47	; 71
     d1a:	90 e0       	ldi	r25, 0x00	; 0
     d1c:	29 ef       	ldi	r18, 0xF9	; 249
     d1e:	fc 01       	movw	r30, r24
     d20:	20 83       	st	Z, r18
	
}
     d22:	00 00       	nop
     d24:	df 91       	pop	r29
     d26:	cf 91       	pop	r28
     d28:	08 95       	ret

00000d2a <__vector_16>:

/*	Interrupt Service Routines	*/
ISR(TIMER0_COMP_vect)
{
     d2a:	1f 92       	push	r1
     d2c:	0f 92       	push	r0
     d2e:	00 90 5f 00 	lds	r0, 0x005F	; 0x80005f <__TEXT_REGION_LENGTH__+0x7e005f>
     d32:	0f 92       	push	r0
     d34:	11 24       	eor	r1, r1
     d36:	8f 93       	push	r24
     d38:	9f 93       	push	r25
     d3a:	af 93       	push	r26
     d3c:	bf 93       	push	r27
     d3e:	cf 93       	push	r28
     d40:	df 93       	push	r29
     d42:	cd b7       	in	r28, 0x3d	; 61
     d44:	de b7       	in	r29, 0x3e	; 62
	sys_time++;
     d46:	80 91 2b 01 	lds	r24, 0x012B	; 0x80012b <sys_time>
     d4a:	90 91 2c 01 	lds	r25, 0x012C	; 0x80012c <sys_time+0x1>
     d4e:	a0 91 2d 01 	lds	r26, 0x012D	; 0x80012d <sys_time+0x2>
     d52:	b0 91 2e 01 	lds	r27, 0x012E	; 0x80012e <sys_time+0x3>
     d56:	01 96       	adiw	r24, 0x01	; 1
     d58:	a1 1d       	adc	r26, r1
     d5a:	b1 1d       	adc	r27, r1
     d5c:	80 93 2b 01 	sts	0x012B, r24	; 0x80012b <sys_time>
     d60:	90 93 2c 01 	sts	0x012C, r25	; 0x80012c <sys_time+0x1>
     d64:	a0 93 2d 01 	sts	0x012D, r26	; 0x80012d <sys_time+0x2>
     d68:	b0 93 2e 01 	sts	0x012E, r27	; 0x80012e <sys_time+0x3>
     d6c:	00 00       	nop
     d6e:	df 91       	pop	r29
     d70:	cf 91       	pop	r28
     d72:	bf 91       	pop	r27
     d74:	af 91       	pop	r26
     d76:	9f 91       	pop	r25
     d78:	8f 91       	pop	r24
     d7a:	0f 90       	pop	r0
     d7c:	00 92 5f 00 	sts	0x005F, r0	; 0x80005f <__TEXT_REGION_LENGTH__+0x7e005f>
     d80:	0f 90       	pop	r0
     d82:	1f 90       	pop	r1
     d84:	18 95       	reti

00000d86 <__divsf3>:
     d86:	0c d0       	rcall	.+24     	; 0xda0 <__divsf3x>
     d88:	e6 c0       	rjmp	.+460    	; 0xf56 <__fp_round>
     d8a:	de d0       	rcall	.+444    	; 0xf48 <__fp_pscB>
     d8c:	40 f0       	brcs	.+16     	; 0xd9e <__divsf3+0x18>
     d8e:	d5 d0       	rcall	.+426    	; 0xf3a <__fp_pscA>
     d90:	30 f0       	brcs	.+12     	; 0xd9e <__divsf3+0x18>
     d92:	21 f4       	brne	.+8      	; 0xd9c <__divsf3+0x16>
     d94:	5f 3f       	cpi	r21, 0xFF	; 255
     d96:	19 f0       	breq	.+6      	; 0xd9e <__divsf3+0x18>
     d98:	c7 c0       	rjmp	.+398    	; 0xf28 <__fp_inf>
     d9a:	51 11       	cpse	r21, r1
     d9c:	10 c1       	rjmp	.+544    	; 0xfbe <__fp_szero>
     d9e:	ca c0       	rjmp	.+404    	; 0xf34 <__fp_nan>

00000da0 <__divsf3x>:
     da0:	eb d0       	rcall	.+470    	; 0xf78 <__fp_split3>
     da2:	98 f3       	brcs	.-26     	; 0xd8a <__divsf3+0x4>

00000da4 <__divsf3_pse>:
     da4:	99 23       	and	r25, r25
     da6:	c9 f3       	breq	.-14     	; 0xd9a <__divsf3+0x14>
     da8:	55 23       	and	r21, r21
     daa:	b1 f3       	breq	.-20     	; 0xd98 <__divsf3+0x12>
     dac:	95 1b       	sub	r25, r21
     dae:	55 0b       	sbc	r21, r21
     db0:	bb 27       	eor	r27, r27
     db2:	aa 27       	eor	r26, r26
     db4:	62 17       	cp	r22, r18
     db6:	73 07       	cpc	r23, r19
     db8:	84 07       	cpc	r24, r20
     dba:	38 f0       	brcs	.+14     	; 0xdca <__divsf3_pse+0x26>
     dbc:	9f 5f       	subi	r25, 0xFF	; 255
     dbe:	5f 4f       	sbci	r21, 0xFF	; 255
     dc0:	22 0f       	add	r18, r18
     dc2:	33 1f       	adc	r19, r19
     dc4:	44 1f       	adc	r20, r20
     dc6:	aa 1f       	adc	r26, r26
     dc8:	a9 f3       	breq	.-22     	; 0xdb4 <__divsf3_pse+0x10>
     dca:	33 d0       	rcall	.+102    	; 0xe32 <__divsf3_pse+0x8e>
     dcc:	0e 2e       	mov	r0, r30
     dce:	3a f0       	brmi	.+14     	; 0xdde <__divsf3_pse+0x3a>
     dd0:	e0 e8       	ldi	r30, 0x80	; 128
     dd2:	30 d0       	rcall	.+96     	; 0xe34 <__divsf3_pse+0x90>
     dd4:	91 50       	subi	r25, 0x01	; 1
     dd6:	50 40       	sbci	r21, 0x00	; 0
     dd8:	e6 95       	lsr	r30
     dda:	00 1c       	adc	r0, r0
     ddc:	ca f7       	brpl	.-14     	; 0xdd0 <__divsf3_pse+0x2c>
     dde:	29 d0       	rcall	.+82     	; 0xe32 <__divsf3_pse+0x8e>
     de0:	fe 2f       	mov	r31, r30
     de2:	27 d0       	rcall	.+78     	; 0xe32 <__divsf3_pse+0x8e>
     de4:	66 0f       	add	r22, r22
     de6:	77 1f       	adc	r23, r23
     de8:	88 1f       	adc	r24, r24
     dea:	bb 1f       	adc	r27, r27
     dec:	26 17       	cp	r18, r22
     dee:	37 07       	cpc	r19, r23
     df0:	48 07       	cpc	r20, r24
     df2:	ab 07       	cpc	r26, r27
     df4:	b0 e8       	ldi	r27, 0x80	; 128
     df6:	09 f0       	breq	.+2      	; 0xdfa <__divsf3_pse+0x56>
     df8:	bb 0b       	sbc	r27, r27
     dfa:	80 2d       	mov	r24, r0
     dfc:	bf 01       	movw	r22, r30
     dfe:	ff 27       	eor	r31, r31
     e00:	93 58       	subi	r25, 0x83	; 131
     e02:	5f 4f       	sbci	r21, 0xFF	; 255
     e04:	2a f0       	brmi	.+10     	; 0xe10 <__divsf3_pse+0x6c>
     e06:	9e 3f       	cpi	r25, 0xFE	; 254
     e08:	51 05       	cpc	r21, r1
     e0a:	68 f0       	brcs	.+26     	; 0xe26 <__divsf3_pse+0x82>
     e0c:	8d c0       	rjmp	.+282    	; 0xf28 <__fp_inf>
     e0e:	d7 c0       	rjmp	.+430    	; 0xfbe <__fp_szero>
     e10:	5f 3f       	cpi	r21, 0xFF	; 255
     e12:	ec f3       	brlt	.-6      	; 0xe0e <__divsf3_pse+0x6a>
     e14:	98 3e       	cpi	r25, 0xE8	; 232
     e16:	dc f3       	brlt	.-10     	; 0xe0e <__divsf3_pse+0x6a>
     e18:	86 95       	lsr	r24
     e1a:	77 95       	ror	r23
     e1c:	67 95       	ror	r22
     e1e:	b7 95       	ror	r27
     e20:	f7 95       	ror	r31
     e22:	9f 5f       	subi	r25, 0xFF	; 255
     e24:	c9 f7       	brne	.-14     	; 0xe18 <__divsf3_pse+0x74>
     e26:	88 0f       	add	r24, r24
     e28:	91 1d       	adc	r25, r1
     e2a:	96 95       	lsr	r25
     e2c:	87 95       	ror	r24
     e2e:	97 f9       	bld	r25, 7
     e30:	08 95       	ret
     e32:	e1 e0       	ldi	r30, 0x01	; 1
     e34:	66 0f       	add	r22, r22
     e36:	77 1f       	adc	r23, r23
     e38:	88 1f       	adc	r24, r24
     e3a:	bb 1f       	adc	r27, r27
     e3c:	62 17       	cp	r22, r18
     e3e:	73 07       	cpc	r23, r19
     e40:	84 07       	cpc	r24, r20
     e42:	ba 07       	cpc	r27, r26
     e44:	20 f0       	brcs	.+8      	; 0xe4e <__divsf3_pse+0xaa>
     e46:	62 1b       	sub	r22, r18
     e48:	73 0b       	sbc	r23, r19
     e4a:	84 0b       	sbc	r24, r20
     e4c:	ba 0b       	sbc	r27, r26
     e4e:	ee 1f       	adc	r30, r30
     e50:	88 f7       	brcc	.-30     	; 0xe34 <__divsf3_pse+0x90>
     e52:	e0 95       	com	r30
     e54:	08 95       	ret

00000e56 <__fixunssfsi>:
     e56:	98 d0       	rcall	.+304    	; 0xf88 <__fp_splitA>
     e58:	88 f0       	brcs	.+34     	; 0xe7c <__fixunssfsi+0x26>
     e5a:	9f 57       	subi	r25, 0x7F	; 127
     e5c:	90 f0       	brcs	.+36     	; 0xe82 <__fixunssfsi+0x2c>
     e5e:	b9 2f       	mov	r27, r25
     e60:	99 27       	eor	r25, r25
     e62:	b7 51       	subi	r27, 0x17	; 23
     e64:	a0 f0       	brcs	.+40     	; 0xe8e <__fixunssfsi+0x38>
     e66:	d1 f0       	breq	.+52     	; 0xe9c <__fixunssfsi+0x46>
     e68:	66 0f       	add	r22, r22
     e6a:	77 1f       	adc	r23, r23
     e6c:	88 1f       	adc	r24, r24
     e6e:	99 1f       	adc	r25, r25
     e70:	1a f0       	brmi	.+6      	; 0xe78 <__fixunssfsi+0x22>
     e72:	ba 95       	dec	r27
     e74:	c9 f7       	brne	.-14     	; 0xe68 <__fixunssfsi+0x12>
     e76:	12 c0       	rjmp	.+36     	; 0xe9c <__fixunssfsi+0x46>
     e78:	b1 30       	cpi	r27, 0x01	; 1
     e7a:	81 f0       	breq	.+32     	; 0xe9c <__fixunssfsi+0x46>
     e7c:	9f d0       	rcall	.+318    	; 0xfbc <__fp_zero>
     e7e:	b1 e0       	ldi	r27, 0x01	; 1
     e80:	08 95       	ret
     e82:	9c c0       	rjmp	.+312    	; 0xfbc <__fp_zero>
     e84:	67 2f       	mov	r22, r23
     e86:	78 2f       	mov	r23, r24
     e88:	88 27       	eor	r24, r24
     e8a:	b8 5f       	subi	r27, 0xF8	; 248
     e8c:	39 f0       	breq	.+14     	; 0xe9c <__fixunssfsi+0x46>
     e8e:	b9 3f       	cpi	r27, 0xF9	; 249
     e90:	cc f3       	brlt	.-14     	; 0xe84 <__fixunssfsi+0x2e>
     e92:	86 95       	lsr	r24
     e94:	77 95       	ror	r23
     e96:	67 95       	ror	r22
     e98:	b3 95       	inc	r27
     e9a:	d9 f7       	brne	.-10     	; 0xe92 <__fixunssfsi+0x3c>
     e9c:	3e f4       	brtc	.+14     	; 0xeac <__fixunssfsi+0x56>
     e9e:	90 95       	com	r25
     ea0:	80 95       	com	r24
     ea2:	70 95       	com	r23
     ea4:	61 95       	neg	r22
     ea6:	7f 4f       	sbci	r23, 0xFF	; 255
     ea8:	8f 4f       	sbci	r24, 0xFF	; 255
     eaa:	9f 4f       	sbci	r25, 0xFF	; 255
     eac:	08 95       	ret

00000eae <__floatunsisf>:
     eae:	e8 94       	clt
     eb0:	09 c0       	rjmp	.+18     	; 0xec4 <__floatsisf+0x12>

00000eb2 <__floatsisf>:
     eb2:	97 fb       	bst	r25, 7
     eb4:	3e f4       	brtc	.+14     	; 0xec4 <__floatsisf+0x12>
     eb6:	90 95       	com	r25
     eb8:	80 95       	com	r24
     eba:	70 95       	com	r23
     ebc:	61 95       	neg	r22
     ebe:	7f 4f       	sbci	r23, 0xFF	; 255
     ec0:	8f 4f       	sbci	r24, 0xFF	; 255
     ec2:	9f 4f       	sbci	r25, 0xFF	; 255
     ec4:	99 23       	and	r25, r25
     ec6:	a9 f0       	breq	.+42     	; 0xef2 <__floatsisf+0x40>
     ec8:	f9 2f       	mov	r31, r25
     eca:	96 e9       	ldi	r25, 0x96	; 150
     ecc:	bb 27       	eor	r27, r27
     ece:	93 95       	inc	r25
     ed0:	f6 95       	lsr	r31
     ed2:	87 95       	ror	r24
     ed4:	77 95       	ror	r23
     ed6:	67 95       	ror	r22
     ed8:	b7 95       	ror	r27
     eda:	f1 11       	cpse	r31, r1
     edc:	f8 cf       	rjmp	.-16     	; 0xece <__floatsisf+0x1c>
     ede:	fa f4       	brpl	.+62     	; 0xf1e <__floatsisf+0x6c>
     ee0:	bb 0f       	add	r27, r27
     ee2:	11 f4       	brne	.+4      	; 0xee8 <__floatsisf+0x36>
     ee4:	60 ff       	sbrs	r22, 0
     ee6:	1b c0       	rjmp	.+54     	; 0xf1e <__floatsisf+0x6c>
     ee8:	6f 5f       	subi	r22, 0xFF	; 255
     eea:	7f 4f       	sbci	r23, 0xFF	; 255
     eec:	8f 4f       	sbci	r24, 0xFF	; 255
     eee:	9f 4f       	sbci	r25, 0xFF	; 255
     ef0:	16 c0       	rjmp	.+44     	; 0xf1e <__floatsisf+0x6c>
     ef2:	88 23       	and	r24, r24
     ef4:	11 f0       	breq	.+4      	; 0xefa <__floatsisf+0x48>
     ef6:	96 e9       	ldi	r25, 0x96	; 150
     ef8:	11 c0       	rjmp	.+34     	; 0xf1c <__floatsisf+0x6a>
     efa:	77 23       	and	r23, r23
     efc:	21 f0       	breq	.+8      	; 0xf06 <__floatsisf+0x54>
     efe:	9e e8       	ldi	r25, 0x8E	; 142
     f00:	87 2f       	mov	r24, r23
     f02:	76 2f       	mov	r23, r22
     f04:	05 c0       	rjmp	.+10     	; 0xf10 <__floatsisf+0x5e>
     f06:	66 23       	and	r22, r22
     f08:	71 f0       	breq	.+28     	; 0xf26 <__floatsisf+0x74>
     f0a:	96 e8       	ldi	r25, 0x86	; 134
     f0c:	86 2f       	mov	r24, r22
     f0e:	70 e0       	ldi	r23, 0x00	; 0
     f10:	60 e0       	ldi	r22, 0x00	; 0
     f12:	2a f0       	brmi	.+10     	; 0xf1e <__floatsisf+0x6c>
     f14:	9a 95       	dec	r25
     f16:	66 0f       	add	r22, r22
     f18:	77 1f       	adc	r23, r23
     f1a:	88 1f       	adc	r24, r24
     f1c:	da f7       	brpl	.-10     	; 0xf14 <__floatsisf+0x62>
     f1e:	88 0f       	add	r24, r24
     f20:	96 95       	lsr	r25
     f22:	87 95       	ror	r24
     f24:	97 f9       	bld	r25, 7
     f26:	08 95       	ret

00000f28 <__fp_inf>:
     f28:	97 f9       	bld	r25, 7
     f2a:	9f 67       	ori	r25, 0x7F	; 127
     f2c:	80 e8       	ldi	r24, 0x80	; 128
     f2e:	70 e0       	ldi	r23, 0x00	; 0
     f30:	60 e0       	ldi	r22, 0x00	; 0
     f32:	08 95       	ret

00000f34 <__fp_nan>:
     f34:	9f ef       	ldi	r25, 0xFF	; 255
     f36:	80 ec       	ldi	r24, 0xC0	; 192
     f38:	08 95       	ret

00000f3a <__fp_pscA>:
     f3a:	00 24       	eor	r0, r0
     f3c:	0a 94       	dec	r0
     f3e:	16 16       	cp	r1, r22
     f40:	17 06       	cpc	r1, r23
     f42:	18 06       	cpc	r1, r24
     f44:	09 06       	cpc	r0, r25
     f46:	08 95       	ret

00000f48 <__fp_pscB>:
     f48:	00 24       	eor	r0, r0
     f4a:	0a 94       	dec	r0
     f4c:	12 16       	cp	r1, r18
     f4e:	13 06       	cpc	r1, r19
     f50:	14 06       	cpc	r1, r20
     f52:	05 06       	cpc	r0, r21
     f54:	08 95       	ret

00000f56 <__fp_round>:
     f56:	09 2e       	mov	r0, r25
     f58:	03 94       	inc	r0
     f5a:	00 0c       	add	r0, r0
     f5c:	11 f4       	brne	.+4      	; 0xf62 <__fp_round+0xc>
     f5e:	88 23       	and	r24, r24
     f60:	52 f0       	brmi	.+20     	; 0xf76 <__fp_round+0x20>
     f62:	bb 0f       	add	r27, r27
     f64:	40 f4       	brcc	.+16     	; 0xf76 <__fp_round+0x20>
     f66:	bf 2b       	or	r27, r31
     f68:	11 f4       	brne	.+4      	; 0xf6e <__fp_round+0x18>
     f6a:	60 ff       	sbrs	r22, 0
     f6c:	04 c0       	rjmp	.+8      	; 0xf76 <__fp_round+0x20>
     f6e:	6f 5f       	subi	r22, 0xFF	; 255
     f70:	7f 4f       	sbci	r23, 0xFF	; 255
     f72:	8f 4f       	sbci	r24, 0xFF	; 255
     f74:	9f 4f       	sbci	r25, 0xFF	; 255
     f76:	08 95       	ret

00000f78 <__fp_split3>:
     f78:	57 fd       	sbrc	r21, 7
     f7a:	90 58       	subi	r25, 0x80	; 128
     f7c:	44 0f       	add	r20, r20
     f7e:	55 1f       	adc	r21, r21
     f80:	59 f0       	breq	.+22     	; 0xf98 <__fp_splitA+0x10>
     f82:	5f 3f       	cpi	r21, 0xFF	; 255
     f84:	71 f0       	breq	.+28     	; 0xfa2 <__fp_splitA+0x1a>
     f86:	47 95       	ror	r20

00000f88 <__fp_splitA>:
     f88:	88 0f       	add	r24, r24
     f8a:	97 fb       	bst	r25, 7
     f8c:	99 1f       	adc	r25, r25
     f8e:	61 f0       	breq	.+24     	; 0xfa8 <__fp_splitA+0x20>
     f90:	9f 3f       	cpi	r25, 0xFF	; 255
     f92:	79 f0       	breq	.+30     	; 0xfb2 <__fp_splitA+0x2a>
     f94:	87 95       	ror	r24
     f96:	08 95       	ret
     f98:	12 16       	cp	r1, r18
     f9a:	13 06       	cpc	r1, r19
     f9c:	14 06       	cpc	r1, r20
     f9e:	55 1f       	adc	r21, r21
     fa0:	f2 cf       	rjmp	.-28     	; 0xf86 <__fp_split3+0xe>
     fa2:	46 95       	lsr	r20
     fa4:	f1 df       	rcall	.-30     	; 0xf88 <__fp_splitA>
     fa6:	08 c0       	rjmp	.+16     	; 0xfb8 <__fp_splitA+0x30>
     fa8:	16 16       	cp	r1, r22
     faa:	17 06       	cpc	r1, r23
     fac:	18 06       	cpc	r1, r24
     fae:	99 1f       	adc	r25, r25
     fb0:	f1 cf       	rjmp	.-30     	; 0xf94 <__fp_splitA+0xc>
     fb2:	86 95       	lsr	r24
     fb4:	71 05       	cpc	r23, r1
     fb6:	61 05       	cpc	r22, r1
     fb8:	08 94       	sec
     fba:	08 95       	ret

00000fbc <__fp_zero>:
     fbc:	e8 94       	clt

00000fbe <__fp_szero>:
     fbe:	bb 27       	eor	r27, r27
     fc0:	66 27       	eor	r22, r22
     fc2:	77 27       	eor	r23, r23
     fc4:	cb 01       	movw	r24, r22
     fc6:	97 f9       	bld	r25, 7
     fc8:	08 95       	ret

00000fca <__mulsf3>:
     fca:	0b d0       	rcall	.+22     	; 0xfe2 <__mulsf3x>
     fcc:	c4 cf       	rjmp	.-120    	; 0xf56 <__fp_round>
     fce:	b5 df       	rcall	.-150    	; 0xf3a <__fp_pscA>
     fd0:	28 f0       	brcs	.+10     	; 0xfdc <__mulsf3+0x12>
     fd2:	ba df       	rcall	.-140    	; 0xf48 <__fp_pscB>
     fd4:	18 f0       	brcs	.+6      	; 0xfdc <__mulsf3+0x12>
     fd6:	95 23       	and	r25, r21
     fd8:	09 f0       	breq	.+2      	; 0xfdc <__mulsf3+0x12>
     fda:	a6 cf       	rjmp	.-180    	; 0xf28 <__fp_inf>
     fdc:	ab cf       	rjmp	.-170    	; 0xf34 <__fp_nan>
     fde:	11 24       	eor	r1, r1
     fe0:	ee cf       	rjmp	.-36     	; 0xfbe <__fp_szero>

00000fe2 <__mulsf3x>:
     fe2:	ca df       	rcall	.-108    	; 0xf78 <__fp_split3>
     fe4:	a0 f3       	brcs	.-24     	; 0xfce <__mulsf3+0x4>

00000fe6 <__mulsf3_pse>:
     fe6:	95 9f       	mul	r25, r21
     fe8:	d1 f3       	breq	.-12     	; 0xfde <__mulsf3+0x14>
     fea:	95 0f       	add	r25, r21
     fec:	50 e0       	ldi	r21, 0x00	; 0
     fee:	55 1f       	adc	r21, r21
     ff0:	62 9f       	mul	r22, r18
     ff2:	f0 01       	movw	r30, r0
     ff4:	72 9f       	mul	r23, r18
     ff6:	bb 27       	eor	r27, r27
     ff8:	f0 0d       	add	r31, r0
     ffa:	b1 1d       	adc	r27, r1
     ffc:	63 9f       	mul	r22, r19
     ffe:	aa 27       	eor	r26, r26
    1000:	f0 0d       	add	r31, r0
    1002:	b1 1d       	adc	r27, r1
    1004:	aa 1f       	adc	r26, r26
    1006:	64 9f       	mul	r22, r20
    1008:	66 27       	eor	r22, r22
    100a:	b0 0d       	add	r27, r0
    100c:	a1 1d       	adc	r26, r1
    100e:	66 1f       	adc	r22, r22
    1010:	82 9f       	mul	r24, r18
    1012:	22 27       	eor	r18, r18
    1014:	b0 0d       	add	r27, r0
    1016:	a1 1d       	adc	r26, r1
    1018:	62 1f       	adc	r22, r18
    101a:	73 9f       	mul	r23, r19
    101c:	b0 0d       	add	r27, r0
    101e:	a1 1d       	adc	r26, r1
    1020:	62 1f       	adc	r22, r18
    1022:	83 9f       	mul	r24, r19
    1024:	a0 0d       	add	r26, r0
    1026:	61 1d       	adc	r22, r1
    1028:	22 1f       	adc	r18, r18
    102a:	74 9f       	mul	r23, r20
    102c:	33 27       	eor	r19, r19
    102e:	a0 0d       	add	r26, r0
    1030:	61 1d       	adc	r22, r1
    1032:	23 1f       	adc	r18, r19
    1034:	84 9f       	mul	r24, r20
    1036:	60 0d       	add	r22, r0
    1038:	21 1d       	adc	r18, r1
    103a:	82 2f       	mov	r24, r18
    103c:	76 2f       	mov	r23, r22
    103e:	6a 2f       	mov	r22, r26
    1040:	11 24       	eor	r1, r1
    1042:	9f 57       	subi	r25, 0x7F	; 127
    1044:	50 40       	sbci	r21, 0x00	; 0
    1046:	8a f0       	brmi	.+34     	; 0x106a <__DATA_REGION_LENGTH__+0x6a>
    1048:	e1 f0       	breq	.+56     	; 0x1082 <__DATA_REGION_LENGTH__+0x82>
    104a:	88 23       	and	r24, r24
    104c:	4a f0       	brmi	.+18     	; 0x1060 <__DATA_REGION_LENGTH__+0x60>
    104e:	ee 0f       	add	r30, r30
    1050:	ff 1f       	adc	r31, r31
    1052:	bb 1f       	adc	r27, r27
    1054:	66 1f       	adc	r22, r22
    1056:	77 1f       	adc	r23, r23
    1058:	88 1f       	adc	r24, r24
    105a:	91 50       	subi	r25, 0x01	; 1
    105c:	50 40       	sbci	r21, 0x00	; 0
    105e:	a9 f7       	brne	.-22     	; 0x104a <__DATA_REGION_LENGTH__+0x4a>
    1060:	9e 3f       	cpi	r25, 0xFE	; 254
    1062:	51 05       	cpc	r21, r1
    1064:	70 f0       	brcs	.+28     	; 0x1082 <__DATA_REGION_LENGTH__+0x82>
    1066:	60 cf       	rjmp	.-320    	; 0xf28 <__fp_inf>
    1068:	aa cf       	rjmp	.-172    	; 0xfbe <__fp_szero>
    106a:	5f 3f       	cpi	r21, 0xFF	; 255
    106c:	ec f3       	brlt	.-6      	; 0x1068 <__DATA_REGION_LENGTH__+0x68>
    106e:	98 3e       	cpi	r25, 0xE8	; 232
    1070:	dc f3       	brlt	.-10     	; 0x1068 <__DATA_REGION_LENGTH__+0x68>
    1072:	86 95       	lsr	r24
    1074:	77 95       	ror	r23
    1076:	67 95       	ror	r22
    1078:	b7 95       	ror	r27
    107a:	f7 95       	ror	r31
    107c:	e7 95       	ror	r30
    107e:	9f 5f       	subi	r25, 0xFF	; 255
    1080:	c1 f7       	brne	.-16     	; 0x1072 <__DATA_REGION_LENGTH__+0x72>
    1082:	fe 2b       	or	r31, r30
    1084:	88 0f       	add	r24, r24
    1086:	91 1d       	adc	r25, r1
    1088:	96 95       	lsr	r25
    108a:	87 95       	ror	r24
    108c:	97 f9       	bld	r25, 7
    108e:	08 95       	ret

00001090 <pow>:
    1090:	fa 01       	movw	r30, r20
    1092:	ee 0f       	add	r30, r30
    1094:	ff 1f       	adc	r31, r31
    1096:	30 96       	adiw	r30, 0x00	; 0
    1098:	21 05       	cpc	r18, r1
    109a:	31 05       	cpc	r19, r1
    109c:	99 f1       	breq	.+102    	; 0x1104 <__stack+0x5>
    109e:	61 15       	cp	r22, r1
    10a0:	71 05       	cpc	r23, r1
    10a2:	61 f4       	brne	.+24     	; 0x10bc <pow+0x2c>
    10a4:	80 38       	cpi	r24, 0x80	; 128
    10a6:	bf e3       	ldi	r27, 0x3F	; 63
    10a8:	9b 07       	cpc	r25, r27
    10aa:	49 f1       	breq	.+82     	; 0x10fe <pow+0x6e>
    10ac:	68 94       	set
    10ae:	90 38       	cpi	r25, 0x80	; 128
    10b0:	81 05       	cpc	r24, r1
    10b2:	61 f0       	breq	.+24     	; 0x10cc <pow+0x3c>
    10b4:	80 38       	cpi	r24, 0x80	; 128
    10b6:	bf ef       	ldi	r27, 0xFF	; 255
    10b8:	9b 07       	cpc	r25, r27
    10ba:	41 f0       	breq	.+16     	; 0x10cc <pow+0x3c>
    10bc:	99 23       	and	r25, r25
    10be:	42 f5       	brpl	.+80     	; 0x1110 <__stack+0x11>
    10c0:	ff 3f       	cpi	r31, 0xFF	; 255
    10c2:	e1 05       	cpc	r30, r1
    10c4:	31 05       	cpc	r19, r1
    10c6:	21 05       	cpc	r18, r1
    10c8:	11 f1       	breq	.+68     	; 0x110e <__stack+0xf>
    10ca:	e8 94       	clt
    10cc:	08 94       	sec
    10ce:	e7 95       	ror	r30
    10d0:	d9 01       	movw	r26, r18
    10d2:	aa 23       	and	r26, r26
    10d4:	29 f4       	brne	.+10     	; 0x10e0 <pow+0x50>
    10d6:	ab 2f       	mov	r26, r27
    10d8:	be 2f       	mov	r27, r30
    10da:	f8 5f       	subi	r31, 0xF8	; 248
    10dc:	d0 f3       	brcs	.-12     	; 0x10d2 <pow+0x42>
    10de:	10 c0       	rjmp	.+32     	; 0x1100 <__stack+0x1>
    10e0:	ff 5f       	subi	r31, 0xFF	; 255
    10e2:	70 f4       	brcc	.+28     	; 0x1100 <__stack+0x1>
    10e4:	a6 95       	lsr	r26
    10e6:	e0 f7       	brcc	.-8      	; 0x10e0 <pow+0x50>
    10e8:	f7 39       	cpi	r31, 0x97	; 151
    10ea:	50 f0       	brcs	.+20     	; 0x1100 <__stack+0x1>
    10ec:	19 f0       	breq	.+6      	; 0x10f4 <pow+0x64>
    10ee:	ff 3a       	cpi	r31, 0xAF	; 175
    10f0:	38 f4       	brcc	.+14     	; 0x1100 <__stack+0x1>
    10f2:	9f 77       	andi	r25, 0x7F	; 127
    10f4:	9f 93       	push	r25
    10f6:	0c d0       	rcall	.+24     	; 0x1110 <__stack+0x11>
    10f8:	0f 90       	pop	r0
    10fa:	07 fc       	sbrc	r0, 7
    10fc:	90 58       	subi	r25, 0x80	; 128
    10fe:	08 95       	ret
    1100:	3e f0       	brts	.+14     	; 0x1110 <__stack+0x11>
    1102:	18 cf       	rjmp	.-464    	; 0xf34 <__fp_nan>
    1104:	60 e0       	ldi	r22, 0x00	; 0
    1106:	70 e0       	ldi	r23, 0x00	; 0
    1108:	80 e8       	ldi	r24, 0x80	; 128
    110a:	9f e3       	ldi	r25, 0x3F	; 63
    110c:	08 95       	ret
    110e:	4f e7       	ldi	r20, 0x7F	; 127
    1110:	9f 77       	andi	r25, 0x7F	; 127
    1112:	5f 93       	push	r21
    1114:	4f 93       	push	r20
    1116:	3f 93       	push	r19
    1118:	2f 93       	push	r18
    111a:	9e d0       	rcall	.+316    	; 0x1258 <log>
    111c:	2f 91       	pop	r18
    111e:	3f 91       	pop	r19
    1120:	4f 91       	pop	r20
    1122:	5f 91       	pop	r21
    1124:	52 df       	rcall	.-348    	; 0xfca <__mulsf3>
    1126:	05 c0       	rjmp	.+10     	; 0x1132 <exp>
    1128:	19 f4       	brne	.+6      	; 0x1130 <__stack+0x31>
    112a:	0e f0       	brts	.+2      	; 0x112e <__stack+0x2f>
    112c:	fd ce       	rjmp	.-518    	; 0xf28 <__fp_inf>
    112e:	46 cf       	rjmp	.-372    	; 0xfbc <__fp_zero>
    1130:	01 cf       	rjmp	.-510    	; 0xf34 <__fp_nan>

00001132 <exp>:
    1132:	2a df       	rcall	.-428    	; 0xf88 <__fp_splitA>
    1134:	c8 f3       	brcs	.-14     	; 0x1128 <__stack+0x29>
    1136:	96 38       	cpi	r25, 0x86	; 134
    1138:	c0 f7       	brcc	.-16     	; 0x112a <__stack+0x2b>
    113a:	07 f8       	bld	r0, 7
    113c:	0f 92       	push	r0
    113e:	e8 94       	clt
    1140:	2b e3       	ldi	r18, 0x3B	; 59
    1142:	3a ea       	ldi	r19, 0xAA	; 170
    1144:	48 eb       	ldi	r20, 0xB8	; 184
    1146:	5f e7       	ldi	r21, 0x7F	; 127
    1148:	4e df       	rcall	.-356    	; 0xfe6 <__mulsf3_pse>
    114a:	0f 92       	push	r0
    114c:	0f 92       	push	r0
    114e:	0f 92       	push	r0
    1150:	4d b7       	in	r20, 0x3d	; 61
    1152:	5e b7       	in	r21, 0x3e	; 62
    1154:	0f 92       	push	r0
    1156:	c0 d0       	rcall	.+384    	; 0x12d8 <modf>
    1158:	e4 e9       	ldi	r30, 0x94	; 148
    115a:	f0 e0       	ldi	r31, 0x00	; 0
    115c:	16 d0       	rcall	.+44     	; 0x118a <__fp_powser>
    115e:	4f 91       	pop	r20
    1160:	5f 91       	pop	r21
    1162:	ef 91       	pop	r30
    1164:	ff 91       	pop	r31
    1166:	e5 95       	asr	r30
    1168:	ee 1f       	adc	r30, r30
    116a:	ff 1f       	adc	r31, r31
    116c:	49 f0       	breq	.+18     	; 0x1180 <exp+0x4e>
    116e:	fe 57       	subi	r31, 0x7E	; 126
    1170:	e0 68       	ori	r30, 0x80	; 128
    1172:	44 27       	eor	r20, r20
    1174:	ee 0f       	add	r30, r30
    1176:	44 1f       	adc	r20, r20
    1178:	fa 95       	dec	r31
    117a:	e1 f7       	brne	.-8      	; 0x1174 <exp+0x42>
    117c:	41 95       	neg	r20
    117e:	55 0b       	sbc	r21, r21
    1180:	32 d0       	rcall	.+100    	; 0x11e6 <ldexp>
    1182:	0f 90       	pop	r0
    1184:	07 fe       	sbrs	r0, 7
    1186:	26 c0       	rjmp	.+76     	; 0x11d4 <inverse>
    1188:	08 95       	ret

0000118a <__fp_powser>:
    118a:	df 93       	push	r29
    118c:	cf 93       	push	r28
    118e:	1f 93       	push	r17
    1190:	0f 93       	push	r16
    1192:	ff 92       	push	r15
    1194:	ef 92       	push	r14
    1196:	df 92       	push	r13
    1198:	7b 01       	movw	r14, r22
    119a:	8c 01       	movw	r16, r24
    119c:	68 94       	set
    119e:	05 c0       	rjmp	.+10     	; 0x11aa <__fp_powser+0x20>
    11a0:	da 2e       	mov	r13, r26
    11a2:	ef 01       	movw	r28, r30
    11a4:	1e df       	rcall	.-452    	; 0xfe2 <__mulsf3x>
    11a6:	fe 01       	movw	r30, r28
    11a8:	e8 94       	clt
    11aa:	a5 91       	lpm	r26, Z+
    11ac:	25 91       	lpm	r18, Z+
    11ae:	35 91       	lpm	r19, Z+
    11b0:	45 91       	lpm	r20, Z+
    11b2:	55 91       	lpm	r21, Z+
    11b4:	ae f3       	brts	.-22     	; 0x11a0 <__fp_powser+0x16>
    11b6:	ef 01       	movw	r28, r30
    11b8:	d4 d0       	rcall	.+424    	; 0x1362 <__addsf3x>
    11ba:	fe 01       	movw	r30, r28
    11bc:	97 01       	movw	r18, r14
    11be:	a8 01       	movw	r20, r16
    11c0:	da 94       	dec	r13
    11c2:	79 f7       	brne	.-34     	; 0x11a2 <__fp_powser+0x18>
    11c4:	df 90       	pop	r13
    11c6:	ef 90       	pop	r14
    11c8:	ff 90       	pop	r15
    11ca:	0f 91       	pop	r16
    11cc:	1f 91       	pop	r17
    11ce:	cf 91       	pop	r28
    11d0:	df 91       	pop	r29
    11d2:	08 95       	ret

000011d4 <inverse>:
    11d4:	9b 01       	movw	r18, r22
    11d6:	ac 01       	movw	r20, r24
    11d8:	60 e0       	ldi	r22, 0x00	; 0
    11da:	70 e0       	ldi	r23, 0x00	; 0
    11dc:	80 e8       	ldi	r24, 0x80	; 128
    11de:	9f e3       	ldi	r25, 0x3F	; 63
    11e0:	d2 cd       	rjmp	.-1116   	; 0xd86 <__divsf3>
    11e2:	a2 ce       	rjmp	.-700    	; 0xf28 <__fp_inf>
    11e4:	11 c1       	rjmp	.+546    	; 0x1408 <__fp_mpack>

000011e6 <ldexp>:
    11e6:	d0 de       	rcall	.-608    	; 0xf88 <__fp_splitA>
    11e8:	e8 f3       	brcs	.-6      	; 0x11e4 <inverse+0x10>
    11ea:	99 23       	and	r25, r25
    11ec:	d9 f3       	breq	.-10     	; 0x11e4 <inverse+0x10>
    11ee:	94 0f       	add	r25, r20
    11f0:	51 1d       	adc	r21, r1
    11f2:	bb f3       	brvs	.-18     	; 0x11e2 <inverse+0xe>
    11f4:	91 50       	subi	r25, 0x01	; 1
    11f6:	50 40       	sbci	r21, 0x00	; 0
    11f8:	94 f0       	brlt	.+36     	; 0x121e <ldexp+0x38>
    11fa:	59 f0       	breq	.+22     	; 0x1212 <ldexp+0x2c>
    11fc:	88 23       	and	r24, r24
    11fe:	32 f0       	brmi	.+12     	; 0x120c <ldexp+0x26>
    1200:	66 0f       	add	r22, r22
    1202:	77 1f       	adc	r23, r23
    1204:	88 1f       	adc	r24, r24
    1206:	91 50       	subi	r25, 0x01	; 1
    1208:	50 40       	sbci	r21, 0x00	; 0
    120a:	c1 f7       	brne	.-16     	; 0x11fc <ldexp+0x16>
    120c:	9e 3f       	cpi	r25, 0xFE	; 254
    120e:	51 05       	cpc	r21, r1
    1210:	44 f7       	brge	.-48     	; 0x11e2 <inverse+0xe>
    1212:	88 0f       	add	r24, r24
    1214:	91 1d       	adc	r25, r1
    1216:	96 95       	lsr	r25
    1218:	87 95       	ror	r24
    121a:	97 f9       	bld	r25, 7
    121c:	08 95       	ret
    121e:	5f 3f       	cpi	r21, 0xFF	; 255
    1220:	ac f0       	brlt	.+42     	; 0x124c <ldexp+0x66>
    1222:	98 3e       	cpi	r25, 0xE8	; 232
    1224:	9c f0       	brlt	.+38     	; 0x124c <ldexp+0x66>
    1226:	bb 27       	eor	r27, r27
    1228:	86 95       	lsr	r24
    122a:	77 95       	ror	r23
    122c:	67 95       	ror	r22
    122e:	b7 95       	ror	r27
    1230:	08 f4       	brcc	.+2      	; 0x1234 <ldexp+0x4e>
    1232:	b1 60       	ori	r27, 0x01	; 1
    1234:	93 95       	inc	r25
    1236:	c1 f7       	brne	.-16     	; 0x1228 <ldexp+0x42>
    1238:	bb 0f       	add	r27, r27
    123a:	58 f7       	brcc	.-42     	; 0x1212 <ldexp+0x2c>
    123c:	11 f4       	brne	.+4      	; 0x1242 <ldexp+0x5c>
    123e:	60 ff       	sbrs	r22, 0
    1240:	e8 cf       	rjmp	.-48     	; 0x1212 <ldexp+0x2c>
    1242:	6f 5f       	subi	r22, 0xFF	; 255
    1244:	7f 4f       	sbci	r23, 0xFF	; 255
    1246:	8f 4f       	sbci	r24, 0xFF	; 255
    1248:	9f 4f       	sbci	r25, 0xFF	; 255
    124a:	e3 cf       	rjmp	.-58     	; 0x1212 <ldexp+0x2c>
    124c:	b8 ce       	rjmp	.-656    	; 0xfbe <__fp_szero>
    124e:	0e f0       	brts	.+2      	; 0x1252 <ldexp+0x6c>
    1250:	db c0       	rjmp	.+438    	; 0x1408 <__fp_mpack>
    1252:	70 ce       	rjmp	.-800    	; 0xf34 <__fp_nan>
    1254:	68 94       	set
    1256:	68 ce       	rjmp	.-816    	; 0xf28 <__fp_inf>

00001258 <log>:
    1258:	97 de       	rcall	.-722    	; 0xf88 <__fp_splitA>
    125a:	c8 f3       	brcs	.-14     	; 0x124e <ldexp+0x68>
    125c:	99 23       	and	r25, r25
    125e:	d1 f3       	breq	.-12     	; 0x1254 <ldexp+0x6e>
    1260:	c6 f3       	brts	.-16     	; 0x1252 <ldexp+0x6c>
    1262:	df 93       	push	r29
    1264:	cf 93       	push	r28
    1266:	1f 93       	push	r17
    1268:	0f 93       	push	r16
    126a:	ff 92       	push	r15
    126c:	c9 2f       	mov	r28, r25
    126e:	dd 27       	eor	r29, r29
    1270:	88 23       	and	r24, r24
    1272:	2a f0       	brmi	.+10     	; 0x127e <log+0x26>
    1274:	21 97       	sbiw	r28, 0x01	; 1
    1276:	66 0f       	add	r22, r22
    1278:	77 1f       	adc	r23, r23
    127a:	88 1f       	adc	r24, r24
    127c:	da f7       	brpl	.-10     	; 0x1274 <log+0x1c>
    127e:	20 e0       	ldi	r18, 0x00	; 0
    1280:	30 e0       	ldi	r19, 0x00	; 0
    1282:	40 e8       	ldi	r20, 0x80	; 128
    1284:	5f eb       	ldi	r21, 0xBF	; 191
    1286:	9f e3       	ldi	r25, 0x3F	; 63
    1288:	88 39       	cpi	r24, 0x98	; 152
    128a:	20 f0       	brcs	.+8      	; 0x1294 <log+0x3c>
    128c:	80 3e       	cpi	r24, 0xE0	; 224
    128e:	30 f0       	brcs	.+12     	; 0x129c <log+0x44>
    1290:	21 96       	adiw	r28, 0x01	; 1
    1292:	8f 77       	andi	r24, 0x7F	; 127
    1294:	55 d0       	rcall	.+170    	; 0x1340 <__addsf3>
    1296:	ec eb       	ldi	r30, 0xBC	; 188
    1298:	f0 e0       	ldi	r31, 0x00	; 0
    129a:	03 c0       	rjmp	.+6      	; 0x12a2 <log+0x4a>
    129c:	51 d0       	rcall	.+162    	; 0x1340 <__addsf3>
    129e:	e9 ee       	ldi	r30, 0xE9	; 233
    12a0:	f0 e0       	ldi	r31, 0x00	; 0
    12a2:	73 df       	rcall	.-282    	; 0x118a <__fp_powser>
    12a4:	8b 01       	movw	r16, r22
    12a6:	be 01       	movw	r22, r28
    12a8:	ec 01       	movw	r28, r24
    12aa:	fb 2e       	mov	r15, r27
    12ac:	6f 57       	subi	r22, 0x7F	; 127
    12ae:	71 09       	sbc	r23, r1
    12b0:	75 95       	asr	r23
    12b2:	77 1f       	adc	r23, r23
    12b4:	88 0b       	sbc	r24, r24
    12b6:	99 0b       	sbc	r25, r25
    12b8:	fc dd       	rcall	.-1032   	; 0xeb2 <__floatsisf>
    12ba:	28 e1       	ldi	r18, 0x18	; 24
    12bc:	32 e7       	ldi	r19, 0x72	; 114
    12be:	41 e3       	ldi	r20, 0x31	; 49
    12c0:	5f e3       	ldi	r21, 0x3F	; 63
    12c2:	8f de       	rcall	.-738    	; 0xfe2 <__mulsf3x>
    12c4:	af 2d       	mov	r26, r15
    12c6:	98 01       	movw	r18, r16
    12c8:	ae 01       	movw	r20, r28
    12ca:	ff 90       	pop	r15
    12cc:	0f 91       	pop	r16
    12ce:	1f 91       	pop	r17
    12d0:	cf 91       	pop	r28
    12d2:	df 91       	pop	r29
    12d4:	46 d0       	rcall	.+140    	; 0x1362 <__addsf3x>
    12d6:	3f ce       	rjmp	.-898    	; 0xf56 <__fp_round>

000012d8 <modf>:
    12d8:	fa 01       	movw	r30, r20
    12da:	dc 01       	movw	r26, r24
    12dc:	aa 0f       	add	r26, r26
    12de:	bb 1f       	adc	r27, r27
    12e0:	9b 01       	movw	r18, r22
    12e2:	ac 01       	movw	r20, r24
    12e4:	bf 57       	subi	r27, 0x7F	; 127
    12e6:	28 f4       	brcc	.+10     	; 0x12f2 <modf+0x1a>
    12e8:	22 27       	eor	r18, r18
    12ea:	33 27       	eor	r19, r19
    12ec:	44 27       	eor	r20, r20
    12ee:	50 78       	andi	r21, 0x80	; 128
    12f0:	1f c0       	rjmp	.+62     	; 0x1330 <modf+0x58>
    12f2:	b7 51       	subi	r27, 0x17	; 23
    12f4:	88 f4       	brcc	.+34     	; 0x1318 <modf+0x40>
    12f6:	ab 2f       	mov	r26, r27
    12f8:	00 24       	eor	r0, r0
    12fa:	46 95       	lsr	r20
    12fc:	37 95       	ror	r19
    12fe:	27 95       	ror	r18
    1300:	01 1c       	adc	r0, r1
    1302:	a3 95       	inc	r26
    1304:	d2 f3       	brmi	.-12     	; 0x12fa <modf+0x22>
    1306:	00 20       	and	r0, r0
    1308:	69 f0       	breq	.+26     	; 0x1324 <modf+0x4c>
    130a:	22 0f       	add	r18, r18
    130c:	33 1f       	adc	r19, r19
    130e:	44 1f       	adc	r20, r20
    1310:	b3 95       	inc	r27
    1312:	da f3       	brmi	.-10     	; 0x130a <modf+0x32>
    1314:	0d d0       	rcall	.+26     	; 0x1330 <modf+0x58>
    1316:	13 c0       	rjmp	.+38     	; 0x133e <__subsf3>
    1318:	61 30       	cpi	r22, 0x01	; 1
    131a:	71 05       	cpc	r23, r1
    131c:	a0 e8       	ldi	r26, 0x80	; 128
    131e:	8a 07       	cpc	r24, r26
    1320:	b9 46       	sbci	r27, 0x69	; 105
    1322:	30 f4       	brcc	.+12     	; 0x1330 <modf+0x58>
    1324:	9b 01       	movw	r18, r22
    1326:	ac 01       	movw	r20, r24
    1328:	66 27       	eor	r22, r22
    132a:	77 27       	eor	r23, r23
    132c:	88 27       	eor	r24, r24
    132e:	90 78       	andi	r25, 0x80	; 128
    1330:	30 96       	adiw	r30, 0x00	; 0
    1332:	21 f0       	breq	.+8      	; 0x133c <modf+0x64>
    1334:	20 83       	st	Z, r18
    1336:	31 83       	std	Z+1, r19	; 0x01
    1338:	42 83       	std	Z+2, r20	; 0x02
    133a:	53 83       	std	Z+3, r21	; 0x03
    133c:	08 95       	ret

0000133e <__subsf3>:
    133e:	50 58       	subi	r21, 0x80	; 128

00001340 <__addsf3>:
    1340:	bb 27       	eor	r27, r27
    1342:	aa 27       	eor	r26, r26
    1344:	0e d0       	rcall	.+28     	; 0x1362 <__addsf3x>
    1346:	07 ce       	rjmp	.-1010   	; 0xf56 <__fp_round>
    1348:	f8 dd       	rcall	.-1040   	; 0xf3a <__fp_pscA>
    134a:	30 f0       	brcs	.+12     	; 0x1358 <__addsf3+0x18>
    134c:	fd dd       	rcall	.-1030   	; 0xf48 <__fp_pscB>
    134e:	20 f0       	brcs	.+8      	; 0x1358 <__addsf3+0x18>
    1350:	31 f4       	brne	.+12     	; 0x135e <__addsf3+0x1e>
    1352:	9f 3f       	cpi	r25, 0xFF	; 255
    1354:	11 f4       	brne	.+4      	; 0x135a <__addsf3+0x1a>
    1356:	1e f4       	brtc	.+6      	; 0x135e <__addsf3+0x1e>
    1358:	ed cd       	rjmp	.-1062   	; 0xf34 <__fp_nan>
    135a:	0e f4       	brtc	.+2      	; 0x135e <__addsf3+0x1e>
    135c:	e0 95       	com	r30
    135e:	e7 fb       	bst	r30, 7
    1360:	e3 cd       	rjmp	.-1082   	; 0xf28 <__fp_inf>

00001362 <__addsf3x>:
    1362:	e9 2f       	mov	r30, r25
    1364:	09 de       	rcall	.-1006   	; 0xf78 <__fp_split3>
    1366:	80 f3       	brcs	.-32     	; 0x1348 <__addsf3+0x8>
    1368:	ba 17       	cp	r27, r26
    136a:	62 07       	cpc	r22, r18
    136c:	73 07       	cpc	r23, r19
    136e:	84 07       	cpc	r24, r20
    1370:	95 07       	cpc	r25, r21
    1372:	18 f0       	brcs	.+6      	; 0x137a <__addsf3x+0x18>
    1374:	71 f4       	brne	.+28     	; 0x1392 <__addsf3x+0x30>
    1376:	9e f5       	brtc	.+102    	; 0x13de <__addsf3x+0x7c>
    1378:	21 ce       	rjmp	.-958    	; 0xfbc <__fp_zero>
    137a:	0e f4       	brtc	.+2      	; 0x137e <__addsf3x+0x1c>
    137c:	e0 95       	com	r30
    137e:	0b 2e       	mov	r0, r27
    1380:	ba 2f       	mov	r27, r26
    1382:	a0 2d       	mov	r26, r0
    1384:	0b 01       	movw	r0, r22
    1386:	b9 01       	movw	r22, r18
    1388:	90 01       	movw	r18, r0
    138a:	0c 01       	movw	r0, r24
    138c:	ca 01       	movw	r24, r20
    138e:	a0 01       	movw	r20, r0
    1390:	11 24       	eor	r1, r1
    1392:	ff 27       	eor	r31, r31
    1394:	59 1b       	sub	r21, r25
    1396:	99 f0       	breq	.+38     	; 0x13be <__addsf3x+0x5c>
    1398:	59 3f       	cpi	r21, 0xF9	; 249
    139a:	50 f4       	brcc	.+20     	; 0x13b0 <__addsf3x+0x4e>
    139c:	50 3e       	cpi	r21, 0xE0	; 224
    139e:	68 f1       	brcs	.+90     	; 0x13fa <__addsf3x+0x98>
    13a0:	1a 16       	cp	r1, r26
    13a2:	f0 40       	sbci	r31, 0x00	; 0
    13a4:	a2 2f       	mov	r26, r18
    13a6:	23 2f       	mov	r18, r19
    13a8:	34 2f       	mov	r19, r20
    13aa:	44 27       	eor	r20, r20
    13ac:	58 5f       	subi	r21, 0xF8	; 248
    13ae:	f3 cf       	rjmp	.-26     	; 0x1396 <__addsf3x+0x34>
    13b0:	46 95       	lsr	r20
    13b2:	37 95       	ror	r19
    13b4:	27 95       	ror	r18
    13b6:	a7 95       	ror	r26
    13b8:	f0 40       	sbci	r31, 0x00	; 0
    13ba:	53 95       	inc	r21
    13bc:	c9 f7       	brne	.-14     	; 0x13b0 <__addsf3x+0x4e>
    13be:	7e f4       	brtc	.+30     	; 0x13de <__addsf3x+0x7c>
    13c0:	1f 16       	cp	r1, r31
    13c2:	ba 0b       	sbc	r27, r26
    13c4:	62 0b       	sbc	r22, r18
    13c6:	73 0b       	sbc	r23, r19
    13c8:	84 0b       	sbc	r24, r20
    13ca:	ba f0       	brmi	.+46     	; 0x13fa <__addsf3x+0x98>
    13cc:	91 50       	subi	r25, 0x01	; 1
    13ce:	a1 f0       	breq	.+40     	; 0x13f8 <__addsf3x+0x96>
    13d0:	ff 0f       	add	r31, r31
    13d2:	bb 1f       	adc	r27, r27
    13d4:	66 1f       	adc	r22, r22
    13d6:	77 1f       	adc	r23, r23
    13d8:	88 1f       	adc	r24, r24
    13da:	c2 f7       	brpl	.-16     	; 0x13cc <__addsf3x+0x6a>
    13dc:	0e c0       	rjmp	.+28     	; 0x13fa <__addsf3x+0x98>
    13de:	ba 0f       	add	r27, r26
    13e0:	62 1f       	adc	r22, r18
    13e2:	73 1f       	adc	r23, r19
    13e4:	84 1f       	adc	r24, r20
    13e6:	48 f4       	brcc	.+18     	; 0x13fa <__addsf3x+0x98>
    13e8:	87 95       	ror	r24
    13ea:	77 95       	ror	r23
    13ec:	67 95       	ror	r22
    13ee:	b7 95       	ror	r27
    13f0:	f7 95       	ror	r31
    13f2:	9e 3f       	cpi	r25, 0xFE	; 254
    13f4:	08 f0       	brcs	.+2      	; 0x13f8 <__addsf3x+0x96>
    13f6:	b3 cf       	rjmp	.-154    	; 0x135e <__addsf3+0x1e>
    13f8:	93 95       	inc	r25
    13fa:	88 0f       	add	r24, r24
    13fc:	08 f0       	brcs	.+2      	; 0x1400 <__addsf3x+0x9e>
    13fe:	99 27       	eor	r25, r25
    1400:	ee 0f       	add	r30, r30
    1402:	97 95       	ror	r25
    1404:	87 95       	ror	r24
    1406:	08 95       	ret

00001408 <__fp_mpack>:
    1408:	9f 3f       	cpi	r25, 0xFF	; 255
    140a:	31 f0       	breq	.+12     	; 0x1418 <__fp_mpack_finite+0xc>

0000140c <__fp_mpack_finite>:
    140c:	91 50       	subi	r25, 0x01	; 1
    140e:	20 f4       	brcc	.+8      	; 0x1418 <__fp_mpack_finite+0xc>
    1410:	87 95       	ror	r24
    1412:	77 95       	ror	r23
    1414:	67 95       	ror	r22
    1416:	b7 95       	ror	r27
    1418:	88 0f       	add	r24, r24
    141a:	91 1d       	adc	r25, r1
    141c:	96 95       	lsr	r25
    141e:	87 95       	ror	r24
    1420:	97 f9       	bld	r25, 7
    1422:	08 95       	ret

00001424 <_exit>:
    1424:	f8 94       	cli

00001426 <__stop_program>:
    1426:	ff cf       	rjmp	.-2      	; 0x1426 <__stop_program>
